0 verbose cli /Users/huangtianzhu5746/.nvm/versions/node/v24.13.0/bin/node /Users/huangtianzhu5746/.nvm/versions/node/v24.13.0/bin/npm
1 info using npm@11.6.2
2 info using node@v24.13.0
3 silly config load:file:/Users/huangtianzhu5746/.nvm/versions/node/v24.13.0/lib/node_modules/npm/npmrc
4 silly config load:file:/Users/huangtianzhu5746/parametric-earnings/.npmrc
5 silly config load:file:/Users/huangtianzhu5746/.npmrc
6 silly config load:file:/Users/huangtianzhu5746/.nvm/versions/node/v24.13.0/etc/npmrc
7 verbose title npm install
8 verbose argv "install" "--cache" ".npm-cache"
9 verbose logfile logs-max:10 dir:/Users/huangtianzhu5746/parametric-earnings/.npm-cache/_logs/2026-04-30T08_14_44_686Z-
10 verbose logfile /Users/huangtianzhu5746/parametric-earnings/.npm-cache/_logs/2026-04-30T08_14_44_686Z-debug-0.log
11 silly logfile done cleaning log files
12 silly packumentCache heap:4496293888 maxSize:1124073472 maxEntrySize:562036736
13 silly idealTree buildDeps
14 silly fetch manifest next@16.2.4
15 silly packumentCache full:https://registry.npmmirror.com/next cache-miss
16 http fetch GET 200 https://registry.npmmirror.com/npm 161ms
17 http fetch GET 200 https://registry.npmmirror.com/next 241ms (cache miss)
18 silly packumentCache full:https://registry.npmmirror.com/next set size:3285720 disposed:false
19 silly fetch manifest @opentelemetry/api@^1.1.0
20 silly packumentCache full:https://registry.npmmirror.com/@opentelemetry%2fapi cache-miss
21 http fetch GET 200 https://registry.npmmirror.com/@opentelemetry%2fapi 15ms (cache miss)
22 silly packumentCache full:https://registry.npmmirror.com/@opentelemetry%2fapi set size:34895 disposed:false
23 silly fetch manifest @playwright/test@^1.51.1
24 silly packumentCache full:https://registry.npmmirror.com/@playwright%2ftest cache-miss
25 http fetch GET 200 https://registry.npmmirror.com/@playwright%2ftest 75ms (cache miss)
26 silly packumentCache full:https://registry.npmmirror.com/@playwright%2ftest set size:1698778 disposed:false
27 silly fetch manifest babel-plugin-react-compiler@*
28 silly packumentCache full:https://registry.npmmirror.com/babel-plugin-react-compiler cache-miss
29 http fetch GET 200 https://registry.npmmirror.com/babel-plugin-react-compiler 18ms (cache miss)
30 silly packumentCache full:https://registry.npmmirror.com/babel-plugin-react-compiler set size:169002 disposed:false
31 silly fetch manifest react@19.2.4
32 silly packumentCache full:https://registry.npmmirror.com/react cache-miss
33 http fetch GET 200 https://registry.npmmirror.com/react 49ms (cache miss)
34 silly packumentCache full:https://registry.npmmirror.com/react set size:1208563 disposed:false
35 silly fetch manifest react-dom@19.2.4
36 silly packumentCache full:https://registry.npmmirror.com/react-dom cache-miss
37 http fetch GET 200 https://registry.npmmirror.com/react-dom 144ms (cache miss)
38 silly packumentCache full:https://registry.npmmirror.com/react-dom set size:1378713 disposed:false
39 silly fetch manifest sass@^1.3.0
40 silly packumentCache full:https://registry.npmmirror.com/sass cache-miss
41 http fetch GET 200 https://registry.npmmirror.com/sass 18ms (cache miss)
42 silly packumentCache full:https://registry.npmmirror.com/sass set size:125617 disposed:false
43 silly fetch manifest @tailwindcss/postcss@^4
44 silly packumentCache full:https://registry.npmmirror.com/@tailwindcss%2fpostcss cache-miss
45 http fetch GET 200 https://registry.npmmirror.com/@tailwindcss%2fpostcss 29ms (cache miss)
46 silly packumentCache full:https://registry.npmmirror.com/@tailwindcss%2fpostcss set size:314938 disposed:false
47 silly fetch manifest @types/node@^20
48 silly packumentCache full:https://registry.npmmirror.com/@types%2fnode cache-miss
49 http fetch GET 200 https://registry.npmmirror.com/@types%2fnode 39ms (cache miss)
50 silly packumentCache full:https://registry.npmmirror.com/@types%2fnode set size:1151960 disposed:false
51 silly fetch manifest @types/react@^19
52 silly packumentCache full:https://registry.npmmirror.com/@types%2freact cache-miss
53 http fetch GET 200 https://registry.npmmirror.com/@types%2freact 21ms (cache miss)
54 silly packumentCache full:https://registry.npmmirror.com/@types%2freact set size:331303 disposed:false
55 silly fetch manifest @types/react-dom@^19
56 silly packumentCache full:https://registry.npmmirror.com/@types%2freact-dom cache-miss
57 http fetch GET 200 https://registry.npmmirror.com/@types%2freact-dom 14ms (cache miss)
58 silly packumentCache full:https://registry.npmmirror.com/@types%2freact-dom set size:82926 disposed:false
59 silly fetch manifest eslint@^9
60 silly packumentCache full:https://registry.npmmirror.com/eslint cache-miss
61 http fetch GET 200 https://registry.npmmirror.com/eslint 17ms (cache miss)
62 silly packumentCache full:https://registry.npmmirror.com/eslint set size:223009 disposed:false
63 silly fetch manifest jiti@*
64 silly packumentCache full:https://registry.npmmirror.com/jiti cache-miss
65 http fetch GET 200 https://registry.npmmirror.com/jiti 11ms (cache miss)
66 silly packumentCache full:https://registry.npmmirror.com/jiti set size:60368 disposed:false
67 silly fetch manifest eslint-config-next@16.2.4
68 silly packumentCache full:https://registry.npmmirror.com/eslint-config-next cache-miss
69 http fetch GET 200 https://registry.npmmirror.com/eslint-config-next 53ms (cache miss)
70 silly packumentCache full:https://registry.npmmirror.com/eslint-config-next set size:1195922 disposed:false
71 silly fetch manifest typescript@^5
72 silly packumentCache full:https://registry.npmmirror.com/typescript cache-miss
73 http fetch GET 200 https://registry.npmmirror.com/typescript 76ms (cache miss)
74 silly packumentCache full:https://registry.npmmirror.com/typescript set size:1685991 disposed:false
75 silly fetch manifest tailwindcss@^4
76 silly packumentCache full:https://registry.npmmirror.com/tailwindcss cache-miss
77 http fetch GET 200 https://registry.npmmirror.com/tailwindcss 156ms (cache miss)
78 silly packumentCache full:https://registry.npmmirror.com/tailwindcss set size:1634438 disposed:false
79 silly placeDep ROOT @tailwindcss/postcss@4.2.4 OK for: parametric-earnings@0.1.0 want: ^4
80 silly placeDep ROOT @types/node@20.19.39 OK for: parametric-earnings@0.1.0 want: ^20
81 silly placeDep ROOT @types/react@19.2.14 OK for: parametric-earnings@0.1.0 want: ^19
82 silly placeDep ROOT @types/react-dom@19.2.3 OK for: parametric-earnings@0.1.0 want: ^19
83 silly placeDep ROOT eslint@9.39.4 OK for: parametric-earnings@0.1.0 want: ^9
84 silly placeDep ROOT eslint-config-next@16.2.4 OK for: parametric-earnings@0.1.0 want: 16.2.4
85 silly placeDep ROOT next@16.2.4 OK for: parametric-earnings@0.1.0 want: 16.2.4
86 silly placeDep ROOT react@19.2.4 OK for: next@16.2.4 want: ^18.2.0 || 19.0.0-rc-de68d2f4-20241204 || ^19.0.0
87 silly placeDep ROOT react-dom@19.2.4 OK for: next@16.2.4 want: ^18.2.0 || 19.0.0-rc-de68d2f4-20241204 || ^19.0.0
88 silly placeDep ROOT tailwindcss@4.2.4 OK for: parametric-earnings@0.1.0 want: ^4
89 silly placeDep ROOT typescript@5.9.3 OK for: parametric-earnings@0.1.0 want: ^5
90 silly fetch manifest @alloc/quick-lru@^5.2.0
91 silly packumentCache full:https://registry.npmmirror.com/@alloc%2fquick-lru cache-miss
92 silly fetch manifest postcss@^8.5.6
93 silly packumentCache full:https://registry.npmmirror.com/postcss cache-miss
94 silly fetch manifest @tailwindcss/oxide@4.2.4
95 silly packumentCache full:https://registry.npmmirror.com/@tailwindcss%2foxide cache-miss
96 silly fetch manifest tailwindcss@4.2.4
97 silly packumentCache full:https://registry.npmmirror.com/tailwindcss cache-miss
98 silly fetch manifest @tailwindcss/node@4.2.4
99 silly packumentCache full:https://registry.npmmirror.com/@tailwindcss%2fnode cache-miss
100 silly fetch manifest undici-types@~6.21.0
101 silly packumentCache full:https://registry.npmmirror.com/undici-types cache-miss
102 silly fetch manifest csstype@^3.2.2
103 silly packumentCache full:https://registry.npmmirror.com/csstype cache-miss
104 silly fetch manifest @eslint-community/eslint-utils@^4.8.0
105 silly packumentCache full:https://registry.npmmirror.com/@eslint-community%2feslint-utils cache-miss
106 silly fetch manifest @eslint-community/regexpp@^4.12.1
107 silly packumentCache full:https://registry.npmmirror.com/@eslint-community%2fregexpp cache-miss
108 http cache https://registry.npmmirror.com/tailwindcss 16ms (cache hit)
109 silly packumentCache full:https://registry.npmmirror.com/tailwindcss set size:10404067 disposed:false
110 silly fetch manifest @eslint/config-array@^0.21.2
111 silly packumentCache full:https://registry.npmmirror.com/@eslint%2fconfig-array cache-miss
112 http fetch GET 200 https://registry.npmmirror.com/@alloc%2fquick-lru 37ms (cache miss)
113 silly packumentCache full:https://registry.npmmirror.com/@alloc%2fquick-lru set size:2827 disposed:false
114 silly fetch manifest @eslint/config-helpers@^0.4.2
115 silly packumentCache full:https://registry.npmmirror.com/@eslint%2fconfig-helpers cache-miss
116 http fetch GET 200 https://registry.npmmirror.com/postcss 37ms (cache miss)
117 silly packumentCache full:https://registry.npmmirror.com/postcss set size:96819 disposed:false
118 silly fetch manifest @eslint/core@^0.17.0
119 silly packumentCache full:https://registry.npmmirror.com/@eslint%2fcore cache-miss
120 http fetch GET 200 https://registry.npmmirror.com/@eslint%2fconfig-helpers 10ms (cache miss)
121 silly packumentCache full:https://registry.npmmirror.com/@eslint%2fconfig-helpers set size:9183 disposed:false
122 silly fetch manifest @eslint/eslintrc@^3.3.5
123 silly packumentCache full:https://registry.npmmirror.com/@eslint%2feslintrc cache-miss
124 http fetch GET 200 https://registry.npmmirror.com/@eslint%2fconfig-array 14ms (cache miss)
125 silly packumentCache full:https://registry.npmmirror.com/@eslint%2fconfig-array set size:16050 disposed:false
126 silly fetch manifest @eslint/js@9.39.4
127 silly packumentCache full:https://registry.npmmirror.com/@eslint%2fjs cache-miss
128 http fetch GET 200 https://registry.npmmirror.com/@eslint-community%2feslint-utils 71ms (cache miss)
129 silly packumentCache full:https://registry.npmmirror.com/@eslint-community%2feslint-utils set size:21363 disposed:false
130 silly fetch manifest @eslint/plugin-kit@^0.4.1
131 silly packumentCache full:https://registry.npmmirror.com/@eslint%2fplugin-kit cache-miss
132 http fetch GET 200 https://registry.npmmirror.com/@eslint-community%2fregexpp 73ms (cache miss)
133 silly packumentCache full:https://registry.npmmirror.com/@eslint-community%2fregexpp set size:20792 disposed:false
134 silly fetch manifest @humanfs/node@^0.16.6
135 silly packumentCache full:https://registry.npmmirror.com/@humanfs%2fnode cache-miss
136 http fetch GET 200 https://registry.npmmirror.com/undici-types 75ms (cache miss)
137 silly packumentCache full:https://registry.npmmirror.com/undici-types set size:39652 disposed:false
138 silly fetch manifest @humanwhocodes/module-importer@^1.0.1
139 silly packumentCache full:https://registry.npmmirror.com/@humanwhocodes%2fmodule-importer cache-miss
140 http fetch GET 200 https://registry.npmmirror.com/csstype 84ms (cache miss)
141 silly packumentCache full:https://registry.npmmirror.com/csstype set size:41498 disposed:false
142 silly fetch manifest @humanwhocodes/retry@^0.4.2
143 silly packumentCache full:https://registry.npmmirror.com/@humanwhocodes%2fretry cache-miss
144 http fetch GET 200 https://registry.npmmirror.com/@eslint%2feslintrc 40ms (cache miss)
145 silly packumentCache full:https://registry.npmmirror.com/@eslint%2feslintrc set size:31510 disposed:false
146 silly fetch manifest @types/estree@^1.0.6
147 silly packumentCache full:https://registry.npmmirror.com/@types%2festree cache-miss
148 http fetch GET 200 https://registry.npmmirror.com/@eslint%2fjs 41ms (cache miss)
149 silly packumentCache full:https://registry.npmmirror.com/@eslint%2fjs set size:35656 disposed:false
150 silly fetch manifest ajv@^6.14.0
151 silly packumentCache full:https://registry.npmmirror.com/ajv cache-miss
152 http fetch GET 200 https://registry.npmmirror.com/@eslint%2fcore 52ms (cache miss)
153 silly packumentCache full:https://registry.npmmirror.com/@eslint%2fcore set size:12267 disposed:false
154 silly fetch manifest chalk@^4.0.0
155 silly packumentCache full:https://registry.npmmirror.com/chalk cache-miss
156 http fetch GET 200 https://registry.npmmirror.com/@eslint%2fplugin-kit 19ms (cache miss)
157 silly packumentCache full:https://registry.npmmirror.com/@eslint%2fplugin-kit set size:14928 disposed:false
158 silly fetch manifest cross-spawn@^7.0.6
159 silly packumentCache full:https://registry.npmmirror.com/cross-spawn cache-miss
160 http fetch GET 200 https://registry.npmmirror.com/@humanfs%2fnode 19ms (cache miss)
161 silly packumentCache full:https://registry.npmmirror.com/@humanfs%2fnode set size:9106 disposed:false
162 silly fetch manifest debug@^4.3.2
163 silly packumentCache full:https://registry.npmmirror.com/debug cache-miss
164 http fetch GET 200 https://registry.npmmirror.com/@humanwhocodes%2fretry 13ms (cache miss)
165 silly packumentCache full:https://registry.npmmirror.com/@humanwhocodes%2fretry set size:8711 disposed:false
166 silly fetch manifest escape-string-regexp@^4.0.0
167 silly packumentCache full:https://registry.npmmirror.com/escape-string-regexp cache-miss
168 http fetch GET 200 https://registry.npmmirror.com/ajv 15ms (cache miss)
169 silly packumentCache full:https://registry.npmmirror.com/ajv set size:129790 disposed:false
170 silly fetch manifest eslint-scope@^8.4.0
171 silly packumentCache full:https://registry.npmmirror.com/eslint-scope cache-miss
172 http fetch GET 200 https://registry.npmmirror.com/@types%2festree 23ms (cache miss)
173 silly packumentCache full:https://registry.npmmirror.com/@types%2festree set size:16110 disposed:false
174 silly fetch manifest eslint-visitor-keys@^4.2.1
175 silly packumentCache full:https://registry.npmmirror.com/eslint-visitor-keys cache-miss
176 http fetch GET 200 https://registry.npmmirror.com/escape-string-regexp 26ms (cache miss)
177 silly packumentCache full:https://registry.npmmirror.com/escape-string-regexp set size:4070 disposed:false
178 silly fetch manifest espree@^10.4.0
179 silly packumentCache full:https://registry.npmmirror.com/espree cache-miss
180 http fetch GET 200 https://registry.npmmirror.com/@humanwhocodes%2fmodule-importer 49ms (cache miss)
181 silly packumentCache full:https://registry.npmmirror.com/@humanwhocodes%2fmodule-importer set size:4138 disposed:false
182 silly fetch manifest esquery@^1.5.0
183 silly packumentCache full:https://registry.npmmirror.com/esquery cache-miss
184 http fetch GET 200 https://registry.npmmirror.com/cross-spawn 34ms (cache miss)
185 silly packumentCache full:https://registry.npmmirror.com/cross-spawn set size:19398 disposed:false
186 silly fetch manifest esutils@^2.0.2
187 silly packumentCache full:https://registry.npmmirror.com/esutils cache-miss
188 http fetch GET 200 https://registry.npmmirror.com/chalk 36ms (cache miss)
189 silly packumentCache full:https://registry.npmmirror.com/chalk set size:24910 disposed:false
190 silly fetch manifest fast-deep-equal@^3.1.3
191 silly packumentCache full:https://registry.npmmirror.com/fast-deep-equal cache-miss
192 http fetch GET 200 https://registry.npmmirror.com/debug 37ms (cache miss)
193 silly packumentCache full:https://registry.npmmirror.com/debug set size:32036 disposed:false
194 silly fetch manifest file-entry-cache@^8.0.0
195 silly packumentCache full:https://registry.npmmirror.com/file-entry-cache cache-miss
196 http fetch GET 200 https://registry.npmmirror.com/eslint-visitor-keys 21ms (cache miss)
197 silly packumentCache full:https://registry.npmmirror.com/eslint-visitor-keys set size:14040 disposed:false
198 silly fetch manifest find-up@^5.0.0
199 silly packumentCache full:https://registry.npmmirror.com/find-up cache-miss
200 http fetch GET 200 https://registry.npmmirror.com/eslint-scope 25ms (cache miss)
201 silly packumentCache full:https://registry.npmmirror.com/eslint-scope set size:20122 disposed:false
202 silly fetch manifest glob-parent@^6.0.2
203 silly packumentCache full:https://registry.npmmirror.com/glob-parent cache-miss
204 http fetch GET 200 https://registry.npmmirror.com/@tailwindcss%2fnode 133ms (cache miss)
205 silly packumentCache full:https://registry.npmmirror.com/@tailwindcss%2fnode set size:289076 disposed:false
206 silly fetch manifest ignore@^5.2.0
207 silly packumentCache full:https://registry.npmmirror.com/ignore cache-miss
208 http fetch GET 200 https://registry.npmmirror.com/esutils 12ms (cache miss)
209 silly packumentCache full:https://registry.npmmirror.com/esutils set size:6036 disposed:false
210 silly fetch manifest imurmurhash@^0.1.4
211 silly packumentCache full:https://registry.npmmirror.com/imurmurhash cache-miss
212 http fetch GET 200 https://registry.npmmirror.com/esquery 14ms (cache miss)
213 silly packumentCache full:https://registry.npmmirror.com/esquery set size:9091 disposed:false
214 silly fetch manifest is-glob@^4.0.0
215 silly packumentCache full:https://registry.npmmirror.com/is-glob cache-miss
216 http fetch GET 200 https://registry.npmmirror.com/espree 18ms (cache miss)
217 silly packumentCache full:https://registry.npmmirror.com/espree set size:49388 disposed:false
218 silly fetch manifest json-stable-stringify-without-jsonify@^1.0.1
219 silly packumentCache full:https://registry.npmmirror.com/json-stable-stringify-without-jsonify cache-miss
220 http fetch GET 200 https://registry.npmmirror.com/glob-parent 12ms (cache miss)
221 silly packumentCache full:https://registry.npmmirror.com/glob-parent set size:7508 disposed:false
222 silly fetch manifest lodash.merge@^4.6.2
223 silly packumentCache full:https://registry.npmmirror.com/lodash.merge cache-miss
224 http fetch GET 200 https://registry.npmmirror.com/find-up 14ms (cache miss)
225 silly packumentCache full:https://registry.npmmirror.com/find-up set size:8955 disposed:false
226 silly fetch manifest minimatch@^3.1.5
227 silly packumentCache full:https://registry.npmmirror.com/minimatch cache-miss
228 http fetch GET 200 https://registry.npmmirror.com/fast-deep-equal 17ms (cache miss)
229 silly packumentCache full:https://registry.npmmirror.com/fast-deep-equal set size:6487 disposed:false
230 silly fetch manifest natural-compare@^1.4.0
231 silly packumentCache full:https://registry.npmmirror.com/natural-compare cache-miss
232 http fetch GET 200 https://registry.npmmirror.com/file-entry-cache 16ms (cache miss)
233 silly packumentCache full:https://registry.npmmirror.com/file-entry-cache set size:28953 disposed:false
234 silly fetch manifest optionator@^0.9.3
235 silly packumentCache full:https://registry.npmmirror.com/optionator cache-miss
236 http fetch GET 200 https://registry.npmmirror.com/@tailwindcss%2foxide 149ms (cache miss)
237 silly packumentCache full:https://registry.npmmirror.com/@tailwindcss%2foxide set size:644742 disposed:false
238 silly fetch manifest @next/eslint-plugin-next@16.2.4
239 silly packumentCache full:https://registry.npmmirror.com/@next%2feslint-plugin-next cache-miss
240 http fetch GET 200 https://registry.npmmirror.com/natural-compare 15ms (cache miss)
241 silly packumentCache full:https://registry.npmmirror.com/natural-compare set size:3164 disposed:false
242 silly fetch manifest eslint-import-resolver-node@^0.3.6
243 silly packumentCache full:https://registry.npmmirror.com/eslint-import-resolver-node cache-miss
244 http fetch GET 200 https://registry.npmmirror.com/json-stable-stringify-without-jsonify 18ms (cache miss)
245 silly packumentCache full:https://registry.npmmirror.com/json-stable-stringify-without-jsonify set size:2302 disposed:false
246 silly fetch manifest eslint-import-resolver-typescript@^3.5.2
247 silly packumentCache full:https://registry.npmmirror.com/eslint-import-resolver-typescript cache-miss
248 http fetch GET 200 https://registry.npmmirror.com/optionator 15ms (cache miss)
249 silly packumentCache full:https://registry.npmmirror.com/optionator set size:12261 disposed:false
250 silly fetch manifest eslint-plugin-import@^2.32.0
251 silly packumentCache full:https://registry.npmmirror.com/eslint-plugin-import cache-miss
252 http fetch GET 200 https://registry.npmmirror.com/imurmurhash 23ms (cache miss)
253 silly packumentCache full:https://registry.npmmirror.com/imurmurhash set size:3727 disposed:false
254 silly fetch manifest eslint-plugin-jsx-a11y@^6.10.0
255 silly packumentCache full:https://registry.npmmirror.com/eslint-plugin-jsx-a11y cache-miss
256 http fetch GET 200 https://registry.npmmirror.com/lodash.merge 18ms (cache miss)
257 silly packumentCache full:https://registry.npmmirror.com/lodash.merge set size:10640 disposed:false
258 silly fetch manifest eslint-plugin-react@^7.37.0
259 silly packumentCache full:https://registry.npmmirror.com/eslint-plugin-react cache-miss
260 http fetch GET 200 https://registry.npmmirror.com/is-glob 24ms (cache miss)
261 silly packumentCache full:https://registry.npmmirror.com/is-glob set size:7964 disposed:false
262 silly fetch manifest eslint-plugin-react-hooks@^7.0.0
263 silly packumentCache full:https://registry.npmmirror.com/eslint-plugin-react-hooks cache-miss
264 http fetch GET 200 https://registry.npmmirror.com/ignore 28ms (cache miss)
265 silly packumentCache full:https://registry.npmmirror.com/ignore set size:40742 disposed:false
266 silly fetch manifest globals@16.4.0
267 silly packumentCache full:https://registry.npmmirror.com/globals cache-miss
268 http fetch GET 200 https://registry.npmmirror.com/minimatch 21ms (cache miss)
269 silly packumentCache full:https://registry.npmmirror.com/minimatch set size:97383 disposed:false
270 silly fetch manifest typescript-eslint@^8.46.0
271 silly packumentCache full:https://registry.npmmirror.com/typescript-eslint cache-miss
272 http fetch GET 200 https://registry.npmmirror.com/eslint-import-resolver-node 12ms (cache miss)
273 silly packumentCache full:https://registry.npmmirror.com/eslint-import-resolver-node set size:7509 disposed:false
274 silly fetch manifest @next/env@16.2.4
275 silly packumentCache full:https://registry.npmmirror.com/@next%2fenv cache-miss
276 http fetch GET 200 https://registry.npmmirror.com/eslint-plugin-jsx-a11y 25ms (cache miss)
277 silly packumentCache full:https://registry.npmmirror.com/eslint-plugin-jsx-a11y set size:43045 disposed:false
278 silly fetch manifest @swc/helpers@0.5.15
279 silly packumentCache full:https://registry.npmmirror.com/@swc%2fhelpers cache-miss
280 http fetch GET 200 https://registry.npmmirror.com/eslint-import-resolver-typescript 28ms (cache miss)
281 silly packumentCache full:https://registry.npmmirror.com/eslint-import-resolver-typescript set size:61592 disposed:false
282 silly fetch manifest baseline-browser-mapping@^2.9.19
283 silly packumentCache full:https://registry.npmmirror.com/baseline-browser-mapping cache-miss
284 http fetch GET 200 https://registry.npmmirror.com/eslint-plugin-react 30ms (cache miss)
285 silly packumentCache full:https://registry.npmmirror.com/eslint-plugin-react set size:95329 disposed:false
286 silly fetch manifest caniuse-lite@^1.0.30001579
287 silly packumentCache full:https://registry.npmmirror.com/caniuse-lite cache-miss
288 http fetch GET 200 https://registry.npmmirror.com/eslint-plugin-import 35ms (cache miss)
289 silly packumentCache full:https://registry.npmmirror.com/eslint-plugin-import set size:66597 disposed:false
290 silly fetch manifest postcss@8.4.31
291 silly packumentCache full:https://registry.npmmirror.com/postcss cache-hit
292 silly fetch manifest styled-jsx@5.1.6
293 silly packumentCache full:https://registry.npmmirror.com/styled-jsx cache-miss
294 http fetch GET 200 https://registry.npmmirror.com/globals 36ms (cache miss)
295 silly packumentCache full:https://registry.npmmirror.com/globals set size:49159 disposed:false
296 silly fetch manifest sharp@^0.34.5
297 silly packumentCache full:https://registry.npmmirror.com/sharp cache-miss
298 http fetch GET 200 https://registry.npmmirror.com/@next%2feslint-plugin-next 57ms (cache miss)
299 silly packumentCache full:https://registry.npmmirror.com/@next%2feslint-plugin-next set size:1232679 disposed:false
300 silly fetch manifest @next/swc-darwin-arm64@16.2.4
301 silly packumentCache full:https://registry.npmmirror.com/@next%2fswc-darwin-arm64 cache-miss
302 http fetch GET 200 https://registry.npmmirror.com/@swc%2fhelpers 41ms (cache miss)
303 silly packumentCache full:https://registry.npmmirror.com/@swc%2fhelpers set size:106391 disposed:false
304 silly fetch manifest @next/swc-darwin-x64@16.2.4
305 silly packumentCache full:https://registry.npmmirror.com/@next%2fswc-darwin-x64 cache-miss
306 http fetch GET 200 https://registry.npmmirror.com/baseline-browser-mapping 43ms (cache miss)
307 silly packumentCache full:https://registry.npmmirror.com/baseline-browser-mapping set size:64760 disposed:false
308 silly fetch manifest @next/swc-linux-arm64-gnu@16.2.4
309 silly packumentCache full:https://registry.npmmirror.com/@next%2fswc-linux-arm64-gnu cache-miss
310 http fetch GET 200 https://registry.npmmirror.com/styled-jsx 43ms (cache miss)
311 silly packumentCache full:https://registry.npmmirror.com/styled-jsx set size:65585 disposed:false
312 silly fetch manifest @next/swc-linux-arm64-musl@16.2.4
313 silly packumentCache full:https://registry.npmmirror.com/@next%2fswc-linux-arm64-musl cache-miss
314 http fetch GET 200 https://registry.npmmirror.com/caniuse-lite 60ms (cache miss)
315 silly packumentCache full:https://registry.npmmirror.com/caniuse-lite set size:365356 disposed:false
316 silly fetch manifest @next/swc-linux-x64-gnu@16.2.4
317 silly packumentCache full:https://registry.npmmirror.com/@next%2fswc-linux-x64-gnu cache-miss
318 http fetch GET 200 https://registry.npmmirror.com/sharp 58ms (cache miss)
319 silly packumentCache full:https://registry.npmmirror.com/sharp set size:123802 disposed:false
320 silly fetch manifest @next/swc-linux-x64-musl@16.2.4
321 silly packumentCache full:https://registry.npmmirror.com/@next%2fswc-linux-x64-musl cache-miss
322 http fetch GET 200 https://registry.npmmirror.com/typescript-eslint 322ms (cache miss)
323 silly packumentCache full:https://registry.npmmirror.com/typescript-eslint set size:531723 disposed:false
324 silly fetch manifest @next/swc-win32-arm64-msvc@16.2.4
325 silly packumentCache full:https://registry.npmmirror.com/@next%2fswc-win32-arm64-msvc cache-miss
326 http fetch GET 200 https://registry.npmmirror.com/@next%2fenv 336ms (cache miss)
327 silly packumentCache full:https://registry.npmmirror.com/@next%2fenv set size:1231038 disposed:false
328 silly fetch manifest @next/swc-win32-x64-msvc@16.2.4
329 silly packumentCache full:https://registry.npmmirror.com/@next%2fswc-win32-x64-msvc cache-miss
330 http fetch GET 200 https://registry.npmmirror.com/@next%2fswc-darwin-arm64 302ms (cache miss)
331 silly packumentCache full:https://registry.npmmirror.com/@next%2fswc-darwin-arm64 set size:1129253 disposed:false
332 silly fetch manifest scheduler@^0.27.0
333 silly packumentCache full:https://registry.npmmirror.com/scheduler cache-miss
334 http fetch GET 200 https://registry.npmmirror.com/eslint-plugin-react-hooks 386ms (cache miss)
335 silly packumentCache full:https://registry.npmmirror.com/eslint-plugin-react-hooks set size:1193192 disposed:false
336 http fetch GET 200 https://registry.npmmirror.com/@next%2fswc-darwin-x64 337ms (cache miss)
337 silly packumentCache full:https://registry.npmmirror.com/@next%2fswc-darwin-x64 set size:1123775 disposed:false
338 http fetch GET 200 https://registry.npmmirror.com/@next%2fswc-linux-arm64-musl 350ms (cache miss)
339 silly packumentCache full:https://registry.npmmirror.com/@next%2fswc-linux-arm64-musl set size:1102229 disposed:false
340 http fetch GET 200 https://registry.npmmirror.com/@next%2fswc-linux-arm64-gnu 374ms (cache miss)
341 silly packumentCache full:https://registry.npmmirror.com/@next%2fswc-linux-arm64-gnu set size:1102546 disposed:false
342 http fetch GET 200 https://registry.npmmirror.com/@next%2fswc-linux-x64-musl 361ms (cache miss)
343 silly packumentCache full:https://registry.npmmirror.com/@next%2fswc-linux-x64-musl set size:1097699 disposed:false
344 http fetch GET 200 https://registry.npmmirror.com/@next%2fswc-linux-x64-gnu 379ms (cache miss)
345 silly packumentCache full:https://registry.npmmirror.com/@next%2fswc-linux-x64-gnu set size:1130464 disposed:false
346 http fetch GET 200 https://registry.npmmirror.com/@next%2fswc-win32-arm64-msvc 182ms (cache miss)
347 silly packumentCache full:https://registry.npmmirror.com/@next%2fswc-win32-arm64-msvc set size:1103119 disposed:false
348 http fetch GET 200 https://registry.npmmirror.com/scheduler 165ms (cache miss)
349 silly packumentCache full:https://registry.npmmirror.com/scheduler set size:1129846 disposed:false
350 http fetch GET 200 https://registry.npmmirror.com/@next%2fswc-win32-x64-msvc 315ms (cache miss)
351 silly packumentCache full:https://registry.npmmirror.com/@next%2fswc-win32-x64-msvc set size:1125542 disposed:false
352 silly placeDep ROOT @alloc/quick-lru@5.2.0 OK for: @tailwindcss/postcss@4.2.4 want: ^5.2.0
353 silly placeDep ROOT @tailwindcss/node@4.2.4 OK for: @tailwindcss/postcss@4.2.4 want: 4.2.4
354 silly placeDep ROOT @tailwindcss/oxide@4.2.4 OK for: @tailwindcss/postcss@4.2.4 want: 4.2.4
355 silly placeDep ROOT postcss@8.5.12 OK for: @tailwindcss/postcss@4.2.4 want: ^8.5.6
356 silly fetch manifest @jridgewell/remapping@^2.3.5
357 silly packumentCache full:https://registry.npmmirror.com/@jridgewell%2fremapping cache-miss
358 silly fetch manifest enhanced-resolve@^5.19.0
359 silly packumentCache full:https://registry.npmmirror.com/enhanced-resolve cache-miss
360 silly fetch manifest jiti@^2.6.1
361 silly packumentCache full:https://registry.npmmirror.com/jiti cache-hit
362 silly fetch manifest lightningcss@1.32.0
363 silly packumentCache full:https://registry.npmmirror.com/lightningcss cache-miss
364 silly fetch manifest magic-string@^0.30.21
365 silly packumentCache full:https://registry.npmmirror.com/magic-string cache-miss
366 silly fetch manifest source-map-js@^1.2.1
367 silly packumentCache full:https://registry.npmmirror.com/source-map-js cache-miss
368 silly fetch manifest @tailwindcss/oxide-android-arm64@4.2.4
369 silly packumentCache full:https://registry.npmmirror.com/@tailwindcss%2foxide-android-arm64 cache-miss
370 silly fetch manifest @tailwindcss/oxide-darwin-arm64@4.2.4
371 silly packumentCache full:https://registry.npmmirror.com/@tailwindcss%2foxide-darwin-arm64 cache-miss
372 silly fetch manifest @tailwindcss/oxide-darwin-x64@4.2.4
373 silly packumentCache full:https://registry.npmmirror.com/@tailwindcss%2foxide-darwin-x64 cache-miss
374 silly fetch manifest @tailwindcss/oxide-freebsd-x64@4.2.4
375 silly packumentCache full:https://registry.npmmirror.com/@tailwindcss%2foxide-freebsd-x64 cache-miss
376 http fetch GET 200 https://registry.npmmirror.com/@jridgewell%2fremapping 13ms (cache miss)
377 silly packumentCache full:https://registry.npmmirror.com/@jridgewell%2fremapping set size:6023 disposed:false
378 silly fetch manifest @tailwindcss/oxide-linux-arm64-gnu@4.2.4
379 silly packumentCache full:https://registry.npmmirror.com/@tailwindcss%2foxide-linux-arm64-gnu cache-miss
380 http fetch GET 200 https://registry.npmmirror.com/source-map-js 23ms (cache miss)
381 silly packumentCache full:https://registry.npmmirror.com/source-map-js set size:14399 disposed:false
382 silly fetch manifest @tailwindcss/oxide-linux-arm-gnueabihf@4.2.4
383 silly packumentCache full:https://registry.npmmirror.com/@tailwindcss%2foxide-linux-arm-gnueabihf cache-miss
384 http fetch GET 200 https://registry.npmmirror.com/lightningcss 147ms (cache miss)
385 silly packumentCache full:https://registry.npmmirror.com/lightningcss set size:32241 disposed:false
386 silly fetch manifest @tailwindcss/oxide-linux-arm64-musl@4.2.4
387 silly packumentCache full:https://registry.npmmirror.com/@tailwindcss%2foxide-linux-arm64-musl cache-miss
388 http fetch GET 200 https://registry.npmmirror.com/magic-string 149ms (cache miss)
389 silly packumentCache full:https://registry.npmmirror.com/magic-string set size:56351 disposed:false
390 silly fetch manifest @tailwindcss/oxide-linux-x64-musl@4.2.4
391 silly packumentCache full:https://registry.npmmirror.com/@tailwindcss%2foxide-linux-x64-musl cache-miss
392 http fetch GET 200 https://registry.npmmirror.com/enhanced-resolve 154ms (cache miss)
393 silly packumentCache full:https://registry.npmmirror.com/enhanced-resolve set size:64474 disposed:false
394 silly fetch manifest @tailwindcss/oxide-linux-x64-gnu@4.2.4
395 silly packumentCache full:https://registry.npmmirror.com/@tailwindcss%2foxide-linux-x64-gnu cache-miss
396 http fetch GET 200 https://registry.npmmirror.com/@tailwindcss%2foxide-android-arm64 161ms (cache miss)
397 silly packumentCache full:https://registry.npmmirror.com/@tailwindcss%2foxide-android-arm64 set size:288395 disposed:false
398 silly fetch manifest @tailwindcss/oxide-win32-x64-msvc@4.2.4
399 silly packumentCache full:https://registry.npmmirror.com/@tailwindcss%2foxide-win32-x64-msvc cache-miss
400 http fetch GET 200 https://registry.npmmirror.com/@tailwindcss%2foxide-darwin-x64 175ms (cache miss)
401 silly packumentCache full:https://registry.npmmirror.com/@tailwindcss%2foxide-darwin-x64 set size:530194 disposed:false
402 silly fetch manifest @tailwindcss/oxide-win32-arm64-msvc@4.2.4
403 silly packumentCache full:https://registry.npmmirror.com/@tailwindcss%2foxide-win32-arm64-msvc cache-miss
404 http fetch GET 200 https://registry.npmmirror.com/@tailwindcss%2foxide-linux-arm-gnueabihf 210ms (cache miss)
405 silly packumentCache full:https://registry.npmmirror.com/@tailwindcss%2foxide-linux-arm-gnueabihf set size:530012 disposed:false
406 silly fetch manifest @tailwindcss/oxide-wasm32-wasi@4.2.4
407 silly packumentCache full:https://registry.npmmirror.com/@tailwindcss%2foxide-wasm32-wasi cache-miss
408 http fetch GET 200 https://registry.npmmirror.com/@tailwindcss%2foxide-darwin-arm64 247ms (cache miss)
409 silly packumentCache full:https://registry.npmmirror.com/@tailwindcss%2foxide-darwin-arm64 set size:532444 disposed:false
410 silly fetch manifest nanoid@^3.3.11
411 silly packumentCache full:https://registry.npmmirror.com/nanoid cache-miss
412 http fetch GET 200 https://registry.npmmirror.com/@tailwindcss%2foxide-win32-arm64-msvc 115ms (cache miss)
413 silly packumentCache full:https://registry.npmmirror.com/@tailwindcss%2foxide-win32-arm64-msvc set size:286984 disposed:false
414 silly fetch manifest picocolors@^1.1.1
415 silly packumentCache full:https://registry.npmmirror.com/picocolors cache-miss
416 http fetch GET 200 https://registry.npmmirror.com/picocolors 37ms (cache miss)
417 silly packumentCache full:https://registry.npmmirror.com/picocolors set size:4040 disposed:false
418 http fetch GET 200 https://registry.npmmirror.com/@tailwindcss%2foxide-linux-x64-musl 185ms (cache miss)
419 silly packumentCache full:https://registry.npmmirror.com/@tailwindcss%2foxide-linux-x64-musl set size:529492 disposed:false
420 http fetch GET 200 https://registry.npmmirror.com/@tailwindcss%2foxide-win32-x64-msvc 176ms (cache miss)
421 silly packumentCache full:https://registry.npmmirror.com/@tailwindcss%2foxide-win32-x64-msvc set size:530259 disposed:false
422 http fetch GET 200 https://registry.npmmirror.com/@tailwindcss%2foxide-linux-x64-gnu 190ms (cache miss)
423 silly packumentCache full:https://registry.npmmirror.com/@tailwindcss%2foxide-linux-x64-gnu set size:528350 disposed:false
424 http fetch GET 200 https://registry.npmmirror.com/nanoid 98ms (cache miss)
425 silly packumentCache full:https://registry.npmmirror.com/nanoid set size:46618 disposed:false
426 http fetch GET 200 https://registry.npmmirror.com/@tailwindcss%2foxide-linux-arm64-gnu 339ms (cache miss)
427 silly packumentCache full:https://registry.npmmirror.com/@tailwindcss%2foxide-linux-arm64-gnu set size:531419 disposed:false
428 http fetch GET 200 https://registry.npmmirror.com/@tailwindcss%2foxide-linux-arm64-musl 216ms (cache miss)
429 silly packumentCache full:https://registry.npmmirror.com/@tailwindcss%2foxide-linux-arm64-musl set size:530352 disposed:false
430 http fetch GET 200 https://registry.npmmirror.com/@tailwindcss%2foxide-freebsd-x64 369ms (cache miss)
431 silly packumentCache full:https://registry.npmmirror.com/@tailwindcss%2foxide-freebsd-x64 set size:529702 disposed:false
432 http fetch GET 200 https://registry.npmmirror.com/@tailwindcss%2foxide-wasm32-wasi 134ms (cache miss)
433 silly packumentCache full:https://registry.npmmirror.com/@tailwindcss%2foxide-wasm32-wasi set size:176507 disposed:false
434 silly placeDep ROOT @jridgewell/remapping@2.3.5 OK for: @tailwindcss/node@4.2.4 want: ^2.3.5
435 silly placeDep ROOT enhanced-resolve@5.21.0 OK for: @tailwindcss/node@4.2.4 want: ^5.19.0
436 silly placeDep ROOT jiti@2.6.1 OK for: @tailwindcss/node@4.2.4 want: ^2.6.1
437 silly placeDep ROOT lightningcss@1.32.0 OK for: @tailwindcss/node@4.2.4 want: 1.32.0
438 silly placeDep ROOT magic-string@0.30.21 OK for: @tailwindcss/node@4.2.4 want: ^0.30.21
439 silly placeDep ROOT source-map-js@1.2.1 OK for: @tailwindcss/node@4.2.4 want: ^1.2.1
440 silly fetch manifest @jridgewell/gen-mapping@^0.3.5
441 silly packumentCache full:https://registry.npmmirror.com/@jridgewell%2fgen-mapping cache-miss
442 silly fetch manifest @jridgewell/trace-mapping@^0.3.24
443 silly packumentCache full:https://registry.npmmirror.com/@jridgewell%2ftrace-mapping cache-miss
444 silly fetch manifest graceful-fs@^4.2.4
445 silly packumentCache full:https://registry.npmmirror.com/graceful-fs cache-miss
446 silly fetch manifest tapable@^2.3.3
447 silly packumentCache full:https://registry.npmmirror.com/tapable cache-miss
448 silly fetch manifest detect-libc@^2.0.3
449 silly packumentCache full:https://registry.npmmirror.com/detect-libc cache-miss
450 silly fetch manifest lightningcss-darwin-x64@1.32.0
451 silly packumentCache full:https://registry.npmmirror.com/lightningcss-darwin-x64 cache-miss
452 silly fetch manifest lightningcss-linux-x64-gnu@1.32.0
453 silly packumentCache full:https://registry.npmmirror.com/lightningcss-linux-x64-gnu cache-miss
454 silly fetch manifest lightningcss-win32-x64-msvc@1.32.0
455 silly packumentCache full:https://registry.npmmirror.com/lightningcss-win32-x64-msvc cache-miss
456 silly fetch manifest lightningcss-win32-arm64-msvc@1.32.0
457 silly packumentCache full:https://registry.npmmirror.com/lightningcss-win32-arm64-msvc cache-miss
458 http fetch GET 200 https://registry.npmmirror.com/@jridgewell%2fgen-mapping 14ms (cache miss)
459 silly packumentCache full:https://registry.npmmirror.com/@jridgewell%2fgen-mapping set size:17889 disposed:false
460 silly fetch manifest lightningcss-darwin-arm64@1.32.0
461 silly packumentCache full:https://registry.npmmirror.com/lightningcss-darwin-arm64 cache-miss
462 http fetch GET 200 https://registry.npmmirror.com/detect-libc 15ms (cache miss)
463 silly packumentCache full:https://registry.npmmirror.com/detect-libc set size:10958 disposed:false
464 silly fetch manifest lightningcss-linux-arm64-gnu@1.32.0
465 silly packumentCache full:https://registry.npmmirror.com/lightningcss-linux-arm64-gnu cache-miss
466 http fetch GET 200 https://registry.npmmirror.com/graceful-fs 16ms (cache miss)
467 silly packumentCache full:https://registry.npmmirror.com/graceful-fs set size:23015 disposed:false
468 silly fetch manifest lightningcss-linux-arm-gnueabihf@1.32.0
469 silly packumentCache full:https://registry.npmmirror.com/lightningcss-linux-arm-gnueabihf cache-miss
470 http fetch GET 200 https://registry.npmmirror.com/lightningcss-linux-x64-gnu 17ms (cache miss)
471 silly packumentCache full:https://registry.npmmirror.com/lightningcss-linux-x64-gnu set size:21099 disposed:false
472 silly fetch manifest lightningcss-linux-arm64-musl@1.32.0
473 silly packumentCache full:https://registry.npmmirror.com/lightningcss-linux-arm64-musl cache-miss
474 http fetch GET 200 https://registry.npmmirror.com/lightningcss-darwin-x64 18ms (cache miss)
475 silly packumentCache full:https://registry.npmmirror.com/lightningcss-darwin-x64 set size:20942 disposed:false
476 silly fetch manifest lightningcss-linux-x64-musl@1.32.0
477 silly packumentCache full:https://registry.npmmirror.com/lightningcss-linux-x64-musl cache-miss
478 http fetch GET 200 https://registry.npmmirror.com/tapable 18ms (cache miss)
479 silly packumentCache full:https://registry.npmmirror.com/tapable set size:28216 disposed:false
480 silly fetch manifest lightningcss-freebsd-x64@1.32.0
481 silly packumentCache full:https://registry.npmmirror.com/lightningcss-freebsd-x64 cache-miss
482 http fetch GET 200 https://registry.npmmirror.com/lightningcss-win32-x64-msvc 19ms (cache miss)
483 silly packumentCache full:https://registry.npmmirror.com/lightningcss-win32-x64-msvc set size:20956 disposed:false
484 silly fetch manifest lightningcss-android-arm64@1.32.0
485 silly packumentCache full:https://registry.npmmirror.com/lightningcss-android-arm64 cache-miss
486 http fetch GET 200 https://registry.npmmirror.com/lightningcss-win32-arm64-msvc 19ms (cache miss)
487 silly packumentCache full:https://registry.npmmirror.com/lightningcss-win32-arm64-msvc set size:5919 disposed:false
488 silly fetch manifest @jridgewell/sourcemap-codec@^1.5.5
489 silly packumentCache full:https://registry.npmmirror.com/@jridgewell%2fsourcemap-codec cache-miss
490 http fetch GET 200 https://registry.npmmirror.com/@jridgewell%2ftrace-mapping 22ms (cache miss)
491 silly packumentCache full:https://registry.npmmirror.com/@jridgewell%2ftrace-mapping set size:40595 disposed:false
492 http fetch GET 200 https://registry.npmmirror.com/lightningcss-darwin-arm64 18ms (cache miss)
493 silly packumentCache full:https://registry.npmmirror.com/lightningcss-darwin-arm64 set size:20826 disposed:false
494 http fetch GET 200 https://registry.npmmirror.com/lightningcss-android-arm64 14ms (cache miss)
495 silly packumentCache full:https://registry.npmmirror.com/lightningcss-android-arm64 set size:2255 disposed:false
496 http fetch GET 200 https://registry.npmmirror.com/lightningcss-freebsd-x64 14ms (cache miss)
497 silly packumentCache full:https://registry.npmmirror.com/lightningcss-freebsd-x64 set size:9383 disposed:false
498 http fetch GET 200 https://registry.npmmirror.com/lightningcss-linux-arm64-musl 17ms (cache miss)
499 silly packumentCache full:https://registry.npmmirror.com/lightningcss-linux-arm64-musl set size:21158 disposed:false
500 http fetch GET 200 https://registry.npmmirror.com/lightningcss-linux-arm-gnueabihf 17ms (cache miss)
501 silly packumentCache full:https://registry.npmmirror.com/lightningcss-linux-arm-gnueabihf set size:21222 disposed:false
502 http fetch GET 200 https://registry.npmmirror.com/lightningcss-linux-arm64-gnu 18ms (cache miss)
503 silly packumentCache full:https://registry.npmmirror.com/lightningcss-linux-arm64-gnu set size:21136 disposed:false
504 http fetch GET 200 https://registry.npmmirror.com/lightningcss-linux-x64-musl 16ms (cache miss)
505 silly packumentCache full:https://registry.npmmirror.com/lightningcss-linux-x64-musl set size:21407 disposed:false
506 http fetch GET 200 https://registry.npmmirror.com/@jridgewell%2fsourcemap-codec 15ms (cache miss)
507 silly packumentCache full:https://registry.npmmirror.com/@jridgewell%2fsourcemap-codec set size:14577 disposed:false
508 silly placeDep ROOT @jridgewell/gen-mapping@0.3.13 OK for: @jridgewell/remapping@2.3.5 want: ^0.3.5
509 silly placeDep ROOT @jridgewell/trace-mapping@0.3.31 OK for: @jridgewell/remapping@2.3.5 want: ^0.3.24
510 silly fetch manifest @jridgewell/sourcemap-codec@^1.5.0
511 silly packumentCache full:https://registry.npmmirror.com/@jridgewell%2fsourcemap-codec cache-hit
512 silly fetch manifest @jridgewell/resolve-uri@^3.1.0
513 silly packumentCache full:https://registry.npmmirror.com/@jridgewell%2fresolve-uri cache-miss
514 silly fetch manifest @jridgewell/sourcemap-codec@^1.4.14
515 silly packumentCache full:https://registry.npmmirror.com/@jridgewell%2fsourcemap-codec cache-hit
516 http fetch GET 200 https://registry.npmmirror.com/@jridgewell%2fresolve-uri 12ms (cache miss)
517 silly packumentCache full:https://registry.npmmirror.com/@jridgewell%2fresolve-uri set size:14497 disposed:false
518 silly placeDep ROOT @jridgewell/sourcemap-codec@1.5.5 OK for: @jridgewell/gen-mapping@0.3.13 want: ^1.5.0
519 silly placeDep ROOT @jridgewell/resolve-uri@3.1.2 OK for: @jridgewell/trace-mapping@0.3.31 want: ^3.1.0
520 silly placeDep ROOT @tailwindcss/oxide-android-arm64@4.2.4 OK for: @tailwindcss/oxide@4.2.4 want: 4.2.4
521 silly placeDep ROOT @tailwindcss/oxide-darwin-arm64@4.2.4 OK for: @tailwindcss/oxide@4.2.4 want: 4.2.4
522 silly placeDep ROOT @tailwindcss/oxide-darwin-x64@4.2.4 OK for: @tailwindcss/oxide@4.2.4 want: 4.2.4
523 silly placeDep ROOT @tailwindcss/oxide-freebsd-x64@4.2.4 OK for: @tailwindcss/oxide@4.2.4 want: 4.2.4
524 silly placeDep ROOT @tailwindcss/oxide-linux-arm-gnueabihf@4.2.4 OK for: @tailwindcss/oxide@4.2.4 want: 4.2.4
525 silly placeDep ROOT @tailwindcss/oxide-linux-arm64-gnu@4.2.4 OK for: @tailwindcss/oxide@4.2.4 want: 4.2.4
526 silly placeDep ROOT @tailwindcss/oxide-linux-arm64-musl@4.2.4 OK for: @tailwindcss/oxide@4.2.4 want: 4.2.4
527 silly placeDep ROOT @tailwindcss/oxide-linux-x64-gnu@4.2.4 OK for: @tailwindcss/oxide@4.2.4 want: 4.2.4
528 silly placeDep ROOT @tailwindcss/oxide-linux-x64-musl@4.2.4 OK for: @tailwindcss/oxide@4.2.4 want: 4.2.4
529 silly placeDep ROOT @tailwindcss/oxide-wasm32-wasi@4.2.4 OK for: @tailwindcss/oxide@4.2.4 want: 4.2.4
530 silly placeDep ROOT @tailwindcss/oxide-win32-arm64-msvc@4.2.4 OK for: @tailwindcss/oxide@4.2.4 want: 4.2.4
531 silly placeDep ROOT @tailwindcss/oxide-win32-x64-msvc@4.2.4 OK for: @tailwindcss/oxide@4.2.4 want: 4.2.4
532 silly placeDep ROOT undici-types@6.21.0 OK for: @types/node@20.19.39 want: ~6.21.0
533 silly placeDep ROOT csstype@3.2.3 OK for: @types/react@19.2.14 want: ^3.2.2
534 silly placeDep ROOT graceful-fs@4.2.11 OK for: enhanced-resolve@5.21.0 want: ^4.2.4
535 silly placeDep ROOT tapable@2.3.3 OK for: enhanced-resolve@5.21.0 want: ^2.3.3
536 silly fetch manifest eslint@^6.0.0 || ^7.0.0 || >=8.0.0
537 silly packumentCache full:https://registry.npmmirror.com/eslint cache-hit
538 silly placeDep ROOT @eslint-community/eslint-utils@4.9.1 OK for: eslint@9.39.4 want: ^4.8.0
539 silly placeDep ROOT @eslint-community/regexpp@4.12.2 OK for: eslint@9.39.4 want: ^4.12.1
540 silly placeDep ROOT @eslint/config-array@0.21.2 OK for: eslint@9.39.4 want: ^0.21.2
541 silly placeDep ROOT @eslint/config-helpers@0.4.2 OK for: eslint@9.39.4 want: ^0.4.2
542 silly placeDep ROOT @eslint/core@0.17.0 OK for: eslint@9.39.4 want: ^0.17.0
543 silly placeDep ROOT @eslint/eslintrc@3.3.5 OK for: eslint@9.39.4 want: ^3.3.5
544 silly placeDep ROOT @eslint/js@9.39.4 OK for: eslint@9.39.4 want: 9.39.4
545 silly placeDep ROOT @eslint/plugin-kit@0.4.1 OK for: eslint@9.39.4 want: ^0.4.1
546 silly placeDep ROOT @humanfs/node@0.16.8 OK for: eslint@9.39.4 want: ^0.16.6
547 silly placeDep ROOT @humanwhocodes/module-importer@1.0.1 OK for: eslint@9.39.4 want: ^1.0.1
548 silly placeDep ROOT @humanwhocodes/retry@0.4.3 OK for: eslint@9.39.4 want: ^0.4.2
549 silly placeDep ROOT @types/estree@1.0.8 OK for: eslint@9.39.4 want: ^1.0.6
550 silly placeDep ROOT ajv@6.15.0 OK for: eslint@9.39.4 want: ^6.14.0
551 silly placeDep ROOT chalk@4.1.2 OK for: eslint@9.39.4 want: ^4.0.0
552 silly placeDep ROOT cross-spawn@7.0.6 OK for: eslint@9.39.4 want: ^7.0.6
553 silly placeDep ROOT debug@4.4.3 OK for: eslint@9.39.4 want: ^4.3.2
554 silly placeDep ROOT escape-string-regexp@4.0.0 OK for: eslint@9.39.4 want: ^4.0.0
555 silly placeDep ROOT eslint-scope@8.4.0 OK for: eslint@9.39.4 want: ^8.4.0
556 silly placeDep ROOT eslint-visitor-keys@4.2.1 OK for: eslint@9.39.4 want: ^4.2.1
557 silly placeDep ROOT espree@10.4.0 OK for: eslint@9.39.4 want: ^10.4.0
558 silly placeDep ROOT esquery@1.7.0 OK for: eslint@9.39.4 want: ^1.5.0
559 silly placeDep ROOT esutils@2.0.3 OK for: eslint@9.39.4 want: ^2.0.2
560 silly placeDep ROOT fast-deep-equal@3.1.3 OK for: eslint@9.39.4 want: ^3.1.3
561 silly placeDep ROOT file-entry-cache@8.0.0 OK for: eslint@9.39.4 want: ^8.0.0
562 silly placeDep ROOT find-up@5.0.0 OK for: eslint@9.39.4 want: ^5.0.0
563 silly placeDep ROOT glob-parent@6.0.2 OK for: eslint@9.39.4 want: ^6.0.2
564 silly placeDep ROOT ignore@5.3.2 OK for: eslint@9.39.4 want: ^5.2.0
565 silly placeDep ROOT imurmurhash@0.1.4 OK for: eslint@9.39.4 want: ^0.1.4
566 silly placeDep ROOT is-glob@4.0.3 OK for: eslint@9.39.4 want: ^4.0.0
567 silly placeDep ROOT json-stable-stringify-without-jsonify@1.0.1 OK for: eslint@9.39.4 want: ^1.0.1
568 silly placeDep ROOT lodash.merge@4.6.2 OK for: eslint@9.39.4 want: ^4.6.2
569 silly placeDep ROOT minimatch@3.1.5 OK for: eslint@9.39.4 want: ^3.1.5
570 silly placeDep ROOT natural-compare@1.4.0 OK for: eslint@9.39.4 want: ^1.4.0
571 silly placeDep ROOT optionator@0.9.4 OK for: eslint@9.39.4 want: ^0.9.3
572 silly fetch manifest eslint-visitor-keys@^3.4.3
573 silly packumentCache full:https://registry.npmmirror.com/eslint-visitor-keys cache-hit
574 silly fetch manifest @eslint/object-schema@^2.1.7
575 silly packumentCache full:https://registry.npmmirror.com/@eslint%2fobject-schema cache-miss
576 silly fetch manifest debug@^4.3.1
577 silly packumentCache full:https://registry.npmmirror.com/debug cache-hit
578 silly fetch manifest @types/json-schema@^7.0.15
579 silly packumentCache full:https://registry.npmmirror.com/@types%2fjson-schema cache-miss
580 silly fetch manifest espree@^10.0.1
581 silly packumentCache full:https://registry.npmmirror.com/espree cache-hit
582 silly fetch manifest globals@^14.0.0
583 silly packumentCache full:https://registry.npmmirror.com/globals cache-hit
584 silly fetch manifest import-fresh@^3.2.1
585 silly packumentCache full:https://registry.npmmirror.com/import-fresh cache-miss
586 silly fetch manifest js-yaml@^4.1.1
587 silly packumentCache full:https://registry.npmmirror.com/js-yaml cache-miss
588 silly fetch manifest strip-json-comments@^3.1.1
589 silly packumentCache full:https://registry.npmmirror.com/strip-json-comments cache-miss
590 silly fetch manifest levn@^0.4.1
591 silly packumentCache full:https://registry.npmmirror.com/levn cache-miss
592 silly fetch manifest @humanwhocodes/retry@^0.4.0
593 silly packumentCache full:https://registry.npmmirror.com/@humanwhocodes%2fretry cache-hit
594 silly fetch manifest @humanfs/core@^0.19.2
595 silly packumentCache full:https://registry.npmmirror.com/@humanfs%2fcore cache-miss
596 silly fetch manifest @humanfs/types@^0.15.0
597 silly packumentCache full:https://registry.npmmirror.com/@humanfs%2ftypes cache-miss
598 silly fetch manifest fast-deep-equal@^3.1.1
599 silly packumentCache full:https://registry.npmmirror.com/fast-deep-equal cache-hit
600 silly fetch manifest fast-json-stable-stringify@^2.0.0
601 silly packumentCache full:https://registry.npmmirror.com/fast-json-stable-stringify cache-miss
602 http fetch GET 200 https://registry.npmmirror.com/@eslint%2fobject-schema 12ms (cache miss)
603 silly packumentCache full:https://registry.npmmirror.com/@eslint%2fobject-schema set size:9158 disposed:false
604 silly fetch manifest json-schema-traverse@^0.4.1
605 silly packumentCache full:https://registry.npmmirror.com/json-schema-traverse cache-miss
606 http fetch GET 200 https://registry.npmmirror.com/strip-json-comments 11ms (cache miss)
607 silly packumentCache full:https://registry.npmmirror.com/strip-json-comments set size:8266 disposed:false
608 silly fetch manifest uri-js@^4.2.2
609 silly packumentCache full:https://registry.npmmirror.com/uri-js cache-miss
610 http fetch GET 200 https://registry.npmmirror.com/fast-json-stable-stringify 15ms (cache miss)
611 silly packumentCache full:https://registry.npmmirror.com/fast-json-stable-stringify set size:3326 disposed:false
612 silly fetch manifest ansi-styles@^4.1.0
613 silly packumentCache full:https://registry.npmmirror.com/ansi-styles cache-miss
614 http fetch GET 200 https://registry.npmmirror.com/levn 15ms (cache miss)
615 silly packumentCache full:https://registry.npmmirror.com/levn set size:7200 disposed:false
616 silly fetch manifest supports-color@^7.1.0
617 silly packumentCache full:https://registry.npmmirror.com/supports-color cache-miss
618 http fetch GET 200 https://registry.npmmirror.com/@humanfs%2ftypes 15ms (cache miss)
619 silly packumentCache full:https://registry.npmmirror.com/@humanfs%2ftypes set size:4673 disposed:false
620 silly fetch manifest path-key@^3.1.0
621 silly packumentCache full:https://registry.npmmirror.com/path-key cache-miss
622 http fetch GET 200 https://registry.npmmirror.com/import-fresh 17ms (cache miss)
623 silly packumentCache full:https://registry.npmmirror.com/import-fresh set size:4923 disposed:false
624 silly fetch manifest shebang-command@^2.0.0
625 silly packumentCache full:https://registry.npmmirror.com/shebang-command cache-miss
626 http fetch GET 200 https://registry.npmmirror.com/@humanfs%2fcore 16ms (cache miss)
627 silly packumentCache full:https://registry.npmmirror.com/@humanfs%2fcore set size:9108 disposed:false
628 silly fetch manifest which@^2.0.1
629 silly packumentCache full:https://registry.npmmirror.com/which cache-miss
630 http fetch GET 200 https://registry.npmmirror.com/@types%2fjson-schema 18ms (cache miss)
631 silly packumentCache full:https://registry.npmmirror.com/@types%2fjson-schema set size:8356 disposed:false
632 silly fetch manifest ms@^2.1.3
633 silly packumentCache full:https://registry.npmmirror.com/ms cache-miss
634 http fetch GET 200 https://registry.npmmirror.com/js-yaml 18ms (cache miss)
635 silly packumentCache full:https://registry.npmmirror.com/js-yaml set size:25284 disposed:false
636 silly fetch manifest esrecurse@^4.3.0
637 silly packumentCache full:https://registry.npmmirror.com/esrecurse cache-miss
638 http fetch GET 200 https://registry.npmmirror.com/json-schema-traverse 11ms (cache miss)
639 silly packumentCache full:https://registry.npmmirror.com/json-schema-traverse set size:4662 disposed:false
640 silly fetch manifest estraverse@^5.2.0
641 silly packumentCache full:https://registry.npmmirror.com/estraverse cache-miss
642 http fetch GET 200 https://registry.npmmirror.com/uri-js 11ms (cache miss)
643 silly packumentCache full:https://registry.npmmirror.com/uri-js set size:8117 disposed:false
644 silly fetch manifest acorn@^8.15.0
645 silly packumentCache full:https://registry.npmmirror.com/acorn cache-miss
646 http fetch GET 200 https://registry.npmmirror.com/ansi-styles 9ms (cache miss)
647 silly packumentCache full:https://registry.npmmirror.com/ansi-styles set size:13769 disposed:false
648 silly fetch manifest acorn-jsx@^5.3.2
649 silly packumentCache full:https://registry.npmmirror.com/acorn-jsx cache-miss
650 http fetch GET 200 https://registry.npmmirror.com/path-key 11ms (cache miss)
651 silly packumentCache full:https://registry.npmmirror.com/path-key set size:3439 disposed:false
652 silly fetch manifest estraverse@^5.1.0
653 silly packumentCache full:https://registry.npmmirror.com/estraverse cache-miss
654 http fetch GET 200 https://registry.npmmirror.com/supports-color 13ms (cache miss)
655 silly packumentCache full:https://registry.npmmirror.com/supports-color set size:23036 disposed:false
656 silly fetch manifest flat-cache@^4.0.0
657 silly packumentCache full:https://registry.npmmirror.com/flat-cache cache-miss
658 http fetch GET 200 https://registry.npmmirror.com/which 13ms (cache miss)
659 silly packumentCache full:https://registry.npmmirror.com/which set size:14336 disposed:false
660 silly fetch manifest locate-path@^6.0.0
661 silly packumentCache full:https://registry.npmmirror.com/locate-path cache-miss
662 http fetch GET 200 https://registry.npmmirror.com/shebang-command 15ms (cache miss)
663 silly packumentCache full:https://registry.npmmirror.com/shebang-command set size:2106 disposed:false
664 silly fetch manifest path-exists@^4.0.0
665 silly packumentCache full:https://registry.npmmirror.com/path-exists cache-miss
666 http fetch GET 200 https://registry.npmmirror.com/esrecurse 13ms (cache miss)
667 silly packumentCache full:https://registry.npmmirror.com/esrecurse set size:6561 disposed:false
668 silly fetch manifest is-glob@^4.0.3
669 silly packumentCache full:https://registry.npmmirror.com/is-glob cache-hit
670 silly fetch manifest is-extglob@^2.1.1
671 silly packumentCache full:https://registry.npmmirror.com/is-extglob cache-miss
672 http fetch GET 200 https://registry.npmmirror.com/ms 15ms (cache miss)
673 silly packumentCache full:https://registry.npmmirror.com/ms set size:15985 disposed:false
674 silly fetch manifest brace-expansion@^1.1.7
675 silly packumentCache full:https://registry.npmmirror.com/brace-expansion cache-miss
676 http fetch GET 200 https://registry.npmmirror.com/estraverse 15ms (cache miss)
677 silly packumentCache full:https://registry.npmmirror.com/estraverse set size:10988 disposed:false
678 silly fetch manifest prelude-ls@^1.2.1
679 silly packumentCache full:https://registry.npmmirror.com/prelude-ls cache-miss
680 http fetch GET 200 https://registry.npmmirror.com/acorn-jsx 15ms (cache miss)
681 silly packumentCache full:https://registry.npmmirror.com/acorn-jsx set size:11737 disposed:false
682 silly fetch manifest deep-is@^0.1.3
683 silly packumentCache full:https://registry.npmmirror.com/deep-is cache-miss
684 http fetch GET 200 https://registry.npmmirror.com/estraverse 14ms (cache miss)
685 silly packumentCache full:https://registry.npmmirror.com/estraverse set size:10988 disposed:false
686 silly packumentCache full:https://registry.npmmirror.com/estraverse dispose
687 silly fetch manifest word-wrap@^1.2.5
688 silly packumentCache full:https://registry.npmmirror.com/word-wrap cache-miss
689 http fetch GET 200 https://registry.npmmirror.com/flat-cache 13ms (cache miss)
690 silly packumentCache full:https://registry.npmmirror.com/flat-cache set size:27303 disposed:false
691 silly fetch manifest type-check@^0.4.0
692 silly packumentCache full:https://registry.npmmirror.com/type-check cache-miss
693 http fetch GET 200 https://registry.npmmirror.com/acorn 21ms (cache miss)
694 silly packumentCache full:https://registry.npmmirror.com/acorn set size:52292 disposed:false
695 silly fetch manifest fast-levenshtein@^2.0.6
696 silly packumentCache full:https://registry.npmmirror.com/fast-levenshtein cache-miss
697 http fetch GET 200 https://registry.npmmirror.com/locate-path 22ms (cache miss)
698 silly packumentCache full:https://registry.npmmirror.com/locate-path set size:7506 disposed:false
699 http fetch GET 200 https://registry.npmmirror.com/path-exists 20ms (cache miss)
700 silly packumentCache full:https://registry.npmmirror.com/path-exists set size:3293 disposed:false
701 http fetch GET 200 https://registry.npmmirror.com/is-extglob 20ms (cache miss)
702 silly packumentCache full:https://registry.npmmirror.com/is-extglob set size:3363 disposed:false
703 http fetch GET 200 https://registry.npmmirror.com/brace-expansion 20ms (cache miss)
704 silly packumentCache full:https://registry.npmmirror.com/brace-expansion set size:13105 disposed:false
705 http fetch GET 200 https://registry.npmmirror.com/type-check 11ms (cache miss)
706 silly packumentCache full:https://registry.npmmirror.com/type-check set size:6166 disposed:false
707 http fetch GET 200 https://registry.npmmirror.com/prelude-ls 16ms (cache miss)
708 silly packumentCache full:https://registry.npmmirror.com/prelude-ls set size:4654 disposed:false
709 http fetch GET 200 https://registry.npmmirror.com/deep-is 15ms (cache miss)
710 silly packumentCache full:https://registry.npmmirror.com/deep-is set size:2733 disposed:false
711 http fetch GET 200 https://registry.npmmirror.com/fast-levenshtein 9ms (cache miss)
712 silly packumentCache full:https://registry.npmmirror.com/fast-levenshtein set size:6868 disposed:false
713 http fetch GET 200 https://registry.npmmirror.com/word-wrap 31ms (cache miss)
714 silly packumentCache full:https://registry.npmmirror.com/word-wrap set size:8190 disposed:false
715 silly placeDep node_modules/@eslint-community/eslint-utils eslint-visitor-keys@3.4.3 OK for: @eslint-community/eslint-utils@4.9.1 want: ^3.4.3
716 silly placeDep ROOT @eslint/object-schema@2.1.7 OK for: @eslint/config-array@0.21.2 want: ^2.1.7
717 silly placeDep ROOT @types/json-schema@7.0.15 OK for: @eslint/core@0.17.0 want: ^7.0.15
718 silly placeDep ROOT globals@14.0.0 OK for: @eslint/eslintrc@3.3.5 want: ^14.0.0
719 silly placeDep ROOT import-fresh@3.3.1 OK for: @eslint/eslintrc@3.3.5 want: ^3.2.1
720 silly placeDep ROOT js-yaml@4.1.1 OK for: @eslint/eslintrc@3.3.5 want: ^4.1.1
721 silly placeDep ROOT strip-json-comments@3.1.1 OK for: @eslint/eslintrc@3.3.5 want: ^3.1.1
722 silly fetch manifest parent-module@^1.0.0
723 silly packumentCache full:https://registry.npmmirror.com/parent-module cache-miss
724 silly fetch manifest resolve-from@^4.0.0
725 silly packumentCache full:https://registry.npmmirror.com/resolve-from cache-miss
726 silly fetch manifest argparse@^2.0.1
727 silly packumentCache full:https://registry.npmmirror.com/argparse cache-miss
728 http fetch GET 200 https://registry.npmmirror.com/parent-module 13ms (cache miss)
729 silly packumentCache full:https://registry.npmmirror.com/parent-module set size:3916 disposed:false
730 http fetch GET 200 https://registry.npmmirror.com/argparse 13ms (cache miss)
731 silly packumentCache full:https://registry.npmmirror.com/argparse set size:9450 disposed:false
732 http fetch GET 200 https://registry.npmmirror.com/resolve-from 13ms (cache miss)
733 silly packumentCache full:https://registry.npmmirror.com/resolve-from set size:3131 disposed:false
734 silly placeDep ROOT levn@0.4.1 OK for: @eslint/plugin-kit@0.4.1 want: ^0.4.1
735 silly fetch manifest type-check@~0.4.0
736 silly packumentCache full:https://registry.npmmirror.com/type-check cache-hit
737 silly placeDep ROOT @humanfs/core@0.19.2 OK for: @humanfs/node@0.16.8 want: ^0.19.2
738 silly placeDep ROOT @humanfs/types@0.15.0 OK for: @humanfs/node@0.16.8 want: ^0.15.0
739 silly placeDep ROOT fast-json-stable-stringify@2.1.0 OK for: ajv@6.15.0 want: ^2.0.0
740 silly placeDep ROOT json-schema-traverse@0.4.1 OK for: ajv@6.15.0 want: ^0.4.1
741 silly placeDep ROOT uri-js@4.4.1 OK for: ajv@6.15.0 want: ^4.2.2
742 silly fetch manifest punycode@^2.1.0
743 silly packumentCache full:https://registry.npmmirror.com/punycode cache-miss
744 http fetch GET 200 https://registry.npmmirror.com/punycode 11ms (cache miss)
745 silly packumentCache full:https://registry.npmmirror.com/punycode set size:14294 disposed:false
746 silly placeDep ROOT ansi-styles@4.3.0 OK for: chalk@4.1.2 want: ^4.1.0
747 silly placeDep ROOT supports-color@7.2.0 OK for: chalk@4.1.2 want: ^7.1.0
748 silly fetch manifest color-convert@^2.0.1
749 silly packumentCache full:https://registry.npmmirror.com/color-convert cache-miss
750 silly fetch manifest has-flag@^4.0.0
751 silly packumentCache full:https://registry.npmmirror.com/has-flag cache-miss
752 http fetch GET 200 https://registry.npmmirror.com/color-convert 11ms (cache miss)
753 silly packumentCache full:https://registry.npmmirror.com/color-convert set size:13807 disposed:false
754 http fetch GET 200 https://registry.npmmirror.com/has-flag 14ms (cache miss)
755 silly packumentCache full:https://registry.npmmirror.com/has-flag set size:3321 disposed:false
756 silly placeDep ROOT color-convert@2.0.1 OK for: ansi-styles@4.3.0 want: ^2.0.1
757 silly fetch manifest color-name@~1.1.4
758 silly packumentCache full:https://registry.npmmirror.com/color-name cache-miss
759 http fetch GET 200 https://registry.npmmirror.com/color-name 79ms (cache miss)
760 silly packumentCache full:https://registry.npmmirror.com/color-name set size:5269 disposed:false
761 silly placeDep ROOT color-name@1.1.4 OK for: color-convert@2.0.1 want: ~1.1.4
762 silly placeDep ROOT path-key@3.1.1 OK for: cross-spawn@7.0.6 want: ^3.1.0
763 silly placeDep ROOT shebang-command@2.0.0 OK for: cross-spawn@7.0.6 want: ^2.0.0
764 silly placeDep ROOT which@2.0.2 OK for: cross-spawn@7.0.6 want: ^2.0.1
765 silly fetch manifest shebang-regex@^3.0.0
766 silly packumentCache full:https://registry.npmmirror.com/shebang-regex cache-miss
767 silly fetch manifest isexe@^2.0.0
768 silly packumentCache full:https://registry.npmmirror.com/isexe cache-miss
769 http fetch GET 200 https://registry.npmmirror.com/shebang-regex 12ms (cache miss)
770 silly packumentCache full:https://registry.npmmirror.com/shebang-regex set size:2417 disposed:false
771 http fetch GET 200 https://registry.npmmirror.com/isexe 17ms (cache miss)
772 silly packumentCache full:https://registry.npmmirror.com/isexe set size:7230 disposed:false
773 silly placeDep ROOT ms@2.1.3 OK for: debug@4.4.3 want: ^2.1.3
774 silly fetch manifest eslint@>=9.0.0
775 silly packumentCache full:https://registry.npmmirror.com/eslint cache-hit
776 silly fetch manifest eslint@^2 || ^3 || ^4 || ^5 || ^6 || ^7.2.0 || ^8 || ^9
777 silly packumentCache full:https://registry.npmmirror.com/eslint cache-hit
778 silly fetch manifest eslint-plugin-import-x@*
779 silly packumentCache full:https://registry.npmmirror.com/eslint-plugin-import-x cache-miss
780 http fetch GET 200 https://registry.npmmirror.com/eslint-plugin-import-x 20ms (cache miss)
781 silly packumentCache full:https://registry.npmmirror.com/eslint-plugin-import-x set size:46881 disposed:false
782 silly fetch manifest @typescript-eslint/utils@^8.56.0
783 silly packumentCache full:https://registry.npmmirror.com/@typescript-eslint%2futils cache-miss
784 http fetch GET 200 https://registry.npmmirror.com/@typescript-eslint%2futils 77ms (cache miss)
785 silly packumentCache full:https://registry.npmmirror.com/@typescript-eslint%2futils set size:1817684 disposed:false
786 silly fetch manifest typescript@>=3.3.1
787 silly packumentCache full:https://registry.npmmirror.com/typescript cache-miss
788 http cache https://registry.npmmirror.com/typescript 17ms (cache hit)
789 silly packumentCache full:https://registry.npmmirror.com/typescript set size:14656265 disposed:false
790 silly fetch manifest eslint@^3 || ^4 || ^5 || ^6 || ^7 || ^8 || ^9
791 silly packumentCache full:https://registry.npmmirror.com/eslint cache-hit
792 silly fetch manifest eslint@^3 || ^4 || ^5 || ^6 || ^7 || ^8 || ^9.7
793 silly packumentCache full:https://registry.npmmirror.com/eslint cache-hit
794 silly placeDep ROOT @next/eslint-plugin-next@16.2.4 OK for: eslint-config-next@16.2.4 want: 16.2.4
795 silly placeDep ROOT eslint-import-resolver-node@0.3.10 OK for: eslint-config-next@16.2.4 want: ^0.3.6
796 silly placeDep ROOT eslint-import-resolver-typescript@3.10.1 OK for: eslint-config-next@16.2.4 want: ^3.5.2
797 silly placeDep ROOT eslint-plugin-import@2.32.0 OK for: eslint-config-next@16.2.4 want: ^2.32.0
798 silly placeDep ROOT eslint-plugin-jsx-a11y@6.10.2 OK for: eslint-config-next@16.2.4 want: ^6.10.0
799 silly placeDep ROOT eslint-plugin-react@7.37.5 OK for: eslint-config-next@16.2.4 want: ^7.37.0
800 silly placeDep ROOT eslint-plugin-react-hooks@7.1.1 OK for: eslint-config-next@16.2.4 want: ^7.0.0
801 silly placeDep node_modules/eslint-config-next globals@16.4.0 OK for: eslint-config-next@16.2.4 want: 16.4.0
802 silly placeDep ROOT typescript-eslint@8.59.1 OK for: eslint-config-next@16.2.4 want: ^8.46.0
803 silly fetch manifest fast-glob@3.3.1
804 silly packumentCache full:https://registry.npmmirror.com/fast-glob cache-miss
805 silly fetch manifest debug@^3.2.7
806 silly packumentCache full:https://registry.npmmirror.com/debug cache-hit
807 silly fetch manifest is-core-module@^2.16.1
808 silly packumentCache full:https://registry.npmmirror.com/is-core-module cache-miss
809 silly fetch manifest resolve@^2.0.0-next.6
810 silly packumentCache full:https://registry.npmmirror.com/resolve cache-miss
811 silly fetch manifest @nolyfill/is-core-module@1.0.39
812 silly packumentCache full:https://registry.npmmirror.com/@nolyfill%2fis-core-module cache-miss
813 silly fetch manifest get-tsconfig@^4.10.0
814 silly packumentCache full:https://registry.npmmirror.com/get-tsconfig cache-miss
815 silly fetch manifest is-bun-module@^2.0.0
816 silly packumentCache full:https://registry.npmmirror.com/is-bun-module cache-miss
817 silly fetch manifest stable-hash@^0.0.5
818 silly packumentCache full:https://registry.npmmirror.com/stable-hash cache-miss
819 silly fetch manifest tinyglobby@^0.2.13
820 silly packumentCache full:https://registry.npmmirror.com/tinyglobby cache-miss
821 silly fetch manifest unrs-resolver@^1.6.2
822 silly packumentCache full:https://registry.npmmirror.com/unrs-resolver cache-miss
823 http fetch GET 200 https://registry.npmmirror.com/is-bun-module 12ms (cache miss)
824 silly packumentCache full:https://registry.npmmirror.com/is-bun-module set size:5059 disposed:false
825 silly fetch manifest @rtsao/scc@^1.1.0
826 silly packumentCache full:https://registry.npmmirror.com/@rtsao%2fscc cache-miss
827 http fetch GET 200 https://registry.npmmirror.com/stable-hash 14ms (cache miss)
828 silly packumentCache full:https://registry.npmmirror.com/stable-hash set size:5483 disposed:false
829 silly fetch manifest array-includes@^3.1.9
830 silly packumentCache full:https://registry.npmmirror.com/array-includes cache-miss
831 http fetch GET 200 https://registry.npmmirror.com/fast-glob 15ms (cache miss)
832 silly packumentCache full:https://registry.npmmirror.com/fast-glob set size:33565 disposed:false
833 silly fetch manifest array.prototype.findlastindex@^1.2.6
834 silly packumentCache full:https://registry.npmmirror.com/array.prototype.findlastindex cache-miss
835 http fetch GET 200 https://registry.npmmirror.com/is-core-module 17ms (cache miss)
836 silly packumentCache full:https://registry.npmmirror.com/is-core-module set size:14031 disposed:false
837 silly fetch manifest array.prototype.flat@^1.3.3
838 silly packumentCache full:https://registry.npmmirror.com/array.prototype.flat cache-miss
839 http fetch GET 200 https://registry.npmmirror.com/@nolyfill%2fis-core-module 18ms (cache miss)
840 silly packumentCache full:https://registry.npmmirror.com/@nolyfill%2fis-core-module set size:2866 disposed:false
841 silly fetch manifest array.prototype.flatmap@^1.3.3
842 silly packumentCache full:https://registry.npmmirror.com/array.prototype.flatmap cache-miss
843 http fetch GET 200 https://registry.npmmirror.com/tinyglobby 18ms (cache miss)
844 silly packumentCache full:https://registry.npmmirror.com/tinyglobby set size:10388 disposed:false
845 silly fetch manifest doctrine@^2.1.0
846 silly packumentCache full:https://registry.npmmirror.com/doctrine cache-miss
847 http fetch GET 200 https://registry.npmmirror.com/unrs-resolver 19ms (cache miss)
848 silly packumentCache full:https://registry.npmmirror.com/unrs-resolver set size:25586 disposed:false
849 silly fetch manifest eslint-module-utils@^2.12.1
850 silly packumentCache full:https://registry.npmmirror.com/eslint-module-utils cache-miss
851 http fetch GET 200 https://registry.npmmirror.com/get-tsconfig 20ms (cache miss)
852 silly packumentCache full:https://registry.npmmirror.com/get-tsconfig set size:35672 disposed:false
853 silly fetch manifest hasown@^2.0.2
854 silly packumentCache full:https://registry.npmmirror.com/hasown cache-miss
855 http fetch GET 200 https://registry.npmmirror.com/resolve 21ms (cache miss)
856 silly packumentCache full:https://registry.npmmirror.com/resolve set size:40066 disposed:false
857 silly fetch manifest object.fromentries@^2.0.8
858 silly packumentCache full:https://registry.npmmirror.com/object.fromentries cache-miss
859 http fetch GET 200 https://registry.npmmirror.com/@rtsao%2fscc 13ms (cache miss)
860 silly packumentCache full:https://registry.npmmirror.com/@rtsao%2fscc set size:3174 disposed:false
861 silly fetch manifest object.groupby@^1.0.3
862 silly packumentCache full:https://registry.npmmirror.com/object.groupby cache-miss
863 http fetch GET 200 https://registry.npmmirror.com/array-includes 12ms (cache miss)
864 silly packumentCache full:https://registry.npmmirror.com/array-includes set size:13934 disposed:false
865 silly fetch manifest object.values@^1.2.1
866 silly packumentCache full:https://registry.npmmirror.com/object.values cache-miss
867 http fetch GET 200 https://registry.npmmirror.com/array.prototype.findlastindex 13ms (cache miss)
868 silly packumentCache full:https://registry.npmmirror.com/array.prototype.findlastindex set size:10569 disposed:false
869 silly fetch manifest semver@^6.3.1
870 silly packumentCache full:https://registry.npmmirror.com/semver cache-miss
871 http fetch GET 200 https://registry.npmmirror.com/array.prototype.flat 12ms (cache miss)
872 silly packumentCache full:https://registry.npmmirror.com/array.prototype.flat set size:7806 disposed:false
873 silly fetch manifest string.prototype.trimend@^1.0.9
874 silly packumentCache full:https://registry.npmmirror.com/string.prototype.trimend cache-miss
875 http fetch GET 200 https://registry.npmmirror.com/array.prototype.flatmap 12ms (cache miss)
876 silly packumentCache full:https://registry.npmmirror.com/array.prototype.flatmap set size:9677 disposed:false
877 silly fetch manifest tsconfig-paths@^3.15.0
878 silly packumentCache full:https://registry.npmmirror.com/tsconfig-paths cache-miss
879 http fetch GET 200 https://registry.npmmirror.com/doctrine 12ms (cache miss)
880 silly packumentCache full:https://registry.npmmirror.com/doctrine set size:12778 disposed:false
881 silly fetch manifest aria-query@^5.3.2
882 silly packumentCache full:https://registry.npmmirror.com/aria-query cache-miss
883 http fetch GET 200 https://registry.npmmirror.com/hasown 17ms (cache miss)
884 silly packumentCache full:https://registry.npmmirror.com/hasown set size:4410 disposed:false
885 silly fetch manifest array-includes@^3.1.8
886 silly packumentCache full:https://registry.npmmirror.com/array-includes cache-hit
887 silly fetch manifest array.prototype.flatmap@^1.3.2
888 silly packumentCache full:https://registry.npmmirror.com/array.prototype.flatmap cache-hit
889 silly fetch manifest ast-types-flow@^0.0.8
890 silly packumentCache full:https://registry.npmmirror.com/ast-types-flow cache-miss
891 http fetch GET 200 https://registry.npmmirror.com/eslint-module-utils 19ms (cache miss)
892 silly packumentCache full:https://registry.npmmirror.com/eslint-module-utils set size:14206 disposed:false
893 silly fetch manifest axe-core@^4.10.0
894 silly packumentCache full:https://registry.npmmirror.com/axe-core cache-miss
895 http fetch GET 200 https://registry.npmmirror.com/object.fromentries 17ms (cache miss)
896 silly packumentCache full:https://registry.npmmirror.com/object.fromentries set size:7239 disposed:false
897 silly fetch manifest axobject-query@^4.1.0
898 silly packumentCache full:https://registry.npmmirror.com/axobject-query cache-miss
899 http fetch GET 200 https://registry.npmmirror.com/object.values 14ms (cache miss)
900 silly packumentCache full:https://registry.npmmirror.com/object.values set size:9222 disposed:false
901 silly fetch manifest damerau-levenshtein@^1.0.8
902 silly packumentCache full:https://registry.npmmirror.com/damerau-levenshtein cache-miss
903 http fetch GET 200 https://registry.npmmirror.com/string.prototype.trimend 15ms (cache miss)
904 silly packumentCache full:https://registry.npmmirror.com/string.prototype.trimend set size:8298 disposed:false
905 silly fetch manifest emoji-regex@^9.2.2
906 silly packumentCache full:https://registry.npmmirror.com/emoji-regex cache-miss
907 http fetch GET 200 https://registry.npmmirror.com/object.groupby 19ms (cache miss)
908 silly packumentCache full:https://registry.npmmirror.com/object.groupby set size:4099 disposed:false
909 silly fetch manifest jsx-ast-utils@^3.3.5
910 silly packumentCache full:https://registry.npmmirror.com/jsx-ast-utils cache-miss
911 http fetch GET 200 https://registry.npmmirror.com/semver 18ms (cache miss)
912 silly packumentCache full:https://registry.npmmirror.com/semver set size:44794 disposed:false
913 silly fetch manifest language-tags@^1.0.9
914 silly packumentCache full:https://registry.npmmirror.com/language-tags cache-miss
915 http fetch GET 200 https://registry.npmmirror.com/aria-query 29ms (cache miss)
916 silly packumentCache full:https://registry.npmmirror.com/aria-query set size:18373 disposed:false
917 silly fetch manifest safe-regex-test@^1.0.3
918 silly packumentCache full:https://registry.npmmirror.com/safe-regex-test cache-miss
919 http fetch GET 200 https://registry.npmmirror.com/tsconfig-paths 33ms (cache miss)
920 silly packumentCache full:https://registry.npmmirror.com/tsconfig-paths set size:31311 disposed:false
921 silly fetch manifest string.prototype.includes@^2.0.1
922 silly packumentCache full:https://registry.npmmirror.com/string.prototype.includes cache-miss
923 http fetch GET 200 https://registry.npmmirror.com/axobject-query 25ms (cache miss)
924 silly packumentCache full:https://registry.npmmirror.com/axobject-query set size:14167 disposed:false
925 silly fetch manifest array.prototype.findlast@^1.2.5
926 silly packumentCache full:https://registry.npmmirror.com/array.prototype.findlast cache-miss
927 http fetch GET 200 https://registry.npmmirror.com/ast-types-flow 43ms (cache miss)
928 silly packumentCache full:https://registry.npmmirror.com/ast-types-flow set size:4515 disposed:false
929 silly fetch manifest array.prototype.tosorted@^1.1.4
930 silly packumentCache full:https://registry.npmmirror.com/array.prototype.tosorted cache-miss
931 http fetch GET 200 https://registry.npmmirror.com/damerau-levenshtein 41ms (cache miss)
932 silly packumentCache full:https://registry.npmmirror.com/damerau-levenshtein set size:5109 disposed:false
933 silly fetch manifest es-iterator-helpers@^1.2.1
934 silly packumentCache full:https://registry.npmmirror.com/es-iterator-helpers cache-miss
935 http fetch GET 200 https://registry.npmmirror.com/safe-regex-test 43ms (cache miss)
936 silly packumentCache full:https://registry.npmmirror.com/safe-regex-test set size:4899 disposed:false
937 silly fetch manifest estraverse@^5.3.0
938 silly packumentCache full:https://registry.npmmirror.com/estraverse cache-hit
939 silly fetch manifest jsx-ast-utils@^2.4.1 || ^3.0.0
940 silly packumentCache full:https://registry.npmmirror.com/jsx-ast-utils cache-miss
941 http fetch GET 200 https://registry.npmmirror.com/array.prototype.tosorted 23ms (cache miss)
942 silly packumentCache full:https://registry.npmmirror.com/array.prototype.tosorted set size:6830 disposed:false
943 silly fetch manifest object.entries@^1.1.9
944 silly packumentCache full:https://registry.npmmirror.com/object.entries cache-miss
945 http fetch GET 200 https://registry.npmmirror.com/string.prototype.includes 40ms (cache miss)
946 silly packumentCache full:https://registry.npmmirror.com/string.prototype.includes set size:4091 disposed:false
947 silly fetch manifest prop-types@^15.8.1
948 silly packumentCache full:https://registry.npmmirror.com/prop-types cache-miss
949 http fetch GET 200 https://registry.npmmirror.com/language-tags 58ms (cache miss)
950 silly packumentCache full:https://registry.npmmirror.com/language-tags set size:10884 disposed:false
951 silly fetch manifest resolve@^2.0.0-next.5
952 silly packumentCache full:https://registry.npmmirror.com/resolve cache-hit
953 silly fetch manifest string.prototype.matchall@^4.0.12
954 silly packumentCache full:https://registry.npmmirror.com/string.prototype.matchall cache-miss
955 http fetch GET 200 https://registry.npmmirror.com/array.prototype.findlast 42ms (cache miss)
956 silly packumentCache full:https://registry.npmmirror.com/array.prototype.findlast set size:9729 disposed:false
957 silly fetch manifest string.prototype.repeat@^1.0.0
958 silly packumentCache full:https://registry.npmmirror.com/string.prototype.repeat cache-miss
959 http fetch GET 200 https://registry.npmmirror.com/jsx-ast-utils 60ms (cache miss)
960 silly packumentCache full:https://registry.npmmirror.com/jsx-ast-utils set size:21148 disposed:false
961 silly fetch manifest @babel/core@^7.24.4
962 silly packumentCache full:https://registry.npmmirror.com/@babel%2fcore cache-miss
963 http fetch GET 200 https://registry.npmmirror.com/emoji-regex 61ms (cache miss)
964 silly packumentCache full:https://registry.npmmirror.com/emoji-regex set size:17651 disposed:false
965 silly fetch manifest @babel/parser@^7.24.4
966 silly packumentCache full:https://registry.npmmirror.com/@babel%2fparser cache-miss
967 http fetch GET 200 https://registry.npmmirror.com/es-iterator-helpers 24ms (cache miss)
968 silly packumentCache full:https://registry.npmmirror.com/es-iterator-helpers set size:39328 disposed:false
969 silly fetch manifest hermes-parser@^0.25.1
970 silly packumentCache full:https://registry.npmmirror.com/hermes-parser cache-miss
971 http fetch GET 200 https://registry.npmmirror.com/string.prototype.repeat 13ms (cache miss)
972 silly packumentCache full:https://registry.npmmirror.com/string.prototype.repeat set size:2657 disposed:false
973 silly fetch manifest zod@^3.25.0 || ^4.0.0
974 silly packumentCache full:https://registry.npmmirror.com/zod cache-miss
975 http fetch GET 200 https://registry.npmmirror.com/object.entries 15ms (cache miss)
976 silly packumentCache full:https://registry.npmmirror.com/object.entries set size:9226 disposed:false
977 silly fetch manifest zod-validation-error@^3.5.0 || ^4.0.0
978 silly packumentCache full:https://registry.npmmirror.com/zod-validation-error cache-miss
979 http fetch GET 200 https://registry.npmmirror.com/jsx-ast-utils 17ms (cache miss)
980 silly packumentCache full:https://registry.npmmirror.com/jsx-ast-utils set size:21148 disposed:false
981 silly packumentCache full:https://registry.npmmirror.com/jsx-ast-utils dispose
982 silly fetch manifest @typescript-eslint/eslint-plugin@8.59.1
983 silly packumentCache full:https://registry.npmmirror.com/@typescript-eslint%2feslint-plugin cache-miss
984 http fetch GET 200 https://registry.npmmirror.com/string.prototype.matchall 16ms (cache miss)
985 silly packumentCache full:https://registry.npmmirror.com/string.prototype.matchall set size:11416 disposed:false
986 silly fetch manifest @typescript-eslint/parser@8.59.1
987 silly packumentCache full:https://registry.npmmirror.com/@typescript-eslint%2fparser cache-miss
988 http fetch GET 200 https://registry.npmmirror.com/prop-types 17ms (cache miss)
989 silly packumentCache full:https://registry.npmmirror.com/prop-types set size:16068 disposed:false
990 silly fetch manifest @typescript-eslint/typescript-estree@8.59.1
991 silly packumentCache full:https://registry.npmmirror.com/@typescript-eslint%2ftypescript-estree cache-miss
992 http fetch GET 200 https://registry.npmmirror.com/axe-core 84ms (cache miss)
993 silly packumentCache full:https://registry.npmmirror.com/axe-core set size:926803 disposed:false
994 silly fetch manifest @typescript-eslint/utils@8.59.1
995 silly packumentCache full:https://registry.npmmirror.com/@typescript-eslint%2futils cache-miss
996 http fetch GET 200 https://registry.npmmirror.com/hermes-parser 47ms (cache miss)
997 silly packumentCache full:https://registry.npmmirror.com/hermes-parser set size:28099 disposed:false
998 http cache https://registry.npmmirror.com/@typescript-eslint%2futils 16ms (cache hit)
999 silly packumentCache full:https://registry.npmmirror.com/@typescript-eslint%2futils set size:10409540 disposed:false
1000 http fetch GET 200 https://registry.npmmirror.com/zod-validation-error 66ms (cache miss)
1001 silly packumentCache full:https://registry.npmmirror.com/zod-validation-error set size:39088 disposed:false
1002 http fetch GET 200 https://registry.npmmirror.com/@babel%2fcore 81ms (cache miss)
1003 silly packumentCache full:https://registry.npmmirror.com/@babel%2fcore set size:108762 disposed:false
1004 http fetch GET 200 https://registry.npmmirror.com/@babel%2fparser 82ms (cache miss)
1005 silly packumentCache full:https://registry.npmmirror.com/@babel%2fparser set size:107185 disposed:false
1006 http fetch GET 200 https://registry.npmmirror.com/zod 91ms (cache miss)
1007 silly packumentCache full:https://registry.npmmirror.com/zod set size:428408 disposed:false
1008 http fetch GET 200 https://registry.npmmirror.com/@typescript-eslint%2fparser 347ms (cache miss)
1009 silly packumentCache full:https://registry.npmmirror.com/@typescript-eslint%2fparser set size:2326850 disposed:false
1010 http fetch GET 200 https://registry.npmmirror.com/@typescript-eslint%2feslint-plugin 384ms (cache miss)
1011 silly packumentCache full:https://registry.npmmirror.com/@typescript-eslint%2feslint-plugin set size:2382689 disposed:false
1012 http fetch GET 200 https://registry.npmmirror.com/@typescript-eslint%2ftypescript-estree 425ms (cache miss)
1013 silly packumentCache full:https://registry.npmmirror.com/@typescript-eslint%2ftypescript-estree set size:2358164 disposed:false
1014 silly placeDep ROOT fast-glob@3.3.1 OK for: @next/eslint-plugin-next@16.2.4 want: 3.3.1
1015 silly fetch manifest @nodelib/fs.stat@^2.0.2
1016 silly packumentCache full:https://registry.npmmirror.com/@nodelib%2ffs.stat cache-miss
1017 silly fetch manifest @nodelib/fs.walk@^1.2.3
1018 silly packumentCache full:https://registry.npmmirror.com/@nodelib%2ffs.walk cache-miss
1019 silly fetch manifest glob-parent@^5.1.2
1020 silly packumentCache full:https://registry.npmmirror.com/glob-parent cache-hit
1021 silly fetch manifest merge2@^1.3.0
1022 silly packumentCache full:https://registry.npmmirror.com/merge2 cache-miss
1023 silly fetch manifest micromatch@^4.0.4
1024 silly packumentCache full:https://registry.npmmirror.com/micromatch cache-miss
1025 http fetch GET 200 https://registry.npmmirror.com/@nodelib%2ffs.stat 17ms (cache miss)
1026 silly packumentCache full:https://registry.npmmirror.com/@nodelib%2ffs.stat set size:6493 disposed:false
1027 http fetch GET 200 https://registry.npmmirror.com/merge2 19ms (cache miss)
1028 silly packumentCache full:https://registry.npmmirror.com/merge2 set size:8713 disposed:false
1029 http fetch GET 200 https://registry.npmmirror.com/@nodelib%2ffs.walk 22ms (cache miss)
1030 silly packumentCache full:https://registry.npmmirror.com/@nodelib%2ffs.walk set size:8290 disposed:false
1031 http fetch GET 200 https://registry.npmmirror.com/micromatch 22ms (cache miss)
1032 silly packumentCache full:https://registry.npmmirror.com/micromatch set size:39386 disposed:false
1033 silly placeDep node_modules/eslint-import-resolver-node debug@3.2.7 OK for: eslint-import-resolver-node@0.3.10 want: ^3.2.7
1034 silly placeDep ROOT is-core-module@2.16.1 OK for: eslint-import-resolver-node@0.3.10 want: ^2.16.1
1035 silly placeDep ROOT resolve@2.0.0-next.6 OK for: eslint-import-resolver-node@0.3.10 want: ^2.0.0-next.6
1036 silly fetch manifest es-errors@^1.3.0
1037 silly packumentCache full:https://registry.npmmirror.com/es-errors cache-miss
1038 silly fetch manifest node-exports-info@^1.6.0
1039 silly packumentCache full:https://registry.npmmirror.com/node-exports-info cache-miss
1040 silly fetch manifest object-keys@^1.1.1
1041 silly packumentCache full:https://registry.npmmirror.com/object-keys cache-miss
1042 silly fetch manifest path-parse@^1.0.7
1043 silly packumentCache full:https://registry.npmmirror.com/path-parse cache-miss
1044 silly fetch manifest supports-preserve-symlinks-flag@^1.0.0
1045 silly packumentCache full:https://registry.npmmirror.com/supports-preserve-symlinks-flag cache-miss
1046 http fetch GET 200 https://registry.npmmirror.com/es-errors 13ms (cache miss)
1047 silly packumentCache full:https://registry.npmmirror.com/es-errors set size:4030 disposed:false
1048 http fetch GET 200 https://registry.npmmirror.com/supports-preserve-symlinks-flag 14ms (cache miss)
1049 silly packumentCache full:https://registry.npmmirror.com/supports-preserve-symlinks-flag set size:2816 disposed:false
1050 http fetch GET 200 https://registry.npmmirror.com/node-exports-info 14ms (cache miss)
1051 silly packumentCache full:https://registry.npmmirror.com/node-exports-info set size:13848 disposed:false
1052 http fetch GET 200 https://registry.npmmirror.com/path-parse 14ms (cache miss)
1053 silly packumentCache full:https://registry.npmmirror.com/path-parse set size:2940 disposed:false
1054 http fetch GET 200 https://registry.npmmirror.com/object-keys 14ms (cache miss)
1055 silly packumentCache full:https://registry.npmmirror.com/object-keys set size:10709 disposed:false
1056 silly placeDep ROOT @nolyfill/is-core-module@1.0.39 OK for: eslint-import-resolver-typescript@3.10.1 want: 1.0.39
1057 silly placeDep ROOT get-tsconfig@4.14.0 OK for: eslint-import-resolver-typescript@3.10.1 want: ^4.10.0
1058 silly placeDep ROOT is-bun-module@2.0.0 OK for: eslint-import-resolver-typescript@3.10.1 want: ^2.0.0
1059 silly placeDep ROOT stable-hash@0.0.5 OK for: eslint-import-resolver-typescript@3.10.1 want: ^0.0.5
1060 silly placeDep ROOT tinyglobby@0.2.16 OK for: eslint-import-resolver-typescript@3.10.1 want: ^0.2.13
1061 silly placeDep ROOT unrs-resolver@1.11.1 OK for: eslint-import-resolver-typescript@3.10.1 want: ^1.6.2
1062 silly fetch manifest resolve-pkg-maps@^1.0.0
1063 silly packumentCache full:https://registry.npmmirror.com/resolve-pkg-maps cache-miss
1064 silly fetch manifest semver@^7.7.1
1065 silly packumentCache full:https://registry.npmmirror.com/semver cache-hit
1066 silly fetch manifest fdir@^6.5.0
1067 silly packumentCache full:https://registry.npmmirror.com/fdir cache-miss
1068 silly fetch manifest picomatch@^4.0.4
1069 silly packumentCache full:https://registry.npmmirror.com/picomatch cache-miss
1070 silly fetch manifest napi-postinstall@^0.3.0
1071 silly packumentCache full:https://registry.npmmirror.com/napi-postinstall cache-miss
1072 silly fetch manifest @unrs/resolver-binding-win32-x64-msvc@1.11.1
1073 silly packumentCache full:https://registry.npmmirror.com/@unrs%2fresolver-binding-win32-x64-msvc cache-miss
1074 silly fetch manifest @unrs/resolver-binding-win32-arm64-msvc@1.11.1
1075 silly packumentCache full:https://registry.npmmirror.com/@unrs%2fresolver-binding-win32-arm64-msvc cache-miss
1076 silly fetch manifest @unrs/resolver-binding-win32-ia32-msvc@1.11.1
1077 silly packumentCache full:https://registry.npmmirror.com/@unrs%2fresolver-binding-win32-ia32-msvc cache-miss
1078 silly fetch manifest @unrs/resolver-binding-linux-x64-gnu@1.11.1
1079 silly packumentCache full:https://registry.npmmirror.com/@unrs%2fresolver-binding-linux-x64-gnu cache-miss
1080 silly fetch manifest @unrs/resolver-binding-linux-x64-musl@1.11.1
1081 silly packumentCache full:https://registry.npmmirror.com/@unrs%2fresolver-binding-linux-x64-musl cache-miss
1082 http fetch GET 200 https://registry.npmmirror.com/resolve-pkg-maps 13ms (cache miss)
1083 silly packumentCache full:https://registry.npmmirror.com/resolve-pkg-maps set size:4954 disposed:false
1084 silly fetch manifest @unrs/resolver-binding-freebsd-x64@1.11.1
1085 silly packumentCache full:https://registry.npmmirror.com/@unrs%2fresolver-binding-freebsd-x64 cache-miss
1086 http fetch GET 200 https://registry.npmmirror.com/fdir 15ms (cache miss)
1087 silly packumentCache full:https://registry.npmmirror.com/fdir set size:21942 disposed:false
1088 silly fetch manifest @unrs/resolver-binding-android-arm64@1.11.1
1089 silly packumentCache full:https://registry.npmmirror.com/@unrs%2fresolver-binding-android-arm64 cache-miss
1090 http fetch GET 200 https://registry.npmmirror.com/@unrs%2fresolver-binding-win32-x64-msvc 16ms (cache miss)
1091 silly packumentCache full:https://registry.npmmirror.com/@unrs%2fresolver-binding-win32-x64-msvc set size:12880 disposed:false
1092 silly fetch manifest @unrs/resolver-binding-linux-arm64-gnu@1.11.1
1093 silly packumentCache full:https://registry.npmmirror.com/@unrs%2fresolver-binding-linux-arm64-gnu cache-miss
1094 http fetch GET 200 https://registry.npmmirror.com/@unrs%2fresolver-binding-win32-arm64-msvc 16ms (cache miss)
1095 silly packumentCache full:https://registry.npmmirror.com/@unrs%2fresolver-binding-win32-arm64-msvc set size:12879 disposed:false
1096 silly fetch manifest @unrs/resolver-binding-linux-arm64-musl@1.11.1
1097 silly packumentCache full:https://registry.npmmirror.com/@unrs%2fresolver-binding-linux-arm64-musl cache-miss
1098 http fetch GET 200 https://registry.npmmirror.com/@unrs%2fresolver-binding-win32-ia32-msvc 17ms (cache miss)
1099 silly packumentCache full:https://registry.npmmirror.com/@unrs%2fresolver-binding-win32-ia32-msvc set size:12857 disposed:false
1100 silly fetch manifest @unrs/resolver-binding-android-arm-eabi@1.11.1
1101 silly packumentCache full:https://registry.npmmirror.com/@unrs%2fresolver-binding-android-arm-eabi cache-miss
1102 http fetch GET 200 https://registry.npmmirror.com/napi-postinstall 21ms (cache miss)
1103 silly packumentCache full:https://registry.npmmirror.com/napi-postinstall set size:9329 disposed:false
1104 silly fetch manifest @unrs/resolver-binding-linux-arm-gnueabihf@1.11.1
1105 silly packumentCache full:https://registry.npmmirror.com/@unrs%2fresolver-binding-linux-arm-gnueabihf cache-miss
1106 http fetch GET 200 https://registry.npmmirror.com/@unrs%2fresolver-binding-linux-x64-gnu 21ms (cache miss)
1107 silly packumentCache full:https://registry.npmmirror.com/@unrs%2fresolver-binding-linux-x64-gnu set size:12865 disposed:false
1108 silly fetch manifest @unrs/resolver-binding-linux-arm-musleabihf@1.11.1
1109 silly packumentCache full:https://registry.npmmirror.com/@unrs%2fresolver-binding-linux-arm-musleabihf cache-miss
1110 http fetch GET 200 https://registry.npmmirror.com/@unrs%2fresolver-binding-linux-x64-musl 21ms (cache miss)
1111 silly packumentCache full:https://registry.npmmirror.com/@unrs%2fresolver-binding-linux-x64-musl set size:12867 disposed:false
1112 silly fetch manifest @unrs/resolver-binding-linux-ppc64-gnu@1.11.1
1113 silly packumentCache full:https://registry.npmmirror.com/@unrs%2fresolver-binding-linux-ppc64-gnu cache-miss
1114 http fetch GET 200 https://registry.npmmirror.com/picomatch 22ms (cache miss)
1115 silly packumentCache full:https://registry.npmmirror.com/picomatch set size:23240 disposed:false
1116 silly fetch manifest @unrs/resolver-binding-linux-riscv64-gnu@1.11.1
1117 silly packumentCache full:https://registry.npmmirror.com/@unrs%2fresolver-binding-linux-riscv64-gnu cache-miss
1118 http fetch GET 200 https://registry.npmmirror.com/@unrs%2fresolver-binding-android-arm-eabi 24ms (cache miss)
1119 silly packumentCache full:https://registry.npmmirror.com/@unrs%2fresolver-binding-android-arm-eabi set size:3133 disposed:false
1120 silly fetch manifest @unrs/resolver-binding-linux-riscv64-musl@1.11.1
1121 silly packumentCache full:https://registry.npmmirror.com/@unrs%2fresolver-binding-linux-riscv64-musl cache-miss
1122 http fetch GET 200 https://registry.npmmirror.com/@unrs%2fresolver-binding-android-arm64 25ms (cache miss)
1123 silly packumentCache full:https://registry.npmmirror.com/@unrs%2fresolver-binding-android-arm64 set size:3125 disposed:false
1124 silly fetch manifest @unrs/resolver-binding-linux-s390x-gnu@1.11.1
1125 silly packumentCache full:https://registry.npmmirror.com/@unrs%2fresolver-binding-linux-s390x-gnu cache-miss
1126 http fetch GET 200 https://registry.npmmirror.com/@unrs%2fresolver-binding-linux-arm-musleabihf 21ms (cache miss)
1127 silly packumentCache full:https://registry.npmmirror.com/@unrs%2fresolver-binding-linux-arm-musleabihf set size:12964 disposed:false
1128 silly fetch manifest @unrs/resolver-binding-darwin-x64@1.11.1
1129 silly packumentCache full:https://registry.npmmirror.com/@unrs%2fresolver-binding-darwin-x64 cache-miss
1130 http fetch GET 200 https://registry.npmmirror.com/@unrs%2fresolver-binding-linux-ppc64-gnu 20ms (cache miss)
1131 silly packumentCache full:https://registry.npmmirror.com/@unrs%2fresolver-binding-linux-ppc64-gnu set size:12740 disposed:false
1132 silly fetch manifest @unrs/resolver-binding-darwin-arm64@1.11.1
1133 silly packumentCache full:https://registry.npmmirror.com/@unrs%2fresolver-binding-darwin-arm64 cache-miss
1134 http fetch GET 200 https://registry.npmmirror.com/@unrs%2fresolver-binding-linux-arm-gnueabihf 22ms (cache miss)
1135 silly packumentCache full:https://registry.npmmirror.com/@unrs%2fresolver-binding-linux-arm-gnueabihf set size:12882 disposed:false
1136 silly fetch manifest @unrs/resolver-binding-wasm32-wasi@1.11.1
1137 silly packumentCache full:https://registry.npmmirror.com/@unrs%2fresolver-binding-wasm32-wasi cache-miss
1138 http fetch GET 200 https://registry.npmmirror.com/@unrs%2fresolver-binding-linux-arm64-gnu 27ms (cache miss)
1139 silly packumentCache full:https://registry.npmmirror.com/@unrs%2fresolver-binding-linux-arm64-gnu set size:12838 disposed:false
1140 http fetch GET 200 https://registry.npmmirror.com/@unrs%2fresolver-binding-linux-arm64-musl 26ms (cache miss)
1141 silly packumentCache full:https://registry.npmmirror.com/@unrs%2fresolver-binding-linux-arm64-musl set size:12922 disposed:false
1142 http fetch GET 200 https://registry.npmmirror.com/@unrs%2fresolver-binding-freebsd-x64 29ms (cache miss)
1143 silly packumentCache full:https://registry.npmmirror.com/@unrs%2fresolver-binding-freebsd-x64 set size:12830 disposed:false
1144 http fetch GET 200 https://registry.npmmirror.com/@unrs%2fresolver-binding-linux-riscv64-gnu 25ms (cache miss)
1145 silly packumentCache full:https://registry.npmmirror.com/@unrs%2fresolver-binding-linux-riscv64-gnu set size:10938 disposed:false
1146 http fetch GET 200 https://registry.npmmirror.com/@unrs%2fresolver-binding-linux-riscv64-musl 15ms (cache miss)
1147 silly packumentCache full:https://registry.npmmirror.com/@unrs%2fresolver-binding-linux-riscv64-musl set size:8721 disposed:false
1148 http fetch GET 200 https://registry.npmmirror.com/@unrs%2fresolver-binding-darwin-x64 17ms (cache miss)
1149 silly packumentCache full:https://registry.npmmirror.com/@unrs%2fresolver-binding-darwin-x64 set size:12802 disposed:false
1150 http fetch GET 200 https://registry.npmmirror.com/@unrs%2fresolver-binding-linux-s390x-gnu 18ms (cache miss)
1151 silly packumentCache full:https://registry.npmmirror.com/@unrs%2fresolver-binding-linux-s390x-gnu set size:12823 disposed:false
1152 http fetch GET 200 https://registry.npmmirror.com/@unrs%2fresolver-binding-wasm32-wasi 17ms (cache miss)
1153 silly packumentCache full:https://registry.npmmirror.com/@unrs%2fresolver-binding-wasm32-wasi set size:13124 disposed:false
1154 http fetch GET 200 https://registry.npmmirror.com/@unrs%2fresolver-binding-darwin-arm64 18ms (cache miss)
1155 silly packumentCache full:https://registry.npmmirror.com/@unrs%2fresolver-binding-darwin-arm64 set size:12888 disposed:false
1156 silly placeDep ROOT @rtsao/scc@1.1.0 OK for: eslint-plugin-import@2.32.0 want: ^1.1.0
1157 silly placeDep ROOT array-includes@3.1.9 OK for: eslint-plugin-import@2.32.0 want: ^3.1.9
1158 silly placeDep ROOT array.prototype.findlastindex@1.2.6 OK for: eslint-plugin-import@2.32.0 want: ^1.2.6
1159 silly placeDep ROOT array.prototype.flat@1.3.3 OK for: eslint-plugin-import@2.32.0 want: ^1.3.3
1160 silly placeDep ROOT array.prototype.flatmap@1.3.3 OK for: eslint-plugin-import@2.32.0 want: ^1.3.3
1161 silly placeDep node_modules/eslint-plugin-import debug@3.2.7 OK for: eslint-plugin-import@2.32.0 want: ^3.2.7
1162 silly placeDep ROOT doctrine@2.1.0 OK for: eslint-plugin-import@2.32.0 want: ^2.1.0
1163 silly placeDep ROOT eslint-module-utils@2.12.1 OK for: eslint-plugin-import@2.32.0 want: ^2.12.1
1164 silly placeDep ROOT hasown@2.0.3 OK for: eslint-plugin-import@2.32.0 want: ^2.0.2
1165 silly placeDep ROOT object.fromentries@2.0.8 OK for: eslint-plugin-import@2.32.0 want: ^2.0.8
1166 silly placeDep ROOT object.groupby@1.0.3 OK for: eslint-plugin-import@2.32.0 want: ^1.0.3
1167 silly placeDep ROOT object.values@1.2.1 OK for: eslint-plugin-import@2.32.0 want: ^1.2.1
1168 silly placeDep ROOT semver@6.3.1 OK for: eslint-plugin-import@2.32.0 want: ^6.3.1
1169 silly placeDep ROOT string.prototype.trimend@1.0.9 OK for: eslint-plugin-import@2.32.0 want: ^1.0.9
1170 silly placeDep ROOT tsconfig-paths@3.15.0 OK for: eslint-plugin-import@2.32.0 want: ^3.15.0
1171 silly fetch manifest call-bind@^1.0.8
1172 silly packumentCache full:https://registry.npmmirror.com/call-bind cache-miss
1173 silly fetch manifest call-bound@^1.0.4
1174 silly packumentCache full:https://registry.npmmirror.com/call-bound cache-miss
1175 silly fetch manifest define-properties@^1.2.1
1176 silly packumentCache full:https://registry.npmmirror.com/define-properties cache-miss
1177 silly fetch manifest es-abstract@^1.24.0
1178 silly packumentCache full:https://registry.npmmirror.com/es-abstract cache-miss
1179 silly fetch manifest es-object-atoms@^1.1.1
1180 silly packumentCache full:https://registry.npmmirror.com/es-object-atoms cache-miss
1181 silly fetch manifest get-intrinsic@^1.3.0
1182 silly packumentCache full:https://registry.npmmirror.com/get-intrinsic cache-miss
1183 silly fetch manifest is-string@^1.1.1
1184 silly packumentCache full:https://registry.npmmirror.com/is-string cache-miss
1185 silly fetch manifest math-intrinsics@^1.1.0
1186 silly packumentCache full:https://registry.npmmirror.com/math-intrinsics cache-miss
1187 silly fetch manifest call-bind@^1.0.8
1188 silly packumentCache full:https://registry.npmmirror.com/call-bind cache-miss
1189 http fetch GET 200 https://registry.npmmirror.com/call-bind 17ms (cache miss)
1190 silly packumentCache full:https://registry.npmmirror.com/call-bind set size:6188 disposed:false
1191 silly fetch manifest call-bound@^1.0.4
1192 silly packumentCache full:https://registry.npmmirror.com/call-bound cache-miss
1193 http fetch GET 200 https://registry.npmmirror.com/call-bind 18ms (cache miss)
1194 silly packumentCache full:https://registry.npmmirror.com/call-bind set size:6188 disposed:false
1195 silly packumentCache full:https://registry.npmmirror.com/call-bind dispose
1196 silly fetch manifest define-properties@^1.2.1
1197 silly packumentCache full:https://registry.npmmirror.com/define-properties cache-miss
1198 http fetch GET 200 https://registry.npmmirror.com/call-bound 18ms (cache miss)
1199 silly packumentCache full:https://registry.npmmirror.com/call-bound set size:3859 disposed:false
1200 silly fetch manifest es-abstract@^1.23.9
1201 silly packumentCache full:https://registry.npmmirror.com/es-abstract cache-miss
1202 http fetch GET 200 https://registry.npmmirror.com/es-object-atoms 19ms (cache miss)
1203 silly packumentCache full:https://registry.npmmirror.com/es-object-atoms set size:3862 disposed:false
1204 silly fetch manifest es-shim-unscopables@^1.1.0
1205 silly packumentCache full:https://registry.npmmirror.com/es-shim-unscopables cache-miss
1206 http fetch GET 200 https://registry.npmmirror.com/math-intrinsics 19ms (cache miss)
1207 silly packumentCache full:https://registry.npmmirror.com/math-intrinsics set size:3012 disposed:false
1208 silly fetch manifest define-properties@^1.2.1
1209 silly packumentCache full:https://registry.npmmirror.com/define-properties cache-miss
1210 http fetch GET 200 https://registry.npmmirror.com/get-intrinsic 19ms (cache miss)
1211 silly packumentCache full:https://registry.npmmirror.com/get-intrinsic set size:11575 disposed:false
1212 silly fetch manifest es-abstract@^1.23.5
1213 silly packumentCache full:https://registry.npmmirror.com/es-abstract cache-miss
1214 http fetch GET 200 https://registry.npmmirror.com/is-string 20ms (cache miss)
1215 silly packumentCache full:https://registry.npmmirror.com/is-string set size:5725 disposed:false
1216 silly fetch manifest es-shim-unscopables@^1.0.2
1217 silly packumentCache full:https://registry.npmmirror.com/es-shim-unscopables cache-miss
1218 http fetch GET 200 https://registry.npmmirror.com/define-properties 20ms (cache miss)
1219 silly packumentCache full:https://registry.npmmirror.com/define-properties set size:7369 disposed:false
1220 silly fetch manifest es-abstract@^1.23.5
1221 silly packumentCache full:https://registry.npmmirror.com/es-abstract cache-miss
1222 http cache https://registry.npmmirror.com/define-properties 2ms (cache hit)
1223 silly packumentCache full:https://registry.npmmirror.com/define-properties set size:30757 disposed:false
1224 silly packumentCache full:https://registry.npmmirror.com/define-properties dispose
1225 silly fetch manifest es-shim-unscopables@^1.0.2
1226 silly packumentCache full:https://registry.npmmirror.com/es-shim-unscopables cache-miss
1227 http fetch GET 200 https://registry.npmmirror.com/es-abstract 22ms (cache miss)
1228 silly packumentCache full:https://registry.npmmirror.com/es-abstract set size:52023 disposed:false
1229 silly fetch manifest function-bind@^1.1.2
1230 silly packumentCache full:https://registry.npmmirror.com/function-bind cache-miss
1231 http fetch GET 200 https://registry.npmmirror.com/call-bound 11ms (cache miss)
1232 silly packumentCache full:https://registry.npmmirror.com/call-bound set size:3859 disposed:false
1233 silly packumentCache full:https://registry.npmmirror.com/call-bound dispose
1234 silly fetch manifest call-bind@^1.0.7
1235 silly packumentCache full:https://registry.npmmirror.com/call-bind cache-hit
1236 silly fetch manifest es-abstract@^1.23.2
1237 silly packumentCache full:https://registry.npmmirror.com/es-abstract cache-hit
1238 silly fetch manifest es-object-atoms@^1.0.0
1239 silly packumentCache full:https://registry.npmmirror.com/es-object-atoms cache-hit
1240 silly fetch manifest call-bound@^1.0.3
1241 silly packumentCache full:https://registry.npmmirror.com/call-bound cache-hit
1242 silly fetch manifest call-bound@^1.0.2
1243 silly packumentCache full:https://registry.npmmirror.com/call-bound cache-hit
1244 silly fetch manifest @types/json5@^0.0.29
1245 silly packumentCache full:https://registry.npmmirror.com/@types%2fjson5 cache-miss
1246 http fetch GET 200 https://registry.npmmirror.com/define-properties 11ms (cache miss)
1247 silly packumentCache full:https://registry.npmmirror.com/define-properties set size:7369 disposed:true
1248 silly packumentCache full:https://registry.npmmirror.com/define-properties dispose
1249 silly fetch manifest json5@^1.0.2
1250 silly packumentCache full:https://registry.npmmirror.com/json5 cache-miss
1251 http fetch GET 200 https://registry.npmmirror.com/es-abstract 13ms (cache miss)
1252 silly packumentCache full:https://registry.npmmirror.com/es-abstract set size:52023 disposed:false
1253 silly packumentCache full:https://registry.npmmirror.com/es-abstract dispose
1254 silly fetch manifest minimist@^1.2.6
1255 silly packumentCache full:https://registry.npmmirror.com/minimist cache-miss
1256 http fetch GET 200 https://registry.npmmirror.com/es-shim-unscopables 19ms (cache miss)
1257 silly packumentCache full:https://registry.npmmirror.com/es-shim-unscopables set size:4499 disposed:false
1258 silly fetch manifest strip-bom@^3.0.0
1259 silly packumentCache full:https://registry.npmmirror.com/strip-bom cache-miss
1260 http fetch GET 200 https://registry.npmmirror.com/es-shim-unscopables 18ms (cache miss)
1261 silly packumentCache full:https://registry.npmmirror.com/es-shim-unscopables set size:4499 disposed:false
1262 silly packumentCache full:https://registry.npmmirror.com/es-shim-unscopables dispose
1263 http fetch GET 200 https://registry.npmmirror.com/es-shim-unscopables 16ms (cache miss)
1264 silly packumentCache full:https://registry.npmmirror.com/es-shim-unscopables set size:4499 disposed:true
1265 silly packumentCache full:https://registry.npmmirror.com/es-shim-unscopables dispose
1266 http fetch GET 200 https://registry.npmmirror.com/function-bind 15ms (cache miss)
1267 silly packumentCache full:https://registry.npmmirror.com/function-bind set size:4376 disposed:false
1268 http fetch GET 200 https://registry.npmmirror.com/es-abstract 20ms (cache miss)
1269 silly packumentCache full:https://registry.npmmirror.com/es-abstract set size:52023 disposed:true
1270 silly packumentCache full:https://registry.npmmirror.com/es-abstract dispose
1271 http fetch GET 200 https://registry.npmmirror.com/es-abstract 20ms (cache miss)
1272 silly packumentCache full:https://registry.npmmirror.com/es-abstract set size:52023 disposed:true
1273 silly packumentCache full:https://registry.npmmirror.com/es-abstract dispose
1274 http fetch GET 200 https://registry.npmmirror.com/minimist 10ms (cache miss)
1275 silly packumentCache full:https://registry.npmmirror.com/minimist set size:15089 disposed:false
1276 http fetch GET 200 https://registry.npmmirror.com/@types%2fjson5 13ms (cache miss)
1277 silly packumentCache full:https://registry.npmmirror.com/@types%2fjson5 set size:4033 disposed:false
1278 http fetch GET 200 https://registry.npmmirror.com/json5 12ms (cache miss)
1279 silly packumentCache full:https://registry.npmmirror.com/json5 set size:18850 disposed:false
1280 http fetch GET 200 https://registry.npmmirror.com/strip-bom 12ms (cache miss)
1281 silly packumentCache full:https://registry.npmmirror.com/strip-bom set size:4055 disposed:false
1282 silly placeDep ROOT call-bind@1.0.9 OK for: array-includes@3.1.9 want: ^1.0.8
1283 silly placeDep ROOT call-bound@1.0.4 OK for: array-includes@3.1.9 want: ^1.0.4
1284 silly placeDep ROOT define-properties@1.2.1 OK for: array-includes@3.1.9 want: ^1.2.1
1285 silly placeDep ROOT es-abstract@1.24.2 OK for: array-includes@3.1.9 want: ^1.24.0
1286 silly placeDep ROOT es-object-atoms@1.1.1 OK for: array-includes@3.1.9 want: ^1.1.1
1287 silly placeDep ROOT get-intrinsic@1.3.0 OK for: array-includes@3.1.9 want: ^1.3.0
1288 silly placeDep ROOT is-string@1.1.1 OK for: array-includes@3.1.9 want: ^1.1.1
1289 silly placeDep ROOT math-intrinsics@1.1.0 OK for: array-includes@3.1.9 want: ^1.1.0
1290 silly fetch manifest call-bind-apply-helpers@^1.0.2
1291 silly packumentCache full:https://registry.npmmirror.com/call-bind-apply-helpers cache-miss
1292 silly fetch manifest es-define-property@^1.0.1
1293 silly packumentCache full:https://registry.npmmirror.com/es-define-property cache-miss
1294 silly fetch manifest set-function-length@^1.2.2
1295 silly packumentCache full:https://registry.npmmirror.com/set-function-length cache-miss
1296 silly fetch manifest call-bind-apply-helpers@^1.0.2
1297 silly packumentCache full:https://registry.npmmirror.com/call-bind-apply-helpers cache-miss
1298 silly fetch manifest define-data-property@^1.0.1
1299 silly packumentCache full:https://registry.npmmirror.com/define-data-property cache-miss
1300 silly fetch manifest has-property-descriptors@^1.0.0
1301 silly packumentCache full:https://registry.npmmirror.com/has-property-descriptors cache-miss
1302 silly fetch manifest array-buffer-byte-length@^1.0.2
1303 silly packumentCache full:https://registry.npmmirror.com/array-buffer-byte-length cache-miss
1304 silly fetch manifest arraybuffer.prototype.slice@^1.0.4
1305 silly packumentCache full:https://registry.npmmirror.com/arraybuffer.prototype.slice cache-miss
1306 silly fetch manifest available-typed-arrays@^1.0.7
1307 silly packumentCache full:https://registry.npmmirror.com/available-typed-arrays cache-miss
1308 http fetch GET 200 https://registry.npmmirror.com/call-bind-apply-helpers 10ms (cache miss)
1309 silly packumentCache full:https://registry.npmmirror.com/call-bind-apply-helpers set size:3532 disposed:false
1310 silly fetch manifest data-view-buffer@^1.0.2
1311 silly packumentCache full:https://registry.npmmirror.com/data-view-buffer cache-miss
1312 http fetch GET 200 https://registry.npmmirror.com/call-bind-apply-helpers 15ms (cache miss)
1313 silly packumentCache full:https://registry.npmmirror.com/call-bind-apply-helpers set size:3532 disposed:false
1314 silly packumentCache full:https://registry.npmmirror.com/call-bind-apply-helpers dispose
1315 silly fetch manifest data-view-byte-length@^1.0.2
1316 silly packumentCache full:https://registry.npmmirror.com/data-view-byte-length cache-miss
1317 http fetch GET 200 https://registry.npmmirror.com/arraybuffer.prototype.slice 15ms (cache miss)
1318 silly packumentCache full:https://registry.npmmirror.com/arraybuffer.prototype.slice set size:4650 disposed:false
1319 silly fetch manifest data-view-byte-offset@^1.0.1
1320 silly packumentCache full:https://registry.npmmirror.com/data-view-byte-offset cache-miss
1321 http fetch GET 200 https://registry.npmmirror.com/has-property-descriptors 16ms (cache miss)
1322 silly packumentCache full:https://registry.npmmirror.com/has-property-descriptors set size:4037 disposed:false
1323 silly fetch manifest es-define-property@^1.0.1
1324 silly packumentCache full:https://registry.npmmirror.com/es-define-property cache-miss
1325 http fetch GET 200 https://registry.npmmirror.com/available-typed-arrays 16ms (cache miss)
1326 silly packumentCache full:https://registry.npmmirror.com/available-typed-arrays set size:4997 disposed:false
1327 silly fetch manifest es-set-tostringtag@^2.1.0
1328 silly packumentCache full:https://registry.npmmirror.com/es-set-tostringtag cache-miss
1329 http fetch GET 200 https://registry.npmmirror.com/define-data-property 16ms (cache miss)
1330 silly packumentCache full:https://registry.npmmirror.com/define-data-property set size:5602 disposed:false
1331 silly fetch manifest es-to-primitive@^1.3.0
1332 silly packumentCache full:https://registry.npmmirror.com/es-to-primitive cache-miss
1333 http fetch GET 200 https://registry.npmmirror.com/set-function-length 17ms (cache miss)
1334 silly packumentCache full:https://registry.npmmirror.com/set-function-length set size:5230 disposed:false
1335 silly fetch manifest function.prototype.name@^1.1.8
1336 silly packumentCache full:https://registry.npmmirror.com/function.prototype.name cache-miss
1337 http fetch GET 200 https://registry.npmmirror.com/es-define-property 18ms (cache miss)
1338 silly packumentCache full:https://registry.npmmirror.com/es-define-property set size:2896 disposed:false
1339 silly fetch manifest get-proto@^1.0.1
1340 silly packumentCache full:https://registry.npmmirror.com/get-proto cache-miss
1341 http fetch GET 200 https://registry.npmmirror.com/array-buffer-byte-length 17ms (cache miss)
1342 silly packumentCache full:https://registry.npmmirror.com/array-buffer-byte-length set size:4200 disposed:false
1343 silly fetch manifest get-symbol-description@^1.1.0
1344 silly packumentCache full:https://registry.npmmirror.com/get-symbol-description cache-miss
1345 http cache https://registry.npmmirror.com/es-define-property 2ms (cache hit)
1346 silly packumentCache full:https://registry.npmmirror.com/es-define-property set size:8807 disposed:false
1347 silly packumentCache full:https://registry.npmmirror.com/es-define-property dispose
1348 silly fetch manifest globalthis@^1.0.4
1349 silly packumentCache full:https://registry.npmmirror.com/globalthis cache-miss
1350 http fetch GET 200 https://registry.npmmirror.com/data-view-buffer 85ms (cache miss)
1351 silly packumentCache full:https://registry.npmmirror.com/data-view-buffer set size:3448 disposed:false
1352 silly fetch manifest gopd@^1.2.0
1353 silly packumentCache full:https://registry.npmmirror.com/gopd cache-miss
1354 http fetch GET 200 https://registry.npmmirror.com/data-view-byte-offset 83ms (cache miss)
1355 silly packumentCache full:https://registry.npmmirror.com/data-view-byte-offset set size:3104 disposed:false
1356 silly fetch manifest has-property-descriptors@^1.0.2
1357 silly packumentCache full:https://registry.npmmirror.com/has-property-descriptors cache-hit
1358 silly fetch manifest has-proto@^1.2.0
1359 silly packumentCache full:https://registry.npmmirror.com/has-proto cache-miss
1360 http fetch GET 200 https://registry.npmmirror.com/get-symbol-description 82ms (cache miss)
1361 silly packumentCache full:https://registry.npmmirror.com/get-symbol-description set size:3815 disposed:false
1362 silly fetch manifest has-symbols@^1.1.0
1363 silly packumentCache full:https://registry.npmmirror.com/has-symbols cache-miss
1364 http fetch GET 200 https://registry.npmmirror.com/globalthis 83ms (cache miss)
1365 silly packumentCache full:https://registry.npmmirror.com/globalthis set size:5549 disposed:false
1366 silly fetch manifest internal-slot@^1.1.0
1367 silly packumentCache full:https://registry.npmmirror.com/internal-slot cache-miss
1368 http fetch GET 200 https://registry.npmmirror.com/data-view-byte-length 86ms (cache miss)
1369 silly packumentCache full:https://registry.npmmirror.com/data-view-byte-length set size:3508 disposed:false
1370 silly fetch manifest is-array-buffer@^3.0.5
1371 silly packumentCache full:https://registry.npmmirror.com/is-array-buffer cache-miss
1372 http fetch GET 200 https://registry.npmmirror.com/es-set-tostringtag 85ms (cache miss)
1373 silly packumentCache full:https://registry.npmmirror.com/es-set-tostringtag set size:6558 disposed:false
1374 silly fetch manifest is-callable@^1.2.7
1375 silly packumentCache full:https://registry.npmmirror.com/is-callable cache-miss
1376 http fetch GET 200 https://registry.npmmirror.com/get-proto 86ms (cache miss)
1377 silly packumentCache full:https://registry.npmmirror.com/get-proto set size:2799 disposed:false
1378 silly fetch manifest is-data-view@^1.0.2
1379 silly packumentCache full:https://registry.npmmirror.com/is-data-view cache-miss
1380 http fetch GET 200 https://registry.npmmirror.com/es-to-primitive 88ms (cache miss)
1381 silly packumentCache full:https://registry.npmmirror.com/es-to-primitive set size:5211 disposed:false
1382 silly fetch manifest is-negative-zero@^2.0.3
1383 silly packumentCache full:https://registry.npmmirror.com/is-negative-zero cache-miss
1384 http fetch GET 200 https://registry.npmmirror.com/function.prototype.name 87ms (cache miss)
1385 silly packumentCache full:https://registry.npmmirror.com/function.prototype.name set size:7911 disposed:false
1386 silly fetch manifest is-regex@^1.2.1
1387 silly packumentCache full:https://registry.npmmirror.com/is-regex cache-miss
1388 http fetch GET 200 https://registry.npmmirror.com/gopd 10ms (cache miss)
1389 silly packumentCache full:https://registry.npmmirror.com/gopd set size:3962 disposed:false
1390 silly fetch manifest is-set@^2.0.3
1391 silly packumentCache full:https://registry.npmmirror.com/is-set cache-miss
1392 http fetch GET 200 https://registry.npmmirror.com/has-symbols 13ms (cache miss)
1393 silly packumentCache full:https://registry.npmmirror.com/has-symbols set size:5325 disposed:false
1394 silly fetch manifest is-shared-array-buffer@^1.0.4
1395 silly packumentCache full:https://registry.npmmirror.com/is-shared-array-buffer cache-miss
1396 http fetch GET 200 https://registry.npmmirror.com/internal-slot 11ms (cache miss)
1397 silly packumentCache full:https://registry.npmmirror.com/internal-slot set size:7080 disposed:false
1398 silly fetch manifest is-typed-array@^1.1.15
1399 silly packumentCache full:https://registry.npmmirror.com/is-typed-array cache-miss
1400 http fetch GET 200 https://registry.npmmirror.com/has-proto 14ms (cache miss)
1401 silly packumentCache full:https://registry.npmmirror.com/has-proto set size:6029 disposed:false
1402 silly fetch manifest is-weakref@^1.1.1
1403 silly packumentCache full:https://registry.npmmirror.com/is-weakref cache-miss
1404 http fetch GET 200 https://registry.npmmirror.com/is-array-buffer 14ms (cache miss)
1405 silly packumentCache full:https://registry.npmmirror.com/is-array-buffer set size:9151 disposed:false
1406 silly fetch manifest object-inspect@^1.13.4
1407 silly packumentCache full:https://registry.npmmirror.com/object-inspect cache-miss
1408 http fetch GET 200 https://registry.npmmirror.com/is-data-view 14ms (cache miss)
1409 silly packumentCache full:https://registry.npmmirror.com/is-data-view set size:3689 disposed:false
1410 silly fetch manifest object.assign@^4.1.7
1411 silly packumentCache full:https://registry.npmmirror.com/object.assign cache-miss
1412 http fetch GET 200 https://registry.npmmirror.com/is-negative-zero 13ms (cache miss)
1413 silly packumentCache full:https://registry.npmmirror.com/is-negative-zero set size:5445 disposed:false
1414 silly fetch manifest own-keys@^1.0.1
1415 silly packumentCache full:https://registry.npmmirror.com/own-keys cache-miss
1416 http fetch GET 200 https://registry.npmmirror.com/is-set 13ms (cache miss)
1417 silly packumentCache full:https://registry.npmmirror.com/is-set set size:4077 disposed:false
1418 silly fetch manifest regexp.prototype.flags@^1.5.4
1419 silly packumentCache full:https://registry.npmmirror.com/regexp.prototype.flags cache-miss
1420 http fetch GET 200 https://registry.npmmirror.com/is-regex 14ms (cache miss)
1421 silly packumentCache full:https://registry.npmmirror.com/is-regex set size:7442 disposed:false
1422 silly fetch manifest safe-array-concat@^1.1.3
1423 silly packumentCache full:https://registry.npmmirror.com/safe-array-concat cache-miss
1424 http fetch GET 200 https://registry.npmmirror.com/is-callable 17ms (cache miss)
1425 silly packumentCache full:https://registry.npmmirror.com/is-callable set size:12207 disposed:false
1426 silly fetch manifest safe-push-apply@^1.0.0
1427 silly packumentCache full:https://registry.npmmirror.com/safe-push-apply cache-miss
1428 http fetch GET 200 https://registry.npmmirror.com/is-shared-array-buffer 12ms (cache miss)
1429 silly packumentCache full:https://registry.npmmirror.com/is-shared-array-buffer set size:5014 disposed:false
1430 silly fetch manifest safe-regex-test@^1.1.0
1431 silly packumentCache full:https://registry.npmmirror.com/safe-regex-test cache-hit
1432 silly fetch manifest set-proto@^1.0.0
1433 silly packumentCache full:https://registry.npmmirror.com/set-proto cache-miss
1434 http fetch GET 200 https://registry.npmmirror.com/is-typed-array 11ms (cache miss)
1435 silly packumentCache full:https://registry.npmmirror.com/is-typed-array set size:12988 disposed:false
1436 silly fetch manifest stop-iteration-iterator@^1.1.0
1437 silly packumentCache full:https://registry.npmmirror.com/stop-iteration-iterator cache-miss
1438 http fetch GET 200 https://registry.npmmirror.com/is-weakref 14ms (cache miss)
1439 silly packumentCache full:https://registry.npmmirror.com/is-weakref set size:4835 disposed:false
1440 silly fetch manifest string.prototype.trim@^1.2.10
1441 silly packumentCache full:https://registry.npmmirror.com/string.prototype.trim cache-miss
1442 http fetch GET 200 https://registry.npmmirror.com/object-inspect 12ms (cache miss)
1443 silly packumentCache full:https://registry.npmmirror.com/object-inspect set size:19266 disposed:false
1444 silly fetch manifest string.prototype.trimstart@^1.0.8
1445 silly packumentCache full:https://registry.npmmirror.com/string.prototype.trimstart cache-miss
1446 http fetch GET 200 https://registry.npmmirror.com/own-keys 13ms (cache miss)
1447 silly packumentCache full:https://registry.npmmirror.com/own-keys set size:2880 disposed:false
1448 silly fetch manifest typed-array-buffer@^1.0.3
1449 silly packumentCache full:https://registry.npmmirror.com/typed-array-buffer cache-miss
1450 http fetch GET 200 https://registry.npmmirror.com/safe-push-apply 12ms (cache miss)
1451 silly packumentCache full:https://registry.npmmirror.com/safe-push-apply set size:2489 disposed:false
1452 silly fetch manifest typed-array-byte-length@^1.0.3
1453 silly packumentCache full:https://registry.npmmirror.com/typed-array-byte-length cache-miss
1454 http fetch GET 200 https://registry.npmmirror.com/safe-array-concat 13ms (cache miss)
1455 silly packumentCache full:https://registry.npmmirror.com/safe-array-concat set size:6218 disposed:false
1456 silly fetch manifest typed-array-byte-offset@^1.0.4
1457 silly packumentCache full:https://registry.npmmirror.com/typed-array-byte-offset cache-miss
1458 http fetch GET 200 https://registry.npmmirror.com/object.assign 15ms (cache miss)
1459 silly packumentCache full:https://registry.npmmirror.com/object.assign set size:15538 disposed:false
1460 silly fetch manifest typed-array-length@^1.0.7
1461 silly packumentCache full:https://registry.npmmirror.com/typed-array-length cache-miss
1462 http fetch GET 200 https://registry.npmmirror.com/regexp.prototype.flags 15ms (cache miss)
1463 silly packumentCache full:https://registry.npmmirror.com/regexp.prototype.flags set size:13352 disposed:false
1464 silly fetch manifest unbox-primitive@^1.1.0
1465 silly packumentCache full:https://registry.npmmirror.com/unbox-primitive cache-miss
1466 http fetch GET 200 https://registry.npmmirror.com/set-proto 11ms (cache miss)
1467 silly packumentCache full:https://registry.npmmirror.com/set-proto set size:2390 disposed:false
1468 silly fetch manifest which-typed-array@^1.1.19
1469 silly packumentCache full:https://registry.npmmirror.com/which-typed-array cache-miss
1470 http fetch GET 200 https://registry.npmmirror.com/stop-iteration-iterator 11ms (cache miss)
1471 silly packumentCache full:https://registry.npmmirror.com/stop-iteration-iterator set size:3567 disposed:false
1472 silly fetch manifest has-tostringtag@^1.0.2
1473 silly packumentCache full:https://registry.npmmirror.com/has-tostringtag cache-miss
1474 http fetch GET 200 https://registry.npmmirror.com/string.prototype.trimstart 14ms (cache miss)
1475 silly packumentCache full:https://registry.npmmirror.com/string.prototype.trimstart set size:7822 disposed:false
1476 http fetch GET 200 https://registry.npmmirror.com/typed-array-buffer 12ms (cache miss)
1477 silly packumentCache full:https://registry.npmmirror.com/typed-array-buffer set size:3861 disposed:false
1478 http fetch GET 200 https://registry.npmmirror.com/typed-array-length 13ms (cache miss)
1479 silly packumentCache full:https://registry.npmmirror.com/typed-array-length set size:8781 disposed:false
1480 http fetch GET 200 https://registry.npmmirror.com/unbox-primitive 13ms (cache miss)
1481 silly packumentCache full:https://registry.npmmirror.com/unbox-primitive set size:4660 disposed:false
1482 http fetch GET 200 https://registry.npmmirror.com/string.prototype.trim 19ms (cache miss)
1483 silly packumentCache full:https://registry.npmmirror.com/string.prototype.trim set size:9985 disposed:false
1484 http fetch GET 200 https://registry.npmmirror.com/typed-array-byte-offset 15ms (cache miss)
1485 silly packumentCache full:https://registry.npmmirror.com/typed-array-byte-offset set size:4744 disposed:false
1486 http fetch GET 200 https://registry.npmmirror.com/typed-array-byte-length 20ms (cache miss)
1487 silly packumentCache full:https://registry.npmmirror.com/typed-array-byte-length set size:4248 disposed:false
1488 http fetch GET 200 https://registry.npmmirror.com/has-tostringtag 15ms (cache miss)
1489 silly packumentCache full:https://registry.npmmirror.com/has-tostringtag set size:3448 disposed:false
1490 http fetch GET 200 https://registry.npmmirror.com/which-typed-array 16ms (cache miss)
1491 silly packumentCache full:https://registry.npmmirror.com/which-typed-array set size:14024 disposed:false
1492 silly placeDep ROOT es-errors@1.3.0 OK for: array.prototype.findlastindex@1.2.6 want: ^1.3.0
1493 silly placeDep ROOT es-shim-unscopables@1.1.0 OK for: array.prototype.findlastindex@1.2.6 want: ^1.1.0
1494 silly placeDep ROOT call-bind-apply-helpers@1.0.2 OK for: call-bind@1.0.9 want: ^1.0.2
1495 silly placeDep ROOT es-define-property@1.0.1 OK for: call-bind@1.0.9 want: ^1.0.1
1496 silly placeDep ROOT set-function-length@1.2.2 OK for: call-bind@1.0.9 want: ^1.2.2
1497 silly fetch manifest define-data-property@^1.1.4
1498 silly packumentCache full:https://registry.npmmirror.com/define-data-property cache-hit
1499 silly fetch manifest gopd@^1.0.1
1500 silly packumentCache full:https://registry.npmmirror.com/gopd cache-hit
1501 silly placeDep ROOT function-bind@1.1.2 OK for: call-bind-apply-helpers@1.0.2 want: ^1.1.2
1502 silly placeDep ROOT define-data-property@1.1.4 OK for: define-properties@1.2.1 want: ^1.0.1
1503 silly placeDep ROOT has-property-descriptors@1.0.2 OK for: define-properties@1.2.1 want: ^1.0.0
1504 silly placeDep ROOT object-keys@1.1.1 OK for: define-properties@1.2.1 want: ^1.1.1
1505 silly placeDep ROOT gopd@1.2.0 OK for: define-data-property@1.1.4 want: ^1.0.1
1506 silly placeDep ROOT array-buffer-byte-length@1.0.2 OK for: es-abstract@1.24.2 want: ^1.0.2
1507 silly placeDep ROOT arraybuffer.prototype.slice@1.0.4 OK for: es-abstract@1.24.2 want: ^1.0.4
1508 silly placeDep ROOT available-typed-arrays@1.0.7 OK for: es-abstract@1.24.2 want: ^1.0.7
1509 silly placeDep ROOT data-view-buffer@1.0.2 OK for: es-abstract@1.24.2 want: ^1.0.2
1510 silly placeDep ROOT data-view-byte-length@1.0.2 OK for: es-abstract@1.24.2 want: ^1.0.2
1511 silly placeDep ROOT data-view-byte-offset@1.0.1 OK for: es-abstract@1.24.2 want: ^1.0.1
1512 silly placeDep ROOT es-set-tostringtag@2.1.0 OK for: es-abstract@1.24.2 want: ^2.1.0
1513 silly placeDep ROOT es-to-primitive@1.3.0 OK for: es-abstract@1.24.2 want: ^1.3.0
1514 silly placeDep ROOT function.prototype.name@1.1.8 OK for: es-abstract@1.24.2 want: ^1.1.8
1515 silly placeDep ROOT get-proto@1.0.1 OK for: es-abstract@1.24.2 want: ^1.0.1
1516 silly placeDep ROOT get-symbol-description@1.1.0 OK for: es-abstract@1.24.2 want: ^1.1.0
1517 silly placeDep ROOT globalthis@1.0.4 OK for: es-abstract@1.24.2 want: ^1.0.4
1518 silly placeDep ROOT has-proto@1.2.0 OK for: es-abstract@1.24.2 want: ^1.2.0
1519 silly placeDep ROOT has-symbols@1.1.0 OK for: es-abstract@1.24.2 want: ^1.1.0
1520 silly placeDep ROOT internal-slot@1.1.0 OK for: es-abstract@1.24.2 want: ^1.1.0
1521 silly placeDep ROOT is-array-buffer@3.0.5 OK for: es-abstract@1.24.2 want: ^3.0.5
1522 silly placeDep ROOT is-callable@1.2.7 OK for: es-abstract@1.24.2 want: ^1.2.7
1523 silly placeDep ROOT is-data-view@1.0.2 OK for: es-abstract@1.24.2 want: ^1.0.2
1524 silly placeDep ROOT is-negative-zero@2.0.3 OK for: es-abstract@1.24.2 want: ^2.0.3
1525 silly placeDep ROOT is-regex@1.2.1 OK for: es-abstract@1.24.2 want: ^1.2.1
1526 silly placeDep ROOT is-set@2.0.3 OK for: es-abstract@1.24.2 want: ^2.0.3
1527 silly placeDep ROOT is-shared-array-buffer@1.0.4 OK for: es-abstract@1.24.2 want: ^1.0.4
1528 silly placeDep ROOT is-typed-array@1.1.15 OK for: es-abstract@1.24.2 want: ^1.1.15
1529 silly placeDep ROOT is-weakref@1.1.1 OK for: es-abstract@1.24.2 want: ^1.1.1
1530 silly placeDep ROOT object-inspect@1.13.4 OK for: es-abstract@1.24.2 want: ^1.13.4
1531 silly placeDep ROOT object.assign@4.1.7 OK for: es-abstract@1.24.2 want: ^4.1.7
1532 silly placeDep ROOT own-keys@1.0.1 OK for: es-abstract@1.24.2 want: ^1.0.1
1533 silly placeDep ROOT regexp.prototype.flags@1.5.4 OK for: es-abstract@1.24.2 want: ^1.5.4
1534 silly placeDep ROOT safe-array-concat@1.1.4 OK for: es-abstract@1.24.2 want: ^1.1.3
1535 silly placeDep ROOT safe-push-apply@1.0.0 OK for: es-abstract@1.24.2 want: ^1.0.0
1536 silly placeDep ROOT safe-regex-test@1.1.0 OK for: es-abstract@1.24.2 want: ^1.1.0
1537 silly placeDep ROOT set-proto@1.0.0 OK for: es-abstract@1.24.2 want: ^1.0.0
1538 silly placeDep ROOT stop-iteration-iterator@1.1.0 OK for: es-abstract@1.24.2 want: ^1.1.0
1539 silly placeDep ROOT string.prototype.trim@1.2.10 OK for: es-abstract@1.24.2 want: ^1.2.10
1540 silly placeDep ROOT string.prototype.trimstart@1.0.8 OK for: es-abstract@1.24.2 want: ^1.0.8
1541 silly placeDep ROOT typed-array-buffer@1.0.3 OK for: es-abstract@1.24.2 want: ^1.0.3
1542 silly placeDep ROOT typed-array-byte-length@1.0.3 OK for: es-abstract@1.24.2 want: ^1.0.3
1543 silly placeDep ROOT typed-array-byte-offset@1.0.4 OK for: es-abstract@1.24.2 want: ^1.0.4
1544 silly placeDep ROOT typed-array-length@1.0.7 OK for: es-abstract@1.24.2 want: ^1.0.7
1545 silly placeDep ROOT unbox-primitive@1.1.0 OK for: es-abstract@1.24.2 want: ^1.1.0
1546 silly placeDep ROOT which-typed-array@1.1.20 OK for: es-abstract@1.24.2 want: ^1.1.19
1547 silly fetch manifest is-array-buffer@^3.0.4
1548 silly packumentCache full:https://registry.npmmirror.com/is-array-buffer cache-hit
1549 silly fetch manifest possible-typed-array-names@^1.0.0
1550 silly packumentCache full:https://registry.npmmirror.com/possible-typed-array-names cache-miss
1551 silly fetch manifest is-data-view@^1.0.1
1552 silly packumentCache full:https://registry.npmmirror.com/is-data-view cache-hit
1553 silly fetch manifest is-date-object@^1.0.5
1554 silly packumentCache full:https://registry.npmmirror.com/is-date-object cache-miss
1555 silly fetch manifest is-symbol@^1.0.4
1556 silly packumentCache full:https://registry.npmmirror.com/is-symbol cache-miss
1557 silly fetch manifest functions-have-names@^1.2.3
1558 silly packumentCache full:https://registry.npmmirror.com/functions-have-names cache-miss
1559 silly fetch manifest dunder-proto@^1.0.1
1560 silly packumentCache full:https://registry.npmmirror.com/dunder-proto cache-miss
1561 silly fetch manifest dunder-proto@^1.0.0
1562 silly packumentCache full:https://registry.npmmirror.com/dunder-proto cache-miss
1563 silly fetch manifest side-channel@^1.1.0
1564 silly packumentCache full:https://registry.npmmirror.com/side-channel cache-miss
1565 silly fetch manifest is-typed-array@^1.1.13
1566 silly packumentCache full:https://registry.npmmirror.com/is-typed-array cache-hit
1567 silly fetch manifest which-typed-array@^1.1.16
1568 silly packumentCache full:https://registry.npmmirror.com/which-typed-array cache-hit
1569 silly fetch manifest set-function-name@^2.0.2
1570 silly packumentCache full:https://registry.npmmirror.com/set-function-name cache-miss
1571 silly fetch manifest isarray@^2.0.5
1572 silly packumentCache full:https://registry.npmmirror.com/isarray cache-miss
1573 http fetch GET 200 https://registry.npmmirror.com/possible-typed-array-names 16ms (cache miss)
1574 silly packumentCache full:https://registry.npmmirror.com/possible-typed-array-names set size:3063 disposed:false
1575 silly fetch manifest isarray@^2.0.5
1576 silly packumentCache full:https://registry.npmmirror.com/isarray cache-miss
1577 http fetch GET 200 https://registry.npmmirror.com/set-function-name 16ms (cache miss)
1578 silly packumentCache full:https://registry.npmmirror.com/set-function-name set size:3915 disposed:false
1579 silly fetch manifest dunder-proto@^1.0.1
1580 silly packumentCache full:https://registry.npmmirror.com/dunder-proto cache-miss
1581 http fetch GET 200 https://registry.npmmirror.com/dunder-proto 17ms (cache miss)
1582 silly packumentCache full:https://registry.npmmirror.com/dunder-proto set size:2798 disposed:false
1583 silly fetch manifest for-each@^0.3.3
1584 silly packumentCache full:https://registry.npmmirror.com/for-each cache-miss
1585 http fetch GET 200 https://registry.npmmirror.com/is-symbol 17ms (cache miss)
1586 silly packumentCache full:https://registry.npmmirror.com/is-symbol set size:5011 disposed:false
1587 silly fetch manifest for-each@^0.3.3
1588 silly packumentCache full:https://registry.npmmirror.com/for-each cache-miss
1589 http fetch GET 200 https://registry.npmmirror.com/isarray 17ms (cache miss)
1590 silly packumentCache full:https://registry.npmmirror.com/isarray set size:3703 disposed:false
1591 silly fetch manifest reflect.getprototypeof@^1.0.9
1592 silly packumentCache full:https://registry.npmmirror.com/reflect.getprototypeof cache-miss
1593 http fetch GET 200 https://registry.npmmirror.com/functions-have-names 18ms (cache miss)
1594 silly packumentCache full:https://registry.npmmirror.com/functions-have-names set size:4797 disposed:false
1595 silly fetch manifest for-each@^0.3.3
1596 silly packumentCache full:https://registry.npmmirror.com/for-each cache-miss
1597 http fetch GET 200 https://registry.npmmirror.com/dunder-proto 18ms (cache miss)
1598 silly packumentCache full:https://registry.npmmirror.com/dunder-proto set size:2798 disposed:false
1599 silly packumentCache full:https://registry.npmmirror.com/dunder-proto dispose
1600 silly fetch manifest reflect.getprototypeof@^1.0.6
1601 silly packumentCache full:https://registry.npmmirror.com/reflect.getprototypeof cache-miss
1602 http fetch GET 200 https://registry.npmmirror.com/side-channel 19ms (cache miss)
1603 silly packumentCache full:https://registry.npmmirror.com/side-channel set size:5006 disposed:false
1604 silly fetch manifest has-bigints@^1.0.2
1605 silly packumentCache full:https://registry.npmmirror.com/has-bigints cache-miss
1606 http fetch GET 200 https://registry.npmmirror.com/is-date-object 19ms (cache miss)
1607 silly packumentCache full:https://registry.npmmirror.com/is-date-object set size:5039 disposed:false
1608 silly fetch manifest which-boxed-primitive@^1.1.1
1609 silly packumentCache full:https://registry.npmmirror.com/which-boxed-primitive cache-miss
1610 http cache https://registry.npmmirror.com/dunder-proto 3ms (cache hit)
1611 silly packumentCache full:https://registry.npmmirror.com/dunder-proto set size:8521 disposed:true
1612 silly packumentCache full:https://registry.npmmirror.com/dunder-proto dispose
1613 silly fetch manifest for-each@^0.3.5
1614 silly packumentCache full:https://registry.npmmirror.com/for-each cache-miss
1615 http fetch GET 200 https://registry.npmmirror.com/isarray 15ms (cache miss)
1616 silly packumentCache full:https://registry.npmmirror.com/isarray set size:3703 disposed:false
1617 silly packumentCache full:https://registry.npmmirror.com/isarray dispose
1618 http fetch GET 200 https://registry.npmmirror.com/for-each 14ms (cache miss)
1619 silly packumentCache full:https://registry.npmmirror.com/for-each set size:3759 disposed:false
1620 http fetch GET 200 https://registry.npmmirror.com/for-each 13ms (cache miss)
1621 silly packumentCache full:https://registry.npmmirror.com/for-each set size:3759 disposed:false
1622 silly packumentCache full:https://registry.npmmirror.com/for-each dispose
1623 http fetch GET 200 https://registry.npmmirror.com/for-each 13ms (cache miss)
1624 silly packumentCache full:https://registry.npmmirror.com/for-each set size:3759 disposed:true
1625 silly packumentCache full:https://registry.npmmirror.com/for-each dispose
1626 http fetch GET 200 https://registry.npmmirror.com/has-bigints 13ms (cache miss)
1627 silly packumentCache full:https://registry.npmmirror.com/has-bigints set size:4240 disposed:false
1628 http fetch GET 200 https://registry.npmmirror.com/for-each 12ms (cache miss)
1629 silly packumentCache full:https://registry.npmmirror.com/for-each set size:3759 disposed:true
1630 silly packumentCache full:https://registry.npmmirror.com/for-each dispose
1631 http fetch GET 200 https://registry.npmmirror.com/reflect.getprototypeof 14ms (cache miss)
1632 silly packumentCache full:https://registry.npmmirror.com/reflect.getprototypeof set size:8240 disposed:false
1633 http fetch GET 200 https://registry.npmmirror.com/reflect.getprototypeof 14ms (cache miss)
1634 silly packumentCache full:https://registry.npmmirror.com/reflect.getprototypeof set size:8240 disposed:false
1635 silly packumentCache full:https://registry.npmmirror.com/reflect.getprototypeof dispose
1636 http fetch GET 200 https://registry.npmmirror.com/which-boxed-primitive 13ms (cache miss)
1637 silly packumentCache full:https://registry.npmmirror.com/which-boxed-primitive set size:4261 disposed:false
1638 silly placeDep ROOT possible-typed-array-names@1.1.0 OK for: available-typed-arrays@1.0.7 want: ^1.0.0
1639 silly placeDep ROOT has-tostringtag@1.0.2 OK for: es-set-tostringtag@2.1.0 want: ^1.0.2
1640 silly placeDep ROOT is-date-object@1.1.0 OK for: es-to-primitive@1.3.0 want: ^1.0.5
1641 silly placeDep ROOT is-symbol@1.1.1 OK for: es-to-primitive@1.3.0 want: ^1.0.4
1642 silly placeDep node_modules/eslint-module-utils debug@3.2.7 OK for: eslint-module-utils@2.12.1 want: ^3.2.7
1643 silly placeDep ROOT aria-query@5.3.2 OK for: eslint-plugin-jsx-a11y@6.10.2 want: ^5.3.2
1644 silly placeDep ROOT ast-types-flow@0.0.8 OK for: eslint-plugin-jsx-a11y@6.10.2 want: ^0.0.8
1645 silly placeDep ROOT axe-core@4.11.4 OK for: eslint-plugin-jsx-a11y@6.10.2 want: ^4.10.0
1646 silly placeDep ROOT axobject-query@4.1.0 OK for: eslint-plugin-jsx-a11y@6.10.2 want: ^4.1.0
1647 silly placeDep ROOT damerau-levenshtein@1.0.8 OK for: eslint-plugin-jsx-a11y@6.10.2 want: ^1.0.8
1648 silly placeDep ROOT emoji-regex@9.2.2 OK for: eslint-plugin-jsx-a11y@6.10.2 want: ^9.2.2
1649 silly placeDep ROOT jsx-ast-utils@3.3.5 OK for: eslint-plugin-jsx-a11y@6.10.2 want: ^3.3.5
1650 silly placeDep ROOT language-tags@1.0.9 OK for: eslint-plugin-jsx-a11y@6.10.2 want: ^1.0.9
1651 silly placeDep ROOT string.prototype.includes@2.0.1 OK for: eslint-plugin-jsx-a11y@6.10.2 want: ^2.0.1
1652 silly fetch manifest language-subtag-registry@^0.3.20
1653 silly packumentCache full:https://registry.npmmirror.com/language-subtag-registry cache-miss
1654 http fetch GET 200 https://registry.npmmirror.com/language-subtag-registry 9ms (cache miss)
1655 silly packumentCache full:https://registry.npmmirror.com/language-subtag-registry set size:9593 disposed:false
1656 silly placeDep ROOT array.prototype.findlast@1.2.5 OK for: eslint-plugin-react@7.37.5 want: ^1.2.5
1657 silly placeDep ROOT array.prototype.tosorted@1.1.4 OK for: eslint-plugin-react@7.37.5 want: ^1.1.4
1658 silly placeDep ROOT es-iterator-helpers@1.3.2 OK for: eslint-plugin-react@7.37.5 want: ^1.2.1
1659 silly placeDep ROOT estraverse@5.3.0 OK for: eslint-plugin-react@7.37.5 want: ^5.3.0
1660 silly placeDep ROOT object.entries@1.1.9 OK for: eslint-plugin-react@7.37.5 want: ^1.1.9
1661 silly placeDep ROOT prop-types@15.8.1 OK for: eslint-plugin-react@7.37.5 want: ^15.8.1
1662 silly placeDep ROOT string.prototype.matchall@4.0.12 OK for: eslint-plugin-react@7.37.5 want: ^4.0.12
1663 silly placeDep ROOT string.prototype.repeat@1.0.0 OK for: eslint-plugin-react@7.37.5 want: ^1.0.0
1664 silly fetch manifest iterator.prototype@^1.1.5
1665 silly packumentCache full:https://registry.npmmirror.com/iterator.prototype cache-miss
1666 silly fetch manifest loose-envify@^1.4.0
1667 silly packumentCache full:https://registry.npmmirror.com/loose-envify cache-miss
1668 silly fetch manifest object-assign@^4.1.1
1669 silly packumentCache full:https://registry.npmmirror.com/object-assign cache-miss
1670 silly fetch manifest react-is@^16.13.1
1671 silly packumentCache full:https://registry.npmmirror.com/react-is cache-miss
1672 http fetch GET 200 https://registry.npmmirror.com/iterator.prototype 8ms (cache miss)
1673 silly packumentCache full:https://registry.npmmirror.com/iterator.prototype set size:6949 disposed:false
1674 http fetch GET 200 https://registry.npmmirror.com/loose-envify 14ms (cache miss)
1675 silly packumentCache full:https://registry.npmmirror.com/loose-envify set size:2934 disposed:false
1676 http fetch GET 200 https://registry.npmmirror.com/object-assign 18ms (cache miss)
1677 silly packumentCache full:https://registry.npmmirror.com/object-assign set size:5509 disposed:false
1678 http fetch GET 200 https://registry.npmmirror.com/react-is 52ms (cache miss)
1679 silly packumentCache full:https://registry.npmmirror.com/react-is set size:1131843 disposed:false
1680 silly placeDep ROOT iterator.prototype@1.1.5 OK for: es-iterator-helpers@1.3.2 want: ^1.1.5
1681 silly placeDep ROOT @babel/core@7.29.0 OK for: eslint-plugin-react-hooks@7.1.1 want: ^7.24.4
1682 silly placeDep ROOT @babel/parser@7.29.2 OK for: eslint-plugin-react-hooks@7.1.1 want: ^7.24.4
1683 silly placeDep ROOT hermes-parser@0.25.1 OK for: eslint-plugin-react-hooks@7.1.1 want: ^0.25.1
1684 silly placeDep ROOT zod@4.4.1 OK for: eslint-plugin-react-hooks@7.1.1 want: ^3.25.0 || ^4.0.0
1685 silly placeDep ROOT zod-validation-error@4.0.2 OK for: eslint-plugin-react-hooks@7.1.1 want: ^3.5.0 || ^4.0.0
1686 silly fetch manifest @babel/code-frame@^7.29.0
1687 silly packumentCache full:https://registry.npmmirror.com/@babel%2fcode-frame cache-miss
1688 silly fetch manifest @babel/generator@^7.29.0
1689 silly packumentCache full:https://registry.npmmirror.com/@babel%2fgenerator cache-miss
1690 silly fetch manifest @babel/helper-compilation-targets@^7.28.6
1691 silly packumentCache full:https://registry.npmmirror.com/@babel%2fhelper-compilation-targets cache-miss
1692 silly fetch manifest @babel/helper-module-transforms@^7.28.6
1693 silly packumentCache full:https://registry.npmmirror.com/@babel%2fhelper-module-transforms cache-miss
1694 silly fetch manifest @babel/helpers@^7.28.6
1695 silly packumentCache full:https://registry.npmmirror.com/@babel%2fhelpers cache-miss
1696 silly fetch manifest @babel/parser@^7.29.0
1697 silly packumentCache full:https://registry.npmmirror.com/@babel%2fparser cache-hit
1698 silly fetch manifest @babel/template@^7.28.6
1699 silly packumentCache full:https://registry.npmmirror.com/@babel%2ftemplate cache-miss
1700 silly fetch manifest @babel/traverse@^7.29.0
1701 silly packumentCache full:https://registry.npmmirror.com/@babel%2ftraverse cache-miss
1702 silly fetch manifest @babel/types@^7.29.0
1703 silly packumentCache full:https://registry.npmmirror.com/@babel%2ftypes cache-miss
1704 silly fetch manifest convert-source-map@^2.0.0
1705 silly packumentCache full:https://registry.npmmirror.com/convert-source-map cache-miss
1706 http fetch GET 200 https://registry.npmmirror.com/@babel%2fcode-frame 15ms (cache miss)
1707 silly packumentCache full:https://registry.npmmirror.com/@babel%2fcode-frame set size:34618 disposed:false
1708 silly fetch manifest gensync@^1.0.0-beta.2
1709 silly packumentCache full:https://registry.npmmirror.com/gensync cache-miss
1710 http fetch GET 200 https://registry.npmmirror.com/convert-source-map 15ms (cache miss)
1711 silly packumentCache full:https://registry.npmmirror.com/convert-source-map set size:13631 disposed:false
1712 silly fetch manifest json5@^2.2.3
1713 silly packumentCache full:https://registry.npmmirror.com/json5 cache-hit
1714 silly fetch manifest @babel/types@^7.29.0
1715 silly packumentCache full:https://registry.npmmirror.com/@babel%2ftypes cache-miss
1716 http fetch GET 200 https://registry.npmmirror.com/@babel%2ftemplate 17ms (cache miss)
1717 silly packumentCache full:https://registry.npmmirror.com/@babel%2ftemplate set size:38998 disposed:false
1718 silly fetch manifest hermes-estree@0.25.1
1719 silly packumentCache full:https://registry.npmmirror.com/hermes-estree cache-miss
1720 http fetch GET 200 https://registry.npmmirror.com/@babel%2fhelpers 20ms (cache miss)
1721 silly packumentCache full:https://registry.npmmirror.com/@babel%2fhelpers set size:69636 disposed:false
1722 http fetch GET 200 https://registry.npmmirror.com/@babel%2fhelper-module-transforms 23ms (cache miss)
1723 silly packumentCache full:https://registry.npmmirror.com/@babel%2fhelper-module-transforms set size:57702 disposed:false
1724 http fetch GET 200 https://registry.npmmirror.com/@babel%2fgenerator 24ms (cache miss)
1725 silly packumentCache full:https://registry.npmmirror.com/@babel%2fgenerator set size:88914 disposed:false
1726 http fetch GET 200 https://registry.npmmirror.com/@babel%2ftypes 26ms (cache miss)
1727 silly packumentCache full:https://registry.npmmirror.com/@babel%2ftypes set size:81000 disposed:false
1728 http fetch GET 200 https://registry.npmmirror.com/@babel%2fhelper-compilation-targets 27ms (cache miss)
1729 silly packumentCache full:https://registry.npmmirror.com/@babel%2fhelper-compilation-targets set size:40911 disposed:false
1730 http fetch GET 200 https://registry.npmmirror.com/@babel%2ftraverse 28ms (cache miss)
1731 silly packumentCache full:https://registry.npmmirror.com/@babel%2ftraverse set size:94672 disposed:false
1732 http fetch GET 200 https://registry.npmmirror.com/gensync 15ms (cache miss)
1733 silly packumentCache full:https://registry.npmmirror.com/gensync set size:3930 disposed:false
1734 http fetch GET 200 https://registry.npmmirror.com/hermes-estree 13ms (cache miss)
1735 silly packumentCache full:https://registry.npmmirror.com/hermes-estree set size:23058 disposed:false
1736 http fetch GET 200 https://registry.npmmirror.com/@babel%2ftypes 17ms (cache miss)
1737 silly packumentCache full:https://registry.npmmirror.com/@babel%2ftypes set size:81000 disposed:false
1738 silly packumentCache full:https://registry.npmmirror.com/@babel%2ftypes dispose
1739 silly fetch manifest @babel/core@^7.0.0
1740 silly packumentCache full:https://registry.npmmirror.com/@babel%2fcore cache-hit
1741 silly placeDep ROOT @babel/code-frame@7.29.0 OK for: @babel/core@7.29.0 want: ^7.29.0
1742 silly placeDep ROOT @babel/generator@7.29.1 OK for: @babel/core@7.29.0 want: ^7.29.0
1743 silly placeDep ROOT @babel/helper-compilation-targets@7.28.6 OK for: @babel/core@7.29.0 want: ^7.28.6
1744 silly placeDep ROOT @babel/helper-module-transforms@7.28.6 OK for: @babel/core@7.29.0 want: ^7.28.6
1745 silly placeDep ROOT @babel/helpers@7.29.2 OK for: @babel/core@7.29.0 want: ^7.28.6
1746 silly placeDep ROOT @babel/template@7.28.6 OK for: @babel/core@7.29.0 want: ^7.28.6
1747 silly placeDep ROOT @babel/traverse@7.29.0 OK for: @babel/core@7.29.0 want: ^7.29.0
1748 silly placeDep ROOT @babel/types@7.29.0 OK for: @babel/core@7.29.0 want: ^7.29.0
1749 silly placeDep ROOT convert-source-map@2.0.0 OK for: @babel/core@7.29.0 want: ^2.0.0
1750 silly placeDep ROOT gensync@1.0.0-beta.2 OK for: @babel/core@7.29.0 want: ^1.0.0-beta.2
1751 silly placeDep ROOT json5@2.2.3 OK for: @babel/core@7.29.0 want: ^2.2.3
1752 silly fetch manifest @babel/helper-validator-identifier@^7.28.5
1753 silly packumentCache full:https://registry.npmmirror.com/@babel%2fhelper-validator-identifier cache-miss
1754 silly fetch manifest js-tokens@^4.0.0
1755 silly packumentCache full:https://registry.npmmirror.com/js-tokens cache-miss
1756 silly fetch manifest jsesc@^3.0.2
1757 silly packumentCache full:https://registry.npmmirror.com/jsesc cache-miss
1758 silly fetch manifest @babel/compat-data@^7.28.6
1759 silly packumentCache full:https://registry.npmmirror.com/@babel%2fcompat-data cache-miss
1760 silly fetch manifest @babel/helper-validator-option@^7.27.1
1761 silly packumentCache full:https://registry.npmmirror.com/@babel%2fhelper-validator-option cache-miss
1762 silly fetch manifest browserslist@^4.24.0
1763 silly packumentCache full:https://registry.npmmirror.com/browserslist cache-miss
1764 silly fetch manifest lru-cache@^5.1.1
1765 silly packumentCache full:https://registry.npmmirror.com/lru-cache cache-miss
1766 silly fetch manifest @babel/helper-module-imports@^7.28.6
1767 silly packumentCache full:https://registry.npmmirror.com/@babel%2fhelper-module-imports cache-miss
1768 silly fetch manifest @babel/helper-validator-identifier@^7.28.5
1769 silly packumentCache full:https://registry.npmmirror.com/@babel%2fhelper-validator-identifier cache-miss
1770 http fetch GET 200 https://registry.npmmirror.com/js-tokens 17ms (cache miss)
1771 silly packumentCache full:https://registry.npmmirror.com/js-tokens set size:9897 disposed:false
1772 silly fetch manifest @babel/traverse@^7.28.6
1773 silly packumentCache full:https://registry.npmmirror.com/@babel%2ftraverse cache-hit
1774 silly fetch manifest @babel/types@^7.28.6
1775 silly packumentCache full:https://registry.npmmirror.com/@babel%2ftypes cache-hit
1776 silly fetch manifest @babel/helper-globals@^7.28.0
1777 silly packumentCache full:https://registry.npmmirror.com/@babel%2fhelper-globals cache-miss
1778 http fetch GET 200 https://registry.npmmirror.com/@babel%2fhelper-module-imports 17ms (cache miss)
1779 silly packumentCache full:https://registry.npmmirror.com/@babel%2fhelper-module-imports set size:33431 disposed:false
1780 silly fetch manifest @babel/helper-string-parser@^7.27.1
1781 silly packumentCache full:https://registry.npmmirror.com/@babel%2fhelper-string-parser cache-miss
1782 http fetch GET 200 https://registry.npmmirror.com/@babel%2fcompat-data 19ms (cache miss)
1783 silly packumentCache full:https://registry.npmmirror.com/@babel%2fcompat-data set size:55161 disposed:false
1784 silly fetch manifest @babel/helper-validator-identifier@^7.28.5
1785 silly packumentCache full:https://registry.npmmirror.com/@babel%2fhelper-validator-identifier cache-miss
1786 http fetch GET 200 https://registry.npmmirror.com/@babel%2fhelper-validator-option 21ms (cache miss)
1787 silly packumentCache full:https://registry.npmmirror.com/@babel%2fhelper-validator-option set size:20859 disposed:false
1788 http fetch GET 200 https://registry.npmmirror.com/lru-cache 22ms (cache miss)
1789 silly packumentCache full:https://registry.npmmirror.com/lru-cache set size:105060 disposed:false
1790 http fetch GET 200 https://registry.npmmirror.com/jsesc 24ms (cache miss)
1791 silly packumentCache full:https://registry.npmmirror.com/jsesc set size:12774 disposed:false
1792 http fetch GET 200 https://registry.npmmirror.com/browserslist 25ms (cache miss)
1793 silly packumentCache full:https://registry.npmmirror.com/browserslist set size:74831 disposed:false
1794 http fetch GET 200 https://registry.npmmirror.com/@babel%2fhelper-globals 13ms (cache miss)
1795 silly packumentCache full:https://registry.npmmirror.com/@babel%2fhelper-globals set size:3768 disposed:false
1796 http fetch GET 200 https://registry.npmmirror.com/@babel%2fhelper-validator-identifier 32ms (cache miss)
1797 silly packumentCache full:https://registry.npmmirror.com/@babel%2fhelper-validator-identifier set size:23685 disposed:false
1798 http fetch GET 200 https://registry.npmmirror.com/@babel%2fhelper-validator-identifier 34ms (cache miss)
1799 silly packumentCache full:https://registry.npmmirror.com/@babel%2fhelper-validator-identifier set size:23685 disposed:false
1800 silly packumentCache full:https://registry.npmmirror.com/@babel%2fhelper-validator-identifier dispose
1801 http fetch GET 200 https://registry.npmmirror.com/@babel%2fhelper-validator-identifier 14ms (cache miss)
1802 silly packumentCache full:https://registry.npmmirror.com/@babel%2fhelper-validator-identifier set size:23685 disposed:true
1803 silly packumentCache full:https://registry.npmmirror.com/@babel%2fhelper-validator-identifier dispose
1804 http fetch GET 200 https://registry.npmmirror.com/@babel%2fhelper-string-parser 34ms (cache miss)
1805 silly packumentCache full:https://registry.npmmirror.com/@babel%2fhelper-string-parser set size:19736 disposed:false
1806 silly placeDep ROOT @babel/helper-validator-identifier@7.28.5 OK for: @babel/code-frame@7.29.0 want: ^7.28.5
1807 silly placeDep ROOT js-tokens@4.0.0 OK for: @babel/code-frame@7.29.0 want: ^4.0.0
1808 silly placeDep ROOT picocolors@1.1.1 OK for: @babel/code-frame@7.29.0 want: ^1.1.1
1809 silly placeDep ROOT jsesc@3.1.0 OK for: @babel/generator@7.29.1 want: ^3.0.2
1810 silly placeDep ROOT @babel/compat-data@7.29.0 OK for: @babel/helper-compilation-targets@7.28.6 want: ^7.28.6
1811 silly placeDep ROOT @babel/helper-validator-option@7.27.1 OK for: @babel/helper-compilation-targets@7.28.6 want: ^7.27.1
1812 silly placeDep ROOT browserslist@4.28.2 OK for: @babel/helper-compilation-targets@7.28.6 want: ^4.24.0
1813 silly placeDep ROOT lru-cache@5.1.1 OK for: @babel/helper-compilation-targets@7.28.6 want: ^5.1.1
1814 silly fetch manifest baseline-browser-mapping@^2.10.12
1815 silly packumentCache full:https://registry.npmmirror.com/baseline-browser-mapping cache-hit
1816 silly fetch manifest caniuse-lite@^1.0.30001782
1817 silly packumentCache full:https://registry.npmmirror.com/caniuse-lite cache-hit
1818 silly fetch manifest electron-to-chromium@^1.5.328
1819 silly packumentCache full:https://registry.npmmirror.com/electron-to-chromium cache-miss
1820 silly fetch manifest node-releases@^2.0.36
1821 silly packumentCache full:https://registry.npmmirror.com/node-releases cache-miss
1822 silly fetch manifest update-browserslist-db@^1.2.3
1823 silly packumentCache full:https://registry.npmmirror.com/update-browserslist-db cache-miss
1824 silly fetch manifest yallist@^3.0.2
1825 silly packumentCache full:https://registry.npmmirror.com/yallist cache-miss
1826 http fetch GET 200 https://registry.npmmirror.com/update-browserslist-db 11ms (cache miss)
1827 silly packumentCache full:https://registry.npmmirror.com/update-browserslist-db set size:17723 disposed:false
1828 http fetch GET 200 https://registry.npmmirror.com/node-releases 12ms (cache miss)
1829 silly packumentCache full:https://registry.npmmirror.com/node-releases set size:38484 disposed:false
1830 http fetch GET 200 https://registry.npmmirror.com/yallist 38ms (cache miss)
1831 silly packumentCache full:https://registry.npmmirror.com/yallist set size:7662 disposed:false
1832 http fetch GET 200 https://registry.npmmirror.com/electron-to-chromium 47ms (cache miss)
1833 silly packumentCache full:https://registry.npmmirror.com/electron-to-chromium set size:809520 disposed:false
1834 silly placeDep ROOT @babel/helper-module-imports@7.28.6 OK for: @babel/helper-module-transforms@7.28.6 want: ^7.28.6
1835 silly placeDep ROOT @babel/helper-globals@7.28.0 OK for: @babel/traverse@7.29.0 want: ^7.28.0
1836 silly placeDep ROOT @babel/helper-string-parser@7.27.1 OK for: @babel/types@7.29.0 want: ^7.27.1
1837 silly fetch manifest browserslist@>= 4.21.0
1838 silly packumentCache full:https://registry.npmmirror.com/browserslist cache-hit
1839 silly placeDep ROOT baseline-browser-mapping@2.10.24 OK for: browserslist@4.28.2 want: ^2.10.12
1840 silly placeDep ROOT caniuse-lite@1.0.30001791 OK for: browserslist@4.28.2 want: ^1.0.30001782
1841 silly placeDep ROOT electron-to-chromium@1.5.345 OK for: browserslist@4.28.2 want: ^1.5.328
1842 silly placeDep ROOT node-releases@2.0.38 OK for: browserslist@4.28.2 want: ^2.0.36
1843 silly placeDep ROOT update-browserslist-db@1.2.3 OK for: browserslist@4.28.2 want: ^1.2.3
1844 silly fetch manifest escalade@^3.2.0
1845 silly packumentCache full:https://registry.npmmirror.com/escalade cache-miss
1846 http fetch GET 200 https://registry.npmmirror.com/escalade 13ms (cache miss)
1847 silly packumentCache full:https://registry.npmmirror.com/escalade set size:6820 disposed:false
1848 silly placeDep ROOT esrecurse@4.3.0 OK for: eslint-scope@8.4.0 want: ^4.3.0
1849 silly placeDep ROOT acorn@8.16.0 OK for: espree@10.4.0 want: ^8.15.0
1850 silly placeDep ROOT acorn-jsx@5.3.2 OK for: espree@10.4.0 want: ^5.3.2
1851 silly placeDep ROOT @nodelib/fs.stat@2.0.5 OK for: fast-glob@3.3.1 want: ^2.0.2
1852 silly placeDep ROOT @nodelib/fs.walk@1.2.8 OK for: fast-glob@3.3.1 want: ^1.2.3
1853 silly placeDep node_modules/fast-glob glob-parent@5.1.2 OK for: fast-glob@3.3.1 want: ^5.1.2
1854 silly placeDep ROOT merge2@1.4.1 OK for: fast-glob@3.3.1 want: ^1.3.0
1855 silly placeDep ROOT micromatch@4.0.8 OK for: fast-glob@3.3.1 want: ^4.0.4
1856 silly fetch manifest @nodelib/fs.scandir@2.1.5
1857 silly packumentCache full:https://registry.npmmirror.com/@nodelib%2ffs.scandir cache-miss
1858 silly fetch manifest fastq@^1.6.0
1859 silly packumentCache full:https://registry.npmmirror.com/fastq cache-miss
1860 silly fetch manifest braces@^3.0.3
1861 silly packumentCache full:https://registry.npmmirror.com/braces cache-miss
1862 silly fetch manifest picomatch@^2.3.1
1863 silly packumentCache full:https://registry.npmmirror.com/picomatch cache-hit
1864 http fetch GET 200 https://registry.npmmirror.com/@nodelib%2ffs.scandir 11ms (cache miss)
1865 silly packumentCache full:https://registry.npmmirror.com/@nodelib%2ffs.scandir set size:8538 disposed:false
1866 http fetch GET 200 https://registry.npmmirror.com/fastq 12ms (cache miss)
1867 silly packumentCache full:https://registry.npmmirror.com/fastq set size:15037 disposed:false
1868 http fetch GET 200 https://registry.npmmirror.com/braces 12ms (cache miss)
1869 silly packumentCache full:https://registry.npmmirror.com/braces set size:22104 disposed:false
1870 silly placeDep ROOT @nodelib/fs.scandir@2.1.5 OK for: @nodelib/fs.walk@1.2.8 want: 2.1.5
1871 silly placeDep ROOT fastq@1.20.1 OK for: @nodelib/fs.walk@1.2.8 want: ^1.6.0
1872 silly fetch manifest run-parallel@^1.1.9
1873 silly packumentCache full:https://registry.npmmirror.com/run-parallel cache-miss
1874 silly fetch manifest reusify@^1.0.4
1875 silly packumentCache full:https://registry.npmmirror.com/reusify cache-miss
1876 http fetch GET 200 https://registry.npmmirror.com/run-parallel 11ms (cache miss)
1877 silly packumentCache full:https://registry.npmmirror.com/run-parallel set size:6674 disposed:false
1878 http fetch GET 200 https://registry.npmmirror.com/reusify 11ms (cache miss)
1879 silly packumentCache full:https://registry.npmmirror.com/reusify set size:4443 disposed:false
1880 silly placeDep ROOT run-parallel@1.2.0 OK for: @nodelib/fs.scandir@2.1.5 want: ^1.1.9
1881 silly fetch manifest queue-microtask@^1.2.2
1882 silly packumentCache full:https://registry.npmmirror.com/queue-microtask cache-miss
1883 http fetch GET 200 https://registry.npmmirror.com/queue-microtask 8ms (cache miss)
1884 silly packumentCache full:https://registry.npmmirror.com/queue-microtask set size:6139 disposed:false
1885 silly placeDep ROOT reusify@1.1.0 OK for: fastq@1.20.1 want: ^1.0.4
1886 silly placeDep ROOT flat-cache@4.0.1 OK for: file-entry-cache@8.0.0 want: ^4.0.0
1887 silly fetch manifest flatted@^3.2.9
1888 silly packumentCache full:https://registry.npmmirror.com/flatted cache-miss
1889 silly fetch manifest keyv@^4.5.4
1890 silly packumentCache full:https://registry.npmmirror.com/keyv cache-miss
1891 http fetch GET 200 https://registry.npmmirror.com/flatted 29ms (cache miss)
1892 silly packumentCache full:https://registry.npmmirror.com/flatted set size:20669 disposed:false
1893 http fetch GET 200 https://registry.npmmirror.com/keyv 29ms (cache miss)
1894 silly packumentCache full:https://registry.npmmirror.com/keyv set size:54839 disposed:false
1895 silly placeDep ROOT locate-path@6.0.0 OK for: find-up@5.0.0 want: ^6.0.0
1896 silly placeDep ROOT path-exists@4.0.0 OK for: find-up@5.0.0 want: ^4.0.0
1897 silly fetch manifest p-locate@^5.0.0
1898 silly packumentCache full:https://registry.npmmirror.com/p-locate cache-miss
1899 http fetch GET 200 https://registry.npmmirror.com/p-locate 11ms (cache miss)
1900 silly packumentCache full:https://registry.npmmirror.com/p-locate set size:4657 disposed:false
1901 silly placeDep ROOT flatted@3.4.2 OK for: flat-cache@4.0.1 want: ^3.2.9
1902 silly placeDep ROOT keyv@4.5.4 OK for: flat-cache@4.0.1 want: ^4.5.4
1903 silly fetch manifest json-buffer@3.0.1
1904 silly packumentCache full:https://registry.npmmirror.com/json-buffer cache-miss
1905 http fetch GET 200 https://registry.npmmirror.com/json-buffer 10ms (cache miss)
1906 silly packumentCache full:https://registry.npmmirror.com/json-buffer set size:4318 disposed:false
1907 silly placeDep ROOT functions-have-names@1.2.3 OK for: function.prototype.name@1.1.8 want: ^1.2.3
1908 silly placeDep ROOT dunder-proto@1.0.1 OK for: get-proto@1.0.1 want: ^1.0.1
1909 silly placeDep ROOT resolve-pkg-maps@1.0.0 OK for: get-tsconfig@4.14.0 want: ^1.0.0
1910 silly placeDep ROOT hermes-estree@0.25.1 OK for: hermes-parser@0.25.1 want: 0.25.1
1911 silly placeDep ROOT parent-module@1.0.1 OK for: import-fresh@3.3.1 want: ^1.0.0
1912 silly placeDep ROOT resolve-from@4.0.0 OK for: import-fresh@3.3.1 want: ^4.0.0
1913 silly fetch manifest callsites@^3.0.0
1914 silly packumentCache full:https://registry.npmmirror.com/callsites cache-miss
1915 http fetch GET 200 https://registry.npmmirror.com/callsites 78ms (cache miss)
1916 silly packumentCache full:https://registry.npmmirror.com/callsites set size:4788 disposed:false
1917 silly placeDep ROOT side-channel@1.1.0 OK for: internal-slot@1.1.0 want: ^1.1.0
1918 silly fetch manifest side-channel-list@^1.0.0
1919 silly packumentCache full:https://registry.npmmirror.com/side-channel-list cache-miss
1920 silly fetch manifest side-channel-map@^1.0.1
1921 silly packumentCache full:https://registry.npmmirror.com/side-channel-map cache-miss
1922 silly fetch manifest side-channel-weakmap@^1.0.2
1923 silly packumentCache full:https://registry.npmmirror.com/side-channel-weakmap cache-miss
1924 http fetch GET 200 https://registry.npmmirror.com/side-channel-list 11ms (cache miss)
1925 silly packumentCache full:https://registry.npmmirror.com/side-channel-list set size:3117 disposed:false
1926 http fetch GET 200 https://registry.npmmirror.com/side-channel-map 14ms (cache miss)
1927 silly packumentCache full:https://registry.npmmirror.com/side-channel-map set size:3039 disposed:false
1928 http fetch GET 200 https://registry.npmmirror.com/side-channel-weakmap 14ms (cache miss)
1929 silly packumentCache full:https://registry.npmmirror.com/side-channel-weakmap set size:3754 disposed:false
1930 silly placeDep node_modules/is-bun-module semver@7.7.4 OK for: is-bun-module@2.0.0 want: ^7.7.1
1931 silly placeDep ROOT is-extglob@2.1.1 OK for: is-glob@4.0.3 want: ^2.1.1
1932 silly placeDep ROOT set-function-name@2.0.2 OK for: iterator.prototype@1.1.5 want: ^2.0.2
1933 silly placeDep ROOT argparse@2.0.1 OK for: js-yaml@4.1.1 want: ^2.0.1
1934 silly placeDep ROOT json-buffer@3.0.1 OK for: keyv@4.5.4 want: 3.0.1
1935 silly placeDep ROOT language-subtag-registry@0.3.23 OK for: language-tags@1.0.9 want: ^0.3.20
1936 silly placeDep ROOT prelude-ls@1.2.1 OK for: levn@0.4.1 want: ^1.2.1
1937 silly placeDep ROOT type-check@0.4.0 OK for: levn@0.4.1 want: ~0.4.0
1938 silly placeDep ROOT detect-libc@2.1.2 OK for: lightningcss@1.32.0 want: ^2.0.3
1939 silly placeDep ROOT lightningcss-android-arm64@1.32.0 OK for: lightningcss@1.32.0 want: 1.32.0
1940 silly placeDep ROOT lightningcss-darwin-arm64@1.32.0 OK for: lightningcss@1.32.0 want: 1.32.0
1941 silly placeDep ROOT lightningcss-darwin-x64@1.32.0 OK for: lightningcss@1.32.0 want: 1.32.0
1942 silly placeDep ROOT lightningcss-freebsd-x64@1.32.0 OK for: lightningcss@1.32.0 want: 1.32.0
1943 silly placeDep ROOT lightningcss-linux-arm-gnueabihf@1.32.0 OK for: lightningcss@1.32.0 want: 1.32.0
1944 silly placeDep ROOT lightningcss-linux-arm64-gnu@1.32.0 OK for: lightningcss@1.32.0 want: 1.32.0
1945 silly placeDep ROOT lightningcss-linux-arm64-musl@1.32.0 OK for: lightningcss@1.32.0 want: 1.32.0
1946 silly placeDep ROOT lightningcss-linux-x64-gnu@1.32.0 OK for: lightningcss@1.32.0 want: 1.32.0
1947 silly placeDep ROOT lightningcss-linux-x64-musl@1.32.0 OK for: lightningcss@1.32.0 want: 1.32.0
1948 silly placeDep ROOT lightningcss-win32-arm64-msvc@1.32.0 OK for: lightningcss@1.32.0 want: 1.32.0
1949 silly placeDep ROOT lightningcss-win32-x64-msvc@1.32.0 OK for: lightningcss@1.32.0 want: 1.32.0
1950 silly placeDep ROOT p-locate@5.0.0 OK for: locate-path@6.0.0 want: ^5.0.0
1951 silly fetch manifest p-limit@^3.0.2
1952 silly packumentCache full:https://registry.npmmirror.com/p-limit cache-miss
1953 http fetch GET 200 https://registry.npmmirror.com/p-limit 12ms (cache miss)
1954 silly packumentCache full:https://registry.npmmirror.com/p-limit set size:10936 disposed:false
1955 silly placeDep ROOT yallist@3.1.1 OK for: lru-cache@5.1.1 want: ^3.0.2
1956 silly placeDep ROOT braces@3.0.3 OK for: micromatch@4.0.8 want: ^3.0.3
1957 silly placeDep ROOT picomatch@2.3.2 OK for: micromatch@4.0.8 want: ^2.3.1
1958 silly fetch manifest fill-range@^7.1.1
1959 silly packumentCache full:https://registry.npmmirror.com/fill-range cache-miss
1960 http fetch GET 200 https://registry.npmmirror.com/fill-range 12ms (cache miss)
1961 silly packumentCache full:https://registry.npmmirror.com/fill-range set size:14249 disposed:false
1962 silly placeDep ROOT fill-range@7.1.1 OK for: braces@3.0.3 want: ^7.1.1
1963 silly fetch manifest to-regex-range@^5.0.1
1964 silly packumentCache full:https://registry.npmmirror.com/to-regex-range cache-miss
1965 http fetch GET 200 https://registry.npmmirror.com/to-regex-range 12ms (cache miss)
1966 silly packumentCache full:https://registry.npmmirror.com/to-regex-range set size:11477 disposed:false
1967 silly placeDep ROOT to-regex-range@5.0.1 OK for: fill-range@7.1.1 want: ^5.0.1
1968 silly fetch manifest is-number@^7.0.0
1969 silly packumentCache full:https://registry.npmmirror.com/is-number cache-miss
1970 http fetch GET 200 https://registry.npmmirror.com/is-number 13ms (cache miss)
1971 silly packumentCache full:https://registry.npmmirror.com/is-number set size:7889 disposed:false
1972 silly placeDep ROOT brace-expansion@1.1.14 OK for: minimatch@3.1.5 want: ^1.1.7
1973 silly fetch manifest balanced-match@^1.0.0
1974 silly packumentCache full:https://registry.npmmirror.com/balanced-match cache-miss
1975 silly fetch manifest concat-map@0.0.1
1976 silly packumentCache full:https://registry.npmmirror.com/concat-map cache-miss
1977 http fetch GET 200 https://registry.npmmirror.com/balanced-match 9ms (cache miss)
1978 silly packumentCache full:https://registry.npmmirror.com/balanced-match set size:7522 disposed:false
1979 http fetch GET 200 https://registry.npmmirror.com/concat-map 10ms (cache miss)
1980 silly packumentCache full:https://registry.npmmirror.com/concat-map set size:3991 disposed:false
1981 silly placeDep ROOT balanced-match@1.0.2 OK for: brace-expansion@1.1.14 want: ^1.0.0
1982 silly placeDep ROOT concat-map@0.0.1 OK for: brace-expansion@1.1.14 want: 0.0.1
1983 silly fetch manifest react@^18.2.0 || 19.0.0-rc-de68d2f4-20241204 || ^19.0.0
1984 silly packumentCache full:https://registry.npmmirror.com/react cache-miss
1985 http cache https://registry.npmmirror.com/react 10ms (cache hit)
1986 silly packumentCache full:https://registry.npmmirror.com/react set size:6364908 disposed:false
1987 silly placeDep ROOT @next/env@16.2.4 OK for: next@16.2.4 want: 16.2.4
1988 silly placeDep ROOT @next/swc-darwin-arm64@16.2.4 OK for: next@16.2.4 want: 16.2.4
1989 silly placeDep ROOT @next/swc-darwin-x64@16.2.4 OK for: next@16.2.4 want: 16.2.4
1990 silly placeDep ROOT @next/swc-linux-arm64-gnu@16.2.4 OK for: next@16.2.4 want: 16.2.4
1991 silly placeDep ROOT @next/swc-linux-arm64-musl@16.2.4 OK for: next@16.2.4 want: 16.2.4
1992 silly placeDep ROOT @next/swc-linux-x64-gnu@16.2.4 OK for: next@16.2.4 want: 16.2.4
1993 silly placeDep ROOT @next/swc-linux-x64-musl@16.2.4 OK for: next@16.2.4 want: 16.2.4
1994 silly placeDep ROOT @next/swc-win32-arm64-msvc@16.2.4 OK for: next@16.2.4 want: 16.2.4
1995 silly placeDep ROOT @next/swc-win32-x64-msvc@16.2.4 OK for: next@16.2.4 want: 16.2.4
1996 silly placeDep ROOT @swc/helpers@0.5.15 OK for: next@16.2.4 want: 0.5.15
1997 silly placeDep node_modules/next postcss@8.4.31 OK for: next@16.2.4 want: 8.4.31
1998 silly placeDep ROOT sharp@0.34.5 OK for: next@16.2.4 want: ^0.34.5
1999 silly placeDep ROOT styled-jsx@5.1.6 OK for: next@16.2.4 want: 5.1.6
2000 silly fetch manifest tslib@^2.8.0
2001 silly packumentCache full:https://registry.npmmirror.com/tslib cache-miss
2002 silly fetch manifest nanoid@^3.3.6
2003 silly packumentCache full:https://registry.npmmirror.com/nanoid cache-hit
2004 silly fetch manifest @img/colour@^1.0.0
2005 silly packumentCache full:https://registry.npmmirror.com/@img%2fcolour cache-miss
2006 silly fetch manifest semver@^7.7.3
2007 silly packumentCache full:https://registry.npmmirror.com/semver cache-hit
2008 silly fetch manifest @img/sharp-darwin-arm64@0.34.5
2009 silly packumentCache full:https://registry.npmmirror.com/@img%2fsharp-darwin-arm64 cache-miss
2010 silly fetch manifest @img/sharp-darwin-x64@0.34.5
2011 silly packumentCache full:https://registry.npmmirror.com/@img%2fsharp-darwin-x64 cache-miss
2012 silly fetch manifest @img/sharp-libvips-darwin-arm64@1.2.4
2013 silly packumentCache full:https://registry.npmmirror.com/@img%2fsharp-libvips-darwin-arm64 cache-miss
2014 silly fetch manifest @img/sharp-libvips-darwin-x64@1.2.4
2015 silly packumentCache full:https://registry.npmmirror.com/@img%2fsharp-libvips-darwin-x64 cache-miss
2016 silly fetch manifest @img/sharp-libvips-linux-arm@1.2.4
2017 silly packumentCache full:https://registry.npmmirror.com/@img%2fsharp-libvips-linux-arm cache-miss
2018 silly fetch manifest @img/sharp-libvips-linux-arm64@1.2.4
2019 silly packumentCache full:https://registry.npmmirror.com/@img%2fsharp-libvips-linux-arm64 cache-miss
2020 silly fetch manifest @img/sharp-libvips-linux-ppc64@1.2.4
2021 silly packumentCache full:https://registry.npmmirror.com/@img%2fsharp-libvips-linux-ppc64 cache-miss
2022 http fetch GET 200 https://registry.npmmirror.com/@img%2fsharp-libvips-darwin-arm64 16ms (cache miss)
2023 silly packumentCache full:https://registry.npmmirror.com/@img%2fsharp-libvips-darwin-arm64 set size:13193 disposed:false
2024 silly fetch manifest @img/sharp-libvips-linux-riscv64@1.2.4
2025 silly packumentCache full:https://registry.npmmirror.com/@img%2fsharp-libvips-linux-riscv64 cache-miss
2026 http fetch GET 200 https://registry.npmmirror.com/@img%2fcolour 16ms (cache miss)
2027 silly packumentCache full:https://registry.npmmirror.com/@img%2fcolour set size:3036 disposed:false
2028 silly fetch manifest @img/sharp-libvips-linux-s390x@1.2.4
2029 silly packumentCache full:https://registry.npmmirror.com/@img%2fsharp-libvips-linux-s390x cache-miss
2030 http fetch GET 200 https://registry.npmmirror.com/@img%2fsharp-libvips-darwin-x64 17ms (cache miss)
2031 silly packumentCache full:https://registry.npmmirror.com/@img%2fsharp-libvips-darwin-x64 set size:13092 disposed:false
2032 silly fetch manifest @img/sharp-libvips-linux-x64@1.2.4
2033 silly packumentCache full:https://registry.npmmirror.com/@img%2fsharp-libvips-linux-x64 cache-miss
2034 http fetch GET 200 https://registry.npmmirror.com/@img%2fsharp-libvips-linux-ppc64 16ms (cache miss)
2035 silly packumentCache full:https://registry.npmmirror.com/@img%2fsharp-libvips-linux-ppc64 set size:11199 disposed:false
2036 silly fetch manifest @img/sharp-libvips-linuxmusl-arm64@1.2.4
2037 silly packumentCache full:https://registry.npmmirror.com/@img%2fsharp-libvips-linuxmusl-arm64 cache-miss
2038 http fetch GET 200 https://registry.npmmirror.com/tslib 19ms (cache miss)
2039 silly packumentCache full:https://registry.npmmirror.com/tslib set size:33171 disposed:false
2040 silly fetch manifest @img/sharp-libvips-linuxmusl-x64@1.2.4
2041 silly packumentCache full:https://registry.npmmirror.com/@img%2fsharp-libvips-linuxmusl-x64 cache-miss
2042 http fetch GET 200 https://registry.npmmirror.com/@img%2fsharp-libvips-linux-arm 20ms (cache miss)
2043 silly packumentCache full:https://registry.npmmirror.com/@img%2fsharp-libvips-linux-arm set size:14440 disposed:false
2044 silly fetch manifest @img/sharp-linux-arm@0.34.5
2045 silly packumentCache full:https://registry.npmmirror.com/@img%2fsharp-linux-arm cache-miss
2046 http fetch GET 200 https://registry.npmmirror.com/@img%2fsharp-darwin-x64 20ms (cache miss)
2047 silly packumentCache full:https://registry.npmmirror.com/@img%2fsharp-darwin-x64 set size:15597 disposed:false
2048 silly fetch manifest @img/sharp-linux-arm64@0.34.5
2049 silly packumentCache full:https://registry.npmmirror.com/@img%2fsharp-linux-arm64 cache-miss
2050 http fetch GET 200 https://registry.npmmirror.com/@img%2fsharp-libvips-linux-arm64 20ms (cache miss)
2051 silly packumentCache full:https://registry.npmmirror.com/@img%2fsharp-libvips-linux-arm64 set size:13566 disposed:false
2052 silly fetch manifest @img/sharp-linux-ppc64@0.34.5
2053 silly packumentCache full:https://registry.npmmirror.com/@img%2fsharp-linux-ppc64 cache-miss
2054 http fetch GET 200 https://registry.npmmirror.com/@img%2fsharp-darwin-arm64 25ms (cache miss)
2055 silly packumentCache full:https://registry.npmmirror.com/@img%2fsharp-darwin-arm64 set size:15429 disposed:false
2056 silly fetch manifest @img/sharp-linux-riscv64@0.34.5
2057 silly packumentCache full:https://registry.npmmirror.com/@img%2fsharp-linux-riscv64 cache-miss
2058 http fetch GET 200 https://registry.npmmirror.com/@img%2fsharp-libvips-linux-riscv64 10ms (cache miss)
2059 silly packumentCache full:https://registry.npmmirror.com/@img%2fsharp-libvips-linux-riscv64 set size:8351 disposed:false
2060 silly fetch manifest @img/sharp-linux-s390x@0.34.5
2061 silly packumentCache full:https://registry.npmmirror.com/@img%2fsharp-linux-s390x cache-miss
2062 http fetch GET 200 https://registry.npmmirror.com/@img%2fsharp-libvips-linux-s390x 26ms (cache miss)
2063 silly packumentCache full:https://registry.npmmirror.com/@img%2fsharp-libvips-linux-s390x set size:12969 disposed:false
2064 silly fetch manifest @img/sharp-linux-x64@0.34.5
2065 silly packumentCache full:https://registry.npmmirror.com/@img%2fsharp-linux-x64 cache-miss
2066 http fetch GET 200 https://registry.npmmirror.com/@img%2fsharp-linux-ppc64 22ms (cache miss)
2067 silly packumentCache full:https://registry.npmmirror.com/@img%2fsharp-linux-ppc64 set size:8380 disposed:false
2068 silly fetch manifest @img/sharp-linuxmusl-arm64@0.34.5
2069 silly packumentCache full:https://registry.npmmirror.com/@img%2fsharp-linuxmusl-arm64 cache-miss
2070 http fetch GET 200 https://registry.npmmirror.com/@img%2fsharp-linux-arm 24ms (cache miss)
2071 silly packumentCache full:https://registry.npmmirror.com/@img%2fsharp-linux-arm set size:15392 disposed:false
2072 silly fetch manifest @img/sharp-linuxmusl-x64@0.34.5
2073 silly packumentCache full:https://registry.npmmirror.com/@img%2fsharp-linuxmusl-x64 cache-miss
2074 http fetch GET 200 https://registry.npmmirror.com/@img%2fsharp-libvips-linuxmusl-x64 26ms (cache miss)
2075 silly packumentCache full:https://registry.npmmirror.com/@img%2fsharp-libvips-linuxmusl-x64 set size:13294 disposed:false
2076 silly fetch manifest @img/sharp-wasm32@0.34.5
2077 silly packumentCache full:https://registry.npmmirror.com/@img%2fsharp-wasm32 cache-miss
2078 http fetch GET 200 https://registry.npmmirror.com/@img%2fsharp-libvips-linuxmusl-arm64 29ms (cache miss)
2079 silly packumentCache full:https://registry.npmmirror.com/@img%2fsharp-libvips-linuxmusl-arm64 set size:13260 disposed:false
2080 silly fetch manifest @img/sharp-win32-arm64@0.34.5
2081 silly packumentCache full:https://registry.npmmirror.com/@img%2fsharp-win32-arm64 cache-miss
2082 http fetch GET 200 https://registry.npmmirror.com/@img%2fsharp-linux-riscv64 22ms (cache miss)
2083 silly packumentCache full:https://registry.npmmirror.com/@img%2fsharp-linux-riscv64 set size:4344 disposed:false
2084 silly fetch manifest @img/sharp-win32-ia32@0.34.5
2085 silly packumentCache full:https://registry.npmmirror.com/@img%2fsharp-win32-ia32 cache-miss
2086 http fetch GET 200 https://registry.npmmirror.com/@img%2fsharp-linux-arm64 26ms (cache miss)
2087 silly packumentCache full:https://registry.npmmirror.com/@img%2fsharp-linux-arm64 set size:15389 disposed:false
2088 silly fetch manifest @img/sharp-win32-x64@0.34.5
2089 silly packumentCache full:https://registry.npmmirror.com/@img%2fsharp-win32-x64 cache-miss
2090 http fetch GET 200 https://registry.npmmirror.com/@img%2fsharp-libvips-linux-x64 30ms (cache miss)
2091 silly packumentCache full:https://registry.npmmirror.com/@img%2fsharp-libvips-linux-x64 set size:13882 disposed:false
2092 silly fetch manifest client-only@0.0.1
2093 silly packumentCache full:https://registry.npmmirror.com/client-only cache-miss
2094 http fetch GET 200 https://registry.npmmirror.com/@img%2fsharp-linux-s390x 21ms (cache miss)
2095 silly packumentCache full:https://registry.npmmirror.com/@img%2fsharp-linux-s390x set size:15103 disposed:false
2096 http fetch GET 200 https://registry.npmmirror.com/@img%2fsharp-linuxmusl-arm64 12ms (cache miss)
2097 silly packumentCache full:https://registry.npmmirror.com/@img%2fsharp-linuxmusl-arm64 set size:15406 disposed:false
2098 http fetch GET 200 https://registry.npmmirror.com/client-only 10ms (cache miss)
2099 silly packumentCache full:https://registry.npmmirror.com/client-only set size:1752 disposed:false
2100 http fetch GET 200 https://registry.npmmirror.com/@img%2fsharp-linux-x64 15ms (cache miss)
2101 silly packumentCache full:https://registry.npmmirror.com/@img%2fsharp-linux-x64 set size:15452 disposed:false
2102 http fetch GET 200 https://registry.npmmirror.com/@img%2fsharp-win32-arm64 12ms (cache miss)
2103 silly packumentCache full:https://registry.npmmirror.com/@img%2fsharp-win32-arm64 set size:8030 disposed:false
2104 http fetch GET 200 https://registry.npmmirror.com/@img%2fsharp-wasm32 13ms (cache miss)
2105 silly packumentCache full:https://registry.npmmirror.com/@img%2fsharp-wasm32 set size:15427 disposed:false
2106 http fetch GET 200 https://registry.npmmirror.com/@img%2fsharp-win32-ia32 15ms (cache miss)
2107 silly packumentCache full:https://registry.npmmirror.com/@img%2fsharp-win32-ia32 set size:16284 disposed:false
2108 http fetch GET 200 https://registry.npmmirror.com/@img%2fsharp-linuxmusl-x64 17ms (cache miss)
2109 silly packumentCache full:https://registry.npmmirror.com/@img%2fsharp-linuxmusl-x64 set size:15500 disposed:false
2110 http fetch GET 200 https://registry.npmmirror.com/@img%2fsharp-win32-x64 16ms (cache miss)
2111 silly packumentCache full:https://registry.npmmirror.com/@img%2fsharp-win32-x64 set size:16172 disposed:false
2112 silly placeDep ROOT tslib@2.8.1 OK for: @swc/helpers@0.5.15 want: ^2.8.0
2113 silly placeDep ROOT deep-is@0.1.4 OK for: optionator@0.9.4 want: ^0.1.3
2114 silly placeDep ROOT fast-levenshtein@2.0.6 OK for: optionator@0.9.4 want: ^2.0.6
2115 silly placeDep ROOT word-wrap@1.2.5 OK for: optionator@0.9.4 want: ^1.2.5
2116 silly placeDep ROOT p-limit@3.1.0 OK for: p-locate@5.0.0 want: ^3.0.2
2117 silly fetch manifest yocto-queue@^0.1.0
2118 silly packumentCache full:https://registry.npmmirror.com/yocto-queue cache-miss
2119 http fetch GET 200 https://registry.npmmirror.com/yocto-queue 12ms (cache miss)
2120 silly packumentCache full:https://registry.npmmirror.com/yocto-queue set size:4829 disposed:false
2121 silly placeDep ROOT yocto-queue@0.1.0 OK for: p-limit@3.1.0 want: ^0.1.0
2122 silly placeDep ROOT callsites@3.1.0 OK for: parent-module@1.0.1 want: ^3.0.0
2123 silly placeDep ROOT nanoid@3.3.11 OK for: postcss@8.5.12 want: ^3.3.11
2124 silly placeDep ROOT loose-envify@1.4.0 OK for: prop-types@15.8.1 want: ^1.4.0
2125 silly placeDep ROOT object-assign@4.1.1 OK for: prop-types@15.8.1 want: ^4.1.1
2126 silly placeDep ROOT react-is@16.13.1 OK for: prop-types@15.8.1 want: ^16.13.1
2127 silly placeDep ROOT scheduler@0.27.0 OK for: react-dom@19.2.4 want: ^0.27.0
2128 silly placeDep ROOT node-exports-info@1.6.0 OK for: resolve@2.0.0-next.6 want: ^1.6.0
2129 silly placeDep ROOT path-parse@1.0.7 OK for: resolve@2.0.0-next.6 want: ^1.0.7
2130 silly placeDep ROOT supports-preserve-symlinks-flag@1.0.0 OK for: resolve@2.0.0-next.6 want: ^1.0.0
2131 silly placeDep ROOT queue-microtask@1.2.3 OK for: run-parallel@1.2.0 want: ^1.2.2
2132 silly placeDep ROOT isarray@2.0.5 OK for: safe-array-concat@1.1.4 want: ^2.0.5
2133 silly placeDep ROOT @img/colour@1.1.0 OK for: sharp@0.34.5 want: ^1.0.0
2134 silly placeDep ROOT @img/sharp-darwin-arm64@0.34.5 OK for: sharp@0.34.5 want: 0.34.5
2135 silly placeDep ROOT @img/sharp-darwin-x64@0.34.5 OK for: sharp@0.34.5 want: 0.34.5
2136 silly placeDep ROOT @img/sharp-libvips-darwin-arm64@1.2.4 OK for: sharp@0.34.5 want: 1.2.4
2137 silly placeDep ROOT @img/sharp-libvips-darwin-x64@1.2.4 OK for: sharp@0.34.5 want: 1.2.4
2138 silly placeDep ROOT @img/sharp-libvips-linux-arm@1.2.4 OK for: sharp@0.34.5 want: 1.2.4
2139 silly placeDep ROOT @img/sharp-libvips-linux-arm64@1.2.4 OK for: sharp@0.34.5 want: 1.2.4
2140 silly placeDep ROOT @img/sharp-libvips-linux-ppc64@1.2.4 OK for: sharp@0.34.5 want: 1.2.4
2141 silly placeDep ROOT @img/sharp-libvips-linux-riscv64@1.2.4 OK for: sharp@0.34.5 want: 1.2.4
2142 silly placeDep ROOT @img/sharp-libvips-linux-s390x@1.2.4 OK for: sharp@0.34.5 want: 1.2.4
2143 silly placeDep ROOT @img/sharp-libvips-linux-x64@1.2.4 OK for: sharp@0.34.5 want: 1.2.4
2144 silly placeDep ROOT @img/sharp-libvips-linuxmusl-arm64@1.2.4 OK for: sharp@0.34.5 want: 1.2.4
2145 silly placeDep ROOT @img/sharp-libvips-linuxmusl-x64@1.2.4 OK for: sharp@0.34.5 want: 1.2.4
2146 silly placeDep ROOT @img/sharp-linux-arm@0.34.5 OK for: sharp@0.34.5 want: 0.34.5
2147 silly placeDep ROOT @img/sharp-linux-arm64@0.34.5 OK for: sharp@0.34.5 want: 0.34.5
2148 silly placeDep ROOT @img/sharp-linux-ppc64@0.34.5 OK for: sharp@0.34.5 want: 0.34.5
2149 silly placeDep ROOT @img/sharp-linux-riscv64@0.34.5 OK for: sharp@0.34.5 want: 0.34.5
2150 silly placeDep ROOT @img/sharp-linux-s390x@0.34.5 OK for: sharp@0.34.5 want: 0.34.5
2151 silly placeDep ROOT @img/sharp-linux-x64@0.34.5 OK for: sharp@0.34.5 want: 0.34.5
2152 silly placeDep ROOT @img/sharp-linuxmusl-arm64@0.34.5 OK for: sharp@0.34.5 want: 0.34.5
2153 silly placeDep ROOT @img/sharp-linuxmusl-x64@0.34.5 OK for: sharp@0.34.5 want: 0.34.5
2154 silly placeDep ROOT @img/sharp-wasm32@0.34.5 OK for: sharp@0.34.5 want: 0.34.5
2155 silly placeDep ROOT @img/sharp-win32-arm64@0.34.5 OK for: sharp@0.34.5 want: 0.34.5
2156 silly placeDep ROOT @img/sharp-win32-ia32@0.34.5 OK for: sharp@0.34.5 want: 0.34.5
2157 silly placeDep ROOT @img/sharp-win32-x64@0.34.5 OK for: sharp@0.34.5 want: 0.34.5
2158 silly placeDep node_modules/sharp semver@7.7.4 OK for: sharp@0.34.5 want: ^7.7.3
2159 silly fetch manifest @emnapi/runtime@^1.7.0
2160 silly packumentCache full:https://registry.npmmirror.com/@emnapi%2fruntime cache-miss
2161 http fetch GET 200 https://registry.npmmirror.com/@emnapi%2fruntime 14ms (cache miss)
2162 silly packumentCache full:https://registry.npmmirror.com/@emnapi%2fruntime set size:26899 disposed:false
2163 silly placeDep ROOT @emnapi/runtime@1.10.0 OK for: @img/sharp-wasm32@0.34.5 want: ^1.7.0
2164 silly placeDep ROOT shebang-regex@3.0.0 OK for: shebang-command@2.0.0 want: ^3.0.0
2165 silly placeDep ROOT side-channel-list@1.0.1 OK for: side-channel@1.1.0 want: ^1.0.0
2166 silly placeDep ROOT side-channel-map@1.0.1 OK for: side-channel@1.1.0 want: ^1.0.1
2167 silly placeDep ROOT side-channel-weakmap@1.0.2 OK for: side-channel@1.1.0 want: ^1.0.2
2168 silly placeDep ROOT client-only@0.0.1 OK for: styled-jsx@5.1.6 want: 0.0.1
2169 silly placeDep ROOT has-flag@4.0.0 OK for: supports-color@7.2.0 want: ^4.0.0
2170 silly placeDep node_modules/tinyglobby fdir@6.5.0 OK for: tinyglobby@0.2.16 want: ^6.5.0
2171 silly placeDep node_modules/tinyglobby picomatch@4.0.4 OK for: fdir@6.5.0 want: ^3 || ^4
2172 silly placeDep ROOT is-number@7.0.0 OK for: to-regex-range@5.0.1 want: ^7.0.0
2173 silly placeDep ROOT @types/json5@0.0.29 OK for: tsconfig-paths@3.15.0 want: ^0.0.29
2174 silly placeDep node_modules/tsconfig-paths json5@1.0.2 OK for: tsconfig-paths@3.15.0 want: ^1.0.2
2175 silly placeDep ROOT minimist@1.2.8 OK for: tsconfig-paths@3.15.0 want: ^1.2.6
2176 silly placeDep ROOT strip-bom@3.0.0 OK for: tsconfig-paths@3.15.0 want: ^3.0.0
2177 silly fetch manifest minimist@^1.2.0
2178 silly packumentCache full:https://registry.npmmirror.com/minimist cache-hit
2179 silly placeDep ROOT for-each@0.3.5 OK for: typed-array-byte-length@1.0.3 want: ^0.3.3
2180 silly placeDep ROOT reflect.getprototypeof@1.0.10 OK for: typed-array-byte-offset@1.0.4 want: ^1.0.9
2181 silly fetch manifest which-builtin-type@^1.2.1
2182 silly packumentCache full:https://registry.npmmirror.com/which-builtin-type cache-miss
2183 http fetch GET 200 https://registry.npmmirror.com/which-builtin-type 18ms (cache miss)
2184 silly packumentCache full:https://registry.npmmirror.com/which-builtin-type set size:8011 disposed:false
2185 silly placeDep ROOT which-builtin-type@1.2.1 OK for: reflect.getprototypeof@1.0.10 want: ^1.2.1
2186 silly fetch manifest is-async-function@^2.0.0
2187 silly packumentCache full:https://registry.npmmirror.com/is-async-function cache-miss
2188 silly fetch manifest is-finalizationregistry@^1.1.0
2189 silly packumentCache full:https://registry.npmmirror.com/is-finalizationregistry cache-miss
2190 silly fetch manifest is-generator-function@^1.0.10
2191 silly packumentCache full:https://registry.npmmirror.com/is-generator-function cache-miss
2192 silly fetch manifest which-boxed-primitive@^1.1.0
2193 silly packumentCache full:https://registry.npmmirror.com/which-boxed-primitive cache-hit
2194 silly fetch manifest which-collection@^1.0.2
2195 silly packumentCache full:https://registry.npmmirror.com/which-collection cache-miss
2196 http fetch GET 200 https://registry.npmmirror.com/is-async-function 11ms (cache miss)
2197 silly packumentCache full:https://registry.npmmirror.com/is-async-function set size:11381 disposed:false
2198 http fetch GET 200 https://registry.npmmirror.com/is-finalizationregistry 13ms (cache miss)
2199 silly packumentCache full:https://registry.npmmirror.com/is-finalizationregistry set size:5452 disposed:false
2200 http fetch GET 200 https://registry.npmmirror.com/which-collection 14ms (cache miss)
2201 silly packumentCache full:https://registry.npmmirror.com/which-collection set size:3453 disposed:false
2202 http fetch GET 200 https://registry.npmmirror.com/is-generator-function 14ms (cache miss)
2203 silly packumentCache full:https://registry.npmmirror.com/is-generator-function set size:7767 disposed:false
2204 silly fetch manifest eslint@^8.57.0 || ^9.0.0 || ^10.0.0
2205 silly packumentCache full:https://registry.npmmirror.com/eslint cache-hit
2206 silly fetch manifest typescript@>=4.8.4 <6.1.0
2207 silly packumentCache full:https://registry.npmmirror.com/typescript cache-miss
2208 http cache https://registry.npmmirror.com/typescript 11ms (cache hit)
2209 silly packumentCache full:https://registry.npmmirror.com/typescript set size:14656265 disposed:false
2210 silly placeDep ROOT @typescript-eslint/eslint-plugin@8.59.1 OK for: typescript-eslint@8.59.1 want: 8.59.1
2211 silly placeDep ROOT @typescript-eslint/parser@8.59.1 OK for: @typescript-eslint/eslint-plugin@8.59.1 want: ^8.59.1
2212 silly placeDep ROOT @typescript-eslint/typescript-estree@8.59.1 OK for: typescript-eslint@8.59.1 want: 8.59.1
2213 silly placeDep ROOT @typescript-eslint/utils@8.59.1 OK for: typescript-eslint@8.59.1 want: 8.59.1
2214 silly fetch manifest ignore@^7.0.5
2215 silly packumentCache full:https://registry.npmmirror.com/ignore cache-hit
2216 silly fetch manifest ts-api-utils@^2.5.0
2217 silly packumentCache full:https://registry.npmmirror.com/ts-api-utils cache-miss
2218 silly fetch manifest @typescript-eslint/scope-manager@8.59.1
2219 silly packumentCache full:https://registry.npmmirror.com/@typescript-eslint%2fscope-manager cache-miss
2220 silly fetch manifest @typescript-eslint/type-utils@8.59.1
2221 silly packumentCache full:https://registry.npmmirror.com/@typescript-eslint%2ftype-utils cache-miss
2222 silly fetch manifest @typescript-eslint/visitor-keys@8.59.1
2223 silly packumentCache full:https://registry.npmmirror.com/@typescript-eslint%2fvisitor-keys cache-miss
2224 silly fetch manifest @typescript-eslint/types@8.59.1
2225 silly packumentCache full:https://registry.npmmirror.com/@typescript-eslint%2ftypes cache-miss
2226 silly fetch manifest @typescript-eslint/scope-manager@8.59.1
2227 silly packumentCache full:https://registry.npmmirror.com/@typescript-eslint%2fscope-manager cache-miss
2228 silly fetch manifest @typescript-eslint/visitor-keys@8.59.1
2229 silly packumentCache full:https://registry.npmmirror.com/@typescript-eslint%2fvisitor-keys cache-miss
2230 silly fetch manifest minimatch@^10.2.2
2231 silly packumentCache full:https://registry.npmmirror.com/minimatch cache-hit
2232 silly fetch manifest ts-api-utils@^2.5.0
2233 silly packumentCache full:https://registry.npmmirror.com/ts-api-utils cache-miss
2234 silly fetch manifest @typescript-eslint/project-service@8.59.1
2235 silly packumentCache full:https://registry.npmmirror.com/@typescript-eslint%2fproject-service cache-miss
2236 http fetch GET 200 https://registry.npmmirror.com/ts-api-utils 20ms (cache miss)
2237 silly packumentCache full:https://registry.npmmirror.com/ts-api-utils set size:45410 disposed:false
2238 silly fetch manifest @typescript-eslint/tsconfig-utils@8.59.1
2239 silly packumentCache full:https://registry.npmmirror.com/@typescript-eslint%2ftsconfig-utils cache-miss
2240 http fetch GET 200 https://registry.npmmirror.com/ts-api-utils 21ms (cache miss)
2241 silly packumentCache full:https://registry.npmmirror.com/ts-api-utils set size:45410 disposed:false
2242 silly packumentCache full:https://registry.npmmirror.com/ts-api-utils dispose
2243 silly fetch manifest @typescript-eslint/types@8.59.1
2244 silly packumentCache full:https://registry.npmmirror.com/@typescript-eslint%2ftypes cache-miss
2245 http fetch GET 200 https://registry.npmmirror.com/@typescript-eslint%2fproject-service 58ms (cache miss)
2246 silly packumentCache full:https://registry.npmmirror.com/@typescript-eslint%2fproject-service set size:161216 disposed:false
2247 silly fetch manifest @typescript-eslint/visitor-keys@8.59.1
2248 silly packumentCache full:https://registry.npmmirror.com/@typescript-eslint%2fvisitor-keys cache-miss
2249 http fetch GET 200 https://registry.npmmirror.com/@typescript-eslint%2ftsconfig-utils 212ms (cache miss)
2250 silly packumentCache full:https://registry.npmmirror.com/@typescript-eslint%2ftsconfig-utils set size:153314 disposed:false
2251 silly fetch manifest @typescript-eslint/scope-manager@8.59.1
2252 silly packumentCache full:https://registry.npmmirror.com/@typescript-eslint%2fscope-manager cache-miss
2253 http fetch GET 200 https://registry.npmmirror.com/@typescript-eslint%2fvisitor-keys 586ms (cache miss)
2254 silly packumentCache full:https://registry.npmmirror.com/@typescript-eslint%2fvisitor-keys set size:2032312 disposed:false
2255 silly fetch manifest @typescript-eslint/types@8.59.1
2256 silly packumentCache full:https://registry.npmmirror.com/@typescript-eslint%2ftypes cache-miss
2257 http fetch GET 200 https://registry.npmmirror.com/@typescript-eslint%2ftype-utils 621ms (cache miss)
2258 silly packumentCache full:https://registry.npmmirror.com/@typescript-eslint%2ftype-utils set size:1762187 disposed:false
2259 http fetch GET 200 https://registry.npmmirror.com/@typescript-eslint%2fvisitor-keys 650ms (cache miss)
2260 silly packumentCache full:https://registry.npmmirror.com/@typescript-eslint%2fvisitor-keys set size:2032312 disposed:false
2261 http fetch GET 200 https://registry.npmmirror.com/@typescript-eslint%2fscope-manager 734ms (cache miss)
2262 silly packumentCache full:https://registry.npmmirror.com/@typescript-eslint%2fscope-manager set size:2109032 disposed:false
2263 http fetch GET 200 https://registry.npmmirror.com/@typescript-eslint%2fscope-manager 772ms (cache miss)
2264 silly packumentCache full:https://registry.npmmirror.com/@typescript-eslint%2fscope-manager set size:2109032 disposed:false
2265 http fetch GET 200 https://registry.npmmirror.com/@typescript-eslint%2ftypes 794ms (cache miss)
2266 silly packumentCache full:https://registry.npmmirror.com/@typescript-eslint%2ftypes set size:2035797 disposed:false
2267 http fetch GET 200 https://registry.npmmirror.com/@typescript-eslint%2fvisitor-keys 787ms (cache miss)
2268 silly packumentCache full:https://registry.npmmirror.com/@typescript-eslint%2fvisitor-keys set size:2032312 disposed:false
2269 http fetch GET 200 https://registry.npmmirror.com/@typescript-eslint%2fscope-manager 650ms (cache miss)
2270 silly packumentCache full:https://registry.npmmirror.com/@typescript-eslint%2fscope-manager set size:2109032 disposed:false
2271 http fetch GET 200 https://registry.npmmirror.com/@typescript-eslint%2ftypes 319ms (cache miss)
2272 silly packumentCache full:https://registry.npmmirror.com/@typescript-eslint%2ftypes set size:2035797 disposed:false
2273 http fetch GET 200 https://registry.npmmirror.com/@typescript-eslint%2ftypes 972ms (cache miss)
2274 silly packumentCache full:https://registry.npmmirror.com/@typescript-eslint%2ftypes set size:2035797 disposed:false
2275 silly placeDep ROOT @typescript-eslint/scope-manager@8.59.1 OK for: @typescript-eslint/eslint-plugin@8.59.1 want: 8.59.1
2276 silly placeDep ROOT @typescript-eslint/type-utils@8.59.1 OK for: @typescript-eslint/eslint-plugin@8.59.1 want: 8.59.1
2277 silly placeDep ROOT @typescript-eslint/visitor-keys@8.59.1 OK for: @typescript-eslint/eslint-plugin@8.59.1 want: 8.59.1
2278 silly placeDep node_modules/@typescript-eslint/eslint-plugin ignore@7.0.5 OK for: @typescript-eslint/eslint-plugin@8.59.1 want: ^7.0.5
2279 silly placeDep ROOT ts-api-utils@2.5.0 OK for: @typescript-eslint/eslint-plugin@8.59.1 want: ^2.5.0
2280 silly fetch manifest eslint-visitor-keys@^5.0.0
2281 silly packumentCache full:https://registry.npmmirror.com/eslint-visitor-keys cache-hit
2282 silly placeDep ROOT @typescript-eslint/types@8.59.1 OK for: @typescript-eslint/parser@8.59.1 want: 8.59.1
2283 silly placeDep ROOT @typescript-eslint/project-service@8.59.1 OK for: @typescript-eslint/typescript-estree@8.59.1 want: 8.59.1
2284 silly placeDep ROOT @typescript-eslint/tsconfig-utils@8.59.1 OK for: @typescript-eslint/typescript-estree@8.59.1 want: 8.59.1
2285 silly placeDep node_modules/@typescript-eslint/typescript-estree minimatch@10.2.5 OK for: @typescript-eslint/typescript-estree@8.59.1 want: ^10.2.2
2286 silly placeDep node_modules/@typescript-eslint/typescript-estree semver@7.7.4 OK for: @typescript-eslint/typescript-estree@8.59.1 want: ^7.7.3
2287 silly fetch manifest @typescript-eslint/tsconfig-utils@^8.59.1
2288 silly packumentCache full:https://registry.npmmirror.com/@typescript-eslint%2ftsconfig-utils cache-hit
2289 silly fetch manifest brace-expansion@^5.0.5
2290 silly packumentCache full:https://registry.npmmirror.com/brace-expansion cache-hit
2291 silly placeDep node_modules/@typescript-eslint/visitor-keys eslint-visitor-keys@5.0.1 OK for: @typescript-eslint/visitor-keys@8.59.1 want: ^5.0.0
2292 silly placeDep ROOT has-bigints@1.1.0 OK for: unbox-primitive@1.1.0 want: ^1.0.2
2293 silly placeDep ROOT which-boxed-primitive@1.1.1 OK for: unbox-primitive@1.1.0 want: ^1.1.1
2294 silly fetch manifest is-bigint@^1.1.0
2295 silly packumentCache full:https://registry.npmmirror.com/is-bigint cache-miss
2296 silly fetch manifest is-boolean-object@^1.2.1
2297 silly packumentCache full:https://registry.npmmirror.com/is-boolean-object cache-miss
2298 silly fetch manifest is-number-object@^1.1.1
2299 silly packumentCache full:https://registry.npmmirror.com/is-number-object cache-miss
2300 http fetch GET 200 https://registry.npmmirror.com/is-bigint 12ms (cache miss)
2301 silly packumentCache full:https://registry.npmmirror.com/is-bigint set size:4054 disposed:false
2302 http fetch GET 200 https://registry.npmmirror.com/is-number-object 12ms (cache miss)
2303 silly packumentCache full:https://registry.npmmirror.com/is-number-object set size:6746 disposed:false
2304 http fetch GET 200 https://registry.npmmirror.com/is-boolean-object 12ms (cache miss)
2305 silly packumentCache full:https://registry.npmmirror.com/is-boolean-object set size:5867 disposed:false
2306 silly placeDep ROOT @unrs/resolver-binding-android-arm-eabi@1.11.1 OK for: unrs-resolver@1.11.1 want: 1.11.1
2307 silly placeDep ROOT @unrs/resolver-binding-android-arm64@1.11.1 OK for: unrs-resolver@1.11.1 want: 1.11.1
2308 silly placeDep ROOT @unrs/resolver-binding-darwin-arm64@1.11.1 OK for: unrs-resolver@1.11.1 want: 1.11.1
2309 silly placeDep ROOT @unrs/resolver-binding-darwin-x64@1.11.1 OK for: unrs-resolver@1.11.1 want: 1.11.1
2310 silly placeDep ROOT @unrs/resolver-binding-freebsd-x64@1.11.1 OK for: unrs-resolver@1.11.1 want: 1.11.1
2311 silly placeDep ROOT @unrs/resolver-binding-linux-arm-gnueabihf@1.11.1 OK for: unrs-resolver@1.11.1 want: 1.11.1
2312 silly placeDep ROOT @unrs/resolver-binding-linux-arm-musleabihf@1.11.1 OK for: unrs-resolver@1.11.1 want: 1.11.1
2313 silly placeDep ROOT @unrs/resolver-binding-linux-arm64-gnu@1.11.1 OK for: unrs-resolver@1.11.1 want: 1.11.1
2314 silly placeDep ROOT @unrs/resolver-binding-linux-arm64-musl@1.11.1 OK for: unrs-resolver@1.11.1 want: 1.11.1
2315 silly placeDep ROOT @unrs/resolver-binding-linux-ppc64-gnu@1.11.1 OK for: unrs-resolver@1.11.1 want: 1.11.1
2316 silly placeDep ROOT @unrs/resolver-binding-linux-riscv64-gnu@1.11.1 OK for: unrs-resolver@1.11.1 want: 1.11.1
2317 silly placeDep ROOT @unrs/resolver-binding-linux-riscv64-musl@1.11.1 OK for: unrs-resolver@1.11.1 want: 1.11.1
2318 silly placeDep ROOT @unrs/resolver-binding-linux-s390x-gnu@1.11.1 OK for: unrs-resolver@1.11.1 want: 1.11.1
2319 silly placeDep ROOT @unrs/resolver-binding-linux-x64-gnu@1.11.1 OK for: unrs-resolver@1.11.1 want: 1.11.1
2320 silly placeDep ROOT @unrs/resolver-binding-linux-x64-musl@1.11.1 OK for: unrs-resolver@1.11.1 want: 1.11.1
2321 silly placeDep ROOT @unrs/resolver-binding-wasm32-wasi@1.11.1 OK for: unrs-resolver@1.11.1 want: 1.11.1
2322 silly placeDep ROOT @unrs/resolver-binding-win32-arm64-msvc@1.11.1 OK for: unrs-resolver@1.11.1 want: 1.11.1
2323 silly placeDep ROOT @unrs/resolver-binding-win32-ia32-msvc@1.11.1 OK for: unrs-resolver@1.11.1 want: 1.11.1
2324 silly placeDep ROOT @unrs/resolver-binding-win32-x64-msvc@1.11.1 OK for: unrs-resolver@1.11.1 want: 1.11.1
2325 silly placeDep ROOT napi-postinstall@0.3.4 OK for: unrs-resolver@1.11.1 want: ^0.3.0
2326 silly fetch manifest @napi-rs/wasm-runtime@^0.2.11
2327 silly packumentCache full:https://registry.npmmirror.com/@napi-rs%2fwasm-runtime cache-miss
2328 http fetch GET 200 https://registry.npmmirror.com/@napi-rs%2fwasm-runtime 10ms (cache miss)
2329 silly packumentCache full:https://registry.npmmirror.com/@napi-rs%2fwasm-runtime set size:12752 disposed:false
2330 silly placeDep ROOT @napi-rs/wasm-runtime@0.2.12 OK for: @unrs/resolver-binding-wasm32-wasi@1.11.1 want: ^0.2.11
2331 silly fetch manifest @emnapi/core@^1.4.3
2332 silly packumentCache full:https://registry.npmmirror.com/@emnapi%2fcore cache-miss
2333 silly fetch manifest @tybys/wasm-util@^0.10.0
2334 silly packumentCache full:https://registry.npmmirror.com/@tybys%2fwasm-util cache-miss
2335 http fetch GET 200 https://registry.npmmirror.com/@tybys%2fwasm-util 12ms (cache miss)
2336 silly packumentCache full:https://registry.npmmirror.com/@tybys%2fwasm-util set size:15999 disposed:false
2337 http fetch GET 200 https://registry.npmmirror.com/@emnapi%2fcore 30ms (cache miss)
2338 silly packumentCache full:https://registry.npmmirror.com/@emnapi%2fcore set size:26151 disposed:false
2339 silly placeDep ROOT @emnapi/core@1.10.0 OK for: @napi-rs/wasm-runtime@0.2.12 want: ^1.4.3
2340 silly placeDep ROOT @tybys/wasm-util@0.10.1 OK for: @napi-rs/wasm-runtime@0.2.12 want: ^0.10.0
2341 silly fetch manifest @emnapi/wasi-threads@1.2.1
2342 silly packumentCache full:https://registry.npmmirror.com/@emnapi%2fwasi-threads cache-miss
2343 http fetch GET 200 https://registry.npmmirror.com/@emnapi%2fwasi-threads 11ms (cache miss)
2344 silly packumentCache full:https://registry.npmmirror.com/@emnapi%2fwasi-threads set size:6195 disposed:false
2345 silly placeDep ROOT @emnapi/wasi-threads@1.2.1 OK for: @emnapi/core@1.10.0 want: 1.2.1
2346 silly placeDep ROOT escalade@3.2.0 OK for: update-browserslist-db@1.2.3 want: ^3.2.0
2347 silly placeDep ROOT punycode@2.3.1 OK for: uri-js@4.4.1 want: ^2.1.0
2348 silly placeDep ROOT isexe@2.0.0 OK for: which@2.0.2 want: ^2.0.0
2349 silly placeDep ROOT is-bigint@1.1.0 OK for: which-boxed-primitive@1.1.1 want: ^1.1.0
2350 silly placeDep ROOT is-boolean-object@1.2.2 OK for: which-boxed-primitive@1.1.1 want: ^1.2.1
2351 silly placeDep ROOT is-number-object@1.1.1 OK for: which-boxed-primitive@1.1.1 want: ^1.1.1
2352 silly placeDep ROOT is-async-function@2.1.1 OK for: which-builtin-type@1.2.1 want: ^2.0.0
2353 silly placeDep ROOT is-finalizationregistry@1.1.1 OK for: which-builtin-type@1.2.1 want: ^1.1.0
2354 silly placeDep ROOT is-generator-function@1.1.2 OK for: which-builtin-type@1.2.1 want: ^1.0.10
2355 silly placeDep ROOT which-collection@1.0.2 OK for: which-builtin-type@1.2.1 want: ^1.0.2
2356 silly fetch manifest async-function@^1.0.0
2357 silly packumentCache full:https://registry.npmmirror.com/async-function cache-miss
2358 silly fetch manifest generator-function@^2.0.0
2359 silly packumentCache full:https://registry.npmmirror.com/generator-function cache-miss
2360 silly fetch manifest is-map@^2.0.3
2361 silly packumentCache full:https://registry.npmmirror.com/is-map cache-miss
2362 silly fetch manifest is-weakmap@^2.0.2
2363 silly packumentCache full:https://registry.npmmirror.com/is-weakmap cache-miss
2364 silly fetch manifest is-weakset@^2.0.3
2365 silly packumentCache full:https://registry.npmmirror.com/is-weakset cache-miss
2366 http fetch GET 200 https://registry.npmmirror.com/generator-function 11ms (cache miss)
2367 silly packumentCache full:https://registry.npmmirror.com/generator-function set size:3383 disposed:false
2368 http fetch GET 200 https://registry.npmmirror.com/async-function 14ms (cache miss)
2369 silly packumentCache full:https://registry.npmmirror.com/async-function set size:2930 disposed:false
2370 http fetch GET 200 https://registry.npmmirror.com/is-weakset 14ms (cache miss)
2371 silly packumentCache full:https://registry.npmmirror.com/is-weakset set size:5795 disposed:false
2372 http fetch GET 200 https://registry.npmmirror.com/is-weakmap 14ms (cache miss)
2373 silly packumentCache full:https://registry.npmmirror.com/is-weakmap set size:4107 disposed:false
2374 http fetch GET 200 https://registry.npmmirror.com/is-map 15ms (cache miss)
2375 silly packumentCache full:https://registry.npmmirror.com/is-map set size:4390 disposed:false
2376 silly placeDep ROOT async-function@1.0.0 OK for: is-async-function@2.1.1 want: ^1.0.0
2377 silly placeDep ROOT generator-function@2.0.1 OK for: is-generator-function@1.1.2 want: ^2.0.0
2378 silly placeDep ROOT is-map@2.0.3 OK for: which-collection@1.0.2 want: ^2.0.3
2379 silly placeDep ROOT is-weakmap@2.0.2 OK for: which-collection@1.0.2 want: ^2.0.2
2380 silly placeDep ROOT is-weakset@2.0.4 OK for: which-collection@1.0.2 want: ^2.0.3
2381 silly placeDep node_modules/@typescript-eslint/typescript-estree brace-expansion@5.0.5 OK for: minimatch@10.2.5 want: ^5.0.5
2382 silly fetch manifest balanced-match@^4.0.2
2383 silly packumentCache full:https://registry.npmmirror.com/balanced-match cache-hit
2384 silly placeDep node_modules/@typescript-eslint/typescript-estree balanced-match@4.0.4 OK for: brace-expansion@5.0.5 want: ^4.0.2
2385 silly reify moves {}
2386 silly audit bulk request {
2386 silly audit   '@tailwindcss/postcss': [ '4.2.4' ],
2386 silly audit   '@types/node': [ '20.19.39' ],
2386 silly audit   '@types/react': [ '19.2.14' ],
2386 silly audit   '@types/react-dom': [ '19.2.3' ],
2386 silly audit   eslint: [ '9.39.4' ],
2386 silly audit   'eslint-config-next': [ '16.2.4' ],
2386 silly audit   next: [ '16.2.4' ],
2386 silly audit   react: [ '19.2.4' ],
2386 silly audit   'react-dom': [ '19.2.4' ],
2386 silly audit   tailwindcss: [ '4.2.4' ],
2386 silly audit   typescript: [ '5.9.3' ],
2386 silly audit   '@alloc/quick-lru': [ '5.2.0' ],
2386 silly audit   '@tailwindcss/node': [ '4.2.4' ],
2386 silly audit   '@tailwindcss/oxide': [ '4.2.4' ],
2386 silly audit   postcss: [ '8.5.12', '8.4.31' ],
2386 silly audit   '@jridgewell/remapping': [ '2.3.5' ],
2386 silly audit   'enhanced-resolve': [ '5.21.0' ],
2386 silly audit   jiti: [ '2.6.1' ],
2386 silly audit   lightningcss: [ '1.32.0' ],
2386 silly audit   'magic-string': [ '0.30.21' ],
2386 silly audit   'source-map-js': [ '1.2.1' ],
2386 silly audit   '@jridgewell/gen-mapping': [ '0.3.13' ],
2386 silly audit   '@jridgewell/trace-mapping': [ '0.3.31' ],
2386 silly audit   '@jridgewell/sourcemap-codec': [ '1.5.5' ],
2386 silly audit   '@jridgewell/resolve-uri': [ '3.1.2' ],
2386 silly audit   '@tailwindcss/oxide-android-arm64': [ '4.2.4' ],
2386 silly audit   '@tailwindcss/oxide-darwin-arm64': [ '4.2.4' ],
2386 silly audit   '@tailwindcss/oxide-darwin-x64': [ '4.2.4' ],
2386 silly audit   '@tailwindcss/oxide-freebsd-x64': [ '4.2.4' ],
2386 silly audit   '@tailwindcss/oxide-linux-arm-gnueabihf': [ '4.2.4' ],
2386 silly audit   '@tailwindcss/oxide-linux-arm64-gnu': [ '4.2.4' ],
2386 silly audit   '@tailwindcss/oxide-linux-arm64-musl': [ '4.2.4' ],
2386 silly audit   '@tailwindcss/oxide-linux-x64-gnu': [ '4.2.4' ],
2386 silly audit   '@tailwindcss/oxide-linux-x64-musl': [ '4.2.4' ],
2386 silly audit   '@tailwindcss/oxide-wasm32-wasi': [ '4.2.4' ],
2386 silly audit   '@tailwindcss/oxide-win32-arm64-msvc': [ '4.2.4' ],
2386 silly audit   '@tailwindcss/oxide-win32-x64-msvc': [ '4.2.4' ],
2386 silly audit   'undici-types': [ '6.21.0' ],
2386 silly audit   csstype: [ '3.2.3' ],
2386 silly audit   'graceful-fs': [ '4.2.11' ],
2386 silly audit   tapable: [ '2.3.3' ],
2386 silly audit   '@eslint-community/eslint-utils': [ '4.9.1' ],
2386 silly audit   '@eslint-community/regexpp': [ '4.12.2' ],
2386 silly audit   '@eslint/config-array': [ '0.21.2' ],
2386 silly audit   '@eslint/config-helpers': [ '0.4.2' ],
2386 silly audit   '@eslint/core': [ '0.17.0' ],
2386 silly audit   '@eslint/eslintrc': [ '3.3.5' ],
2386 silly audit   '@eslint/js': [ '9.39.4' ],
2386 silly audit   '@eslint/plugin-kit': [ '0.4.1' ],
2386 silly audit   '@humanfs/node': [ '0.16.8' ],
2386 silly audit   '@humanwhocodes/module-importer': [ '1.0.1' ],
2386 silly audit   '@humanwhocodes/retry': [ '0.4.3' ],
2386 silly audit   '@types/estree': [ '1.0.8' ],
2386 silly audit   ajv: [ '6.15.0' ],
2386 silly audit   chalk: [ '4.1.2' ],
2386 silly audit   'cross-spawn': [ '7.0.6' ],
2386 silly audit   debug: [ '4.4.3', '3.2.7' ],
2386 silly audit   'escape-string-regexp': [ '4.0.0' ],
2386 silly audit   'eslint-scope': [ '8.4.0' ],
2386 silly audit   'eslint-visitor-keys': [ '4.2.1', '3.4.3', '5.0.1' ],
2386 silly audit   espree: [ '10.4.0' ],
2386 silly audit   esquery: [ '1.7.0' ],
2386 silly audit   esutils: [ '2.0.3' ],
2386 silly audit   'fast-deep-equal': [ '3.1.3' ],
2386 silly audit   'file-entry-cache': [ '8.0.0' ],
2386 silly audit   'find-up': [ '5.0.0' ],
2386 silly audit   'glob-parent': [ '6.0.2', '5.1.2' ],
2386 silly audit   ignore: [ '5.3.2', '7.0.5' ],
2386 silly audit   imurmurhash: [ '0.1.4' ],
2386 silly audit   'is-glob': [ '4.0.3' ],
2386 silly audit   'json-stable-stringify-without-jsonify': [ '1.0.1' ],
2386 silly audit   'lodash.merge': [ '4.6.2' ],
2386 silly audit   minimatch: [ '3.1.5', '10.2.5' ],
2386 silly audit   'natural-compare': [ '1.4.0' ],
2386 silly audit   optionator: [ '0.9.4' ],
2386 silly audit   '@eslint/object-schema': [ '2.1.7' ],
2386 silly audit   '@types/json-schema': [ '7.0.15' ],
2386 silly audit   globals: [ '14.0.0', '16.4.0' ],
2386 silly audit   'import-fresh': [ '3.3.1' ],
2386 silly audit   'js-yaml': [ '4.1.1' ],
2386 silly audit   'strip-json-comments': [ '3.1.1' ],
2386 silly audit   levn: [ '0.4.1' ],
2386 silly audit   '@humanfs/core': [ '0.19.2' ],
2386 silly audit   '@humanfs/types': [ '0.15.0' ],
2386 silly audit   'fast-json-stable-stringify': [ '2.1.0' ],
2386 silly audit   'json-schema-traverse': [ '0.4.1' ],
2386 silly audit   'uri-js': [ '4.4.1' ],
2386 silly audit   'ansi-styles': [ '4.3.0' ],
2386 silly audit   'supports-color': [ '7.2.0' ],
2386 silly audit   'color-convert': [ '2.0.1' ],
2386 silly audit   'color-name': [ '1.1.4' ],
2386 silly audit   'path-key': [ '3.1.1' ],
2386 silly audit   'shebang-command': [ '2.0.0' ],
2386 silly audit   which: [ '2.0.2' ],
2386 silly audit   ms: [ '2.1.3' ],
2386 silly audit   '@next/eslint-plugin-next': [ '16.2.4' ],
2386 silly audit   'eslint-import-resolver-node': [ '0.3.10' ],
2386 silly audit   'eslint-import-resolver-typescript': [ '3.10.1' ],
2386 silly audit   'eslint-plugin-import': [ '2.32.0' ],
2386 silly audit   'eslint-plugin-jsx-a11y': [ '6.10.2' ],
2386 silly audit   'eslint-plugin-react': [ '7.37.5' ],
2386 silly audit   'eslint-plugin-react-hooks': [ '7.1.1' ],
2386 silly audit   'typescript-eslint': [ '8.59.1' ],
2386 silly audit   'fast-glob': [ '3.3.1' ],
2386 silly audit   'is-core-module': [ '2.16.1' ],
2386 silly audit   resolve: [ '2.0.0-next.6' ],
2386 silly audit   '@nolyfill/is-core-module': [ '1.0.39' ],
2386 silly audit   'get-tsconfig': [ '4.14.0' ],
2386 silly audit   'is-bun-module': [ '2.0.0' ],
2386 silly audit   'stable-hash': [ '0.0.5' ],
2386 silly audit   tinyglobby: [ '0.2.16' ],
2386 silly audit   'unrs-resolver': [ '1.11.1' ],
2386 silly audit   '@rtsao/scc': [ '1.1.0' ],
2386 silly audit   'array-includes': [ '3.1.9' ],
2386 silly audit   'array.prototype.findlastindex': [ '1.2.6' ],
2386 silly audit   'array.prototype.flat': [ '1.3.3' ],
2386 silly audit   'array.prototype.flatmap': [ '1.3.3' ],
2386 silly audit   doctrine: [ '2.1.0' ],
2386 silly audit   'eslint-module-utils': [ '2.12.1' ],
2386 silly audit   hasown: [ '2.0.3' ],
2386 silly audit   'object.fromentries': [ '2.0.8' ],
2386 silly audit   'object.groupby': [ '1.0.3' ],
2386 silly audit   'object.values': [ '1.2.1' ],
2386 silly audit   semver: [ '6.3.1', '7.7.4' ],
2386 silly audit   'string.prototype.trimend': [ '1.0.9' ],
2386 silly audit   'tsconfig-paths': [ '3.15.0' ],
2386 silly audit   'call-bind': [ '1.0.9' ],
2386 silly audit   'call-bound': [ '1.0.4' ],
2386 silly audit   'define-properties': [ '1.2.1' ],
2386 silly audit   'es-abstract': [ '1.24.2' ],
2386 silly audit   'es-object-atoms': [ '1.1.1' ],
2386 silly audit   'get-intrinsic': [ '1.3.0' ],
2386 silly audit   'is-string': [ '1.1.1' ],
2386 silly audit   'math-intrinsics': [ '1.1.0' ],
2386 silly audit   'es-errors': [ '1.3.0' ],
2386 silly audit   'es-shim-unscopables': [ '1.1.0' ],
2386 silly audit   'call-bind-apply-helpers': [ '1.0.2' ],
2386 silly audit   'es-define-property': [ '1.0.1' ],
2386 silly audit   'set-function-length': [ '1.2.2' ],
2386 silly audit   'function-bind': [ '1.1.2' ],
2386 silly audit   'define-data-property': [ '1.1.4' ],
2386 silly audit   'has-property-descriptors': [ '1.0.2' ],
2386 silly audit   'object-keys': [ '1.1.1' ],
2386 silly audit   gopd: [ '1.2.0' ],
2386 silly audit   'array-buffer-byte-length': [ '1.0.2' ],
2386 silly audit   'arraybuffer.prototype.slice': [ '1.0.4' ],
2386 silly audit   'available-typed-arrays': [ '1.0.7' ],
2386 silly audit   'data-view-buffer': [ '1.0.2' ],
2386 silly audit   'data-view-byte-length': [ '1.0.2' ],
2386 silly audit   'data-view-byte-offset': [ '1.0.1' ],
2386 silly audit   'es-set-tostringtag': [ '2.1.0' ],
2386 silly audit   'es-to-primitive': [ '1.3.0' ],
2386 silly audit   'function.prototype.name': [ '1.1.8' ],
2386 silly audit   'get-proto': [ '1.0.1' ],
2386 silly audit   'get-symbol-description': [ '1.1.0' ],
2386 silly audit   globalthis: [ '1.0.4' ],
2386 silly audit   'has-proto': [ '1.2.0' ],
2386 silly audit   'has-symbols': [ '1.1.0' ],
2386 silly audit   'internal-slot': [ '1.1.0' ],
2386 silly audit   'is-array-buffer': [ '3.0.5' ],
2386 silly audit   'is-callable': [ '1.2.7' ],
2386 silly audit   'is-data-view': [ '1.0.2' ],
2386 silly audit   'is-negative-zero': [ '2.0.3' ],
2386 silly audit   'is-regex': [ '1.2.1' ],
2386 silly audit   'is-set': [ '2.0.3' ],
2386 silly audit   'is-shared-array-buffer': [ '1.0.4' ],
2386 silly audit   'is-typed-array': [ '1.1.15' ],
2386 silly audit   'is-weakref': [ '1.1.1' ],
2386 silly audit   'object-inspect': [ '1.13.4' ],
2386 silly audit   'object.assign': [ '4.1.7' ],
2386 silly audit   'own-keys': [ '1.0.1' ],
2386 silly audit   'regexp.prototype.flags': [ '1.5.4' ],
2386 silly audit   'safe-array-concat': [ '1.1.4' ],
2386 silly audit   'safe-push-apply': [ '1.0.0' ],
2386 silly audit   'safe-regex-test': [ '1.1.0' ],
2386 silly audit   'set-proto': [ '1.0.0' ],
2386 silly audit   'stop-iteration-iterator': [ '1.1.0' ],
2386 silly audit   'string.prototype.trim': [ '1.2.10' ],
2386 silly audit   'string.prototype.trimstart': [ '1.0.8' ],
2386 silly audit   'typed-array-buffer': [ '1.0.3' ],
2386 silly audit   'typed-array-byte-length': [ '1.0.3' ],
2386 silly audit   'typed-array-byte-offset': [ '1.0.4' ],
2386 silly audit   'typed-array-length': [ '1.0.7' ],
2386 silly audit   'unbox-primitive': [ '1.1.0' ],
2386 silly audit   'which-typed-array': [ '1.1.20' ],
2386 silly audit   'possible-typed-array-names': [ '1.1.0' ],
2386 silly audit   'has-tostringtag': [ '1.0.2' ],
2386 silly audit   'is-date-object': [ '1.1.0' ],
2386 silly audit   'is-symbol': [ '1.1.1' ],
2386 silly audit   'aria-query': [ '5.3.2' ],
2386 silly audit   'ast-types-flow': [ '0.0.8' ],
2386 silly audit   'axe-core': [ '4.11.4' ],
2386 silly audit   'axobject-query': [ '4.1.0' ],
2386 silly audit   'damerau-levenshtein': [ '1.0.8' ],
2386 silly audit   'emoji-regex': [ '9.2.2' ],
2386 silly audit   'jsx-ast-utils': [ '3.3.5' ],
2386 silly audit   'language-tags': [ '1.0.9' ],
2386 silly audit   'string.prototype.includes': [ '2.0.1' ],
2386 silly audit   'array.prototype.findlast': [ '1.2.5' ],
2386 silly audit   'array.prototype.tosorted': [ '1.1.4' ],
2386 silly audit   'es-iterator-helpers': [ '1.3.2' ],
2386 silly audit   estraverse: [ '5.3.0' ],
2386 silly audit   'object.entries': [ '1.1.9' ],
2386 silly audit   'prop-types': [ '15.8.1' ],
2386 silly audit   'string.prototype.matchall': [ '4.0.12' ],
2386 silly audit   'string.prototype.repeat': [ '1.0.0' ],
2386 silly audit   'iterator.prototype': [ '1.1.5' ],
2386 silly audit   '@babel/core': [ '7.29.0' ],
2386 silly audit   '@babel/parser': [ '7.29.2' ],
2386 silly audit   'hermes-parser': [ '0.25.1' ],
2386 silly audit   zod: [ '4.4.1' ],
2386 silly audit   'zod-validation-error': [ '4.0.2' ],
2386 silly audit   '@babel/code-frame': [ '7.29.0' ],
2386 silly audit   '@babel/generator': [ '7.29.1' ],
2386 silly audit   '@babel/helper-compilation-targets': [ '7.28.6' ],
2386 silly audit   '@babel/helper-module-transforms': [ '7.28.6' ],
2386 silly audit   '@babel/helpers': [ '7.29.2' ],
2386 silly audit   '@babel/template': [ '7.28.6' ],
2386 silly audit   '@babel/traverse': [ '7.29.0' ],
2386 silly audit   '@babel/types': [ '7.29.0' ],
2386 silly audit   'convert-source-map': [ '2.0.0' ],
2386 silly audit   gensync: [ '1.0.0-beta.2' ],
2386 silly audit   json5: [ '2.2.3', '1.0.2' ],
2386 silly audit   '@babel/helper-validator-identifier': [ '7.28.5' ],
2386 silly audit   'js-tokens': [ '4.0.0' ],
2386 silly audit   picocolors: [ '1.1.1' ],
2386 silly audit   jsesc: [ '3.1.0' ],
2386 silly audit   '@babel/compat-data': [ '7.29.0' ],
2386 silly audit   '@babel/helper-validator-option': [ '7.27.1' ],
2386 silly audit   browserslist: [ '4.28.2' ],
2386 silly audit   'lru-cache': [ '5.1.1' ],
2386 silly audit   '@babel/helper-module-imports': [ '7.28.6' ],
2386 silly audit   '@babel/helper-globals': [ '7.28.0' ],
2386 silly audit   '@babel/helper-string-parser': [ '7.27.1' ],
2386 silly audit   'baseline-browser-mapping': [ '2.10.24' ],
2386 silly audit   'caniuse-lite': [ '1.0.30001791' ],
2386 silly audit   'electron-to-chromium': [ '1.5.345' ],
2386 silly audit   'node-releases': [ '2.0.38' ],
2386 silly audit   'update-browserslist-db': [ '1.2.3' ],
2386 silly audit   esrecurse: [ '4.3.0' ],
2386 silly audit   acorn: [ '8.16.0' ],
2386 silly audit   'acorn-jsx': [ '5.3.2' ],
2386 silly audit   '@nodelib/fs.stat': [ '2.0.5' ],
2386 silly audit   '@nodelib/fs.walk': [ '1.2.8' ],
2386 silly audit   merge2: [ '1.4.1' ],
2386 silly audit   micromatch: [ '4.0.8' ],
2386 silly audit   '@nodelib/fs.scandir': [ '2.1.5' ],
2386 silly audit   fastq: [ '1.20.1' ],
2386 silly audit   'run-parallel': [ '1.2.0' ],
2386 silly audit   reusify: [ '1.1.0' ],
2386 silly audit   'flat-cache': [ '4.0.1' ],
2386 silly audit   'locate-path': [ '6.0.0' ],
2386 silly audit   'path-exists': [ '4.0.0' ],
2386 silly audit   flatted: [ '3.4.2' ],
2386 silly audit   keyv: [ '4.5.4' ],
2386 silly audit   'functions-have-names': [ '1.2.3' ],
2386 silly audit   'dunder-proto': [ '1.0.1' ],
2386 silly audit   'resolve-pkg-maps': [ '1.0.0' ],
2386 silly audit   'hermes-estree': [ '0.25.1' ],
2386 silly audit   'parent-module': [ '1.0.1' ],
2386 silly audit   'resolve-from': [ '4.0.0' ],
2386 silly audit   'side-channel': [ '1.1.0' ],
2386 silly audit   'is-extglob': [ '2.1.1' ],
2386 silly audit   'set-function-name': [ '2.0.2' ],
2386 silly audit   argparse: [ '2.0.1' ],
2386 silly audit   'json-buffer': [ '3.0.1' ],
2386 silly audit   'language-subtag-registry': [ '0.3.23' ],
2386 silly audit   'prelude-ls': [ '1.2.1' ],
2386 silly audit   'type-check': [ '0.4.0' ],
2386 silly audit   'detect-libc': [ '2.1.2' ],
2386 silly audit   'lightningcss-android-arm64': [ '1.32.0' ],
2386 silly audit   'lightningcss-darwin-arm64': [ '1.32.0' ],
2386 silly audit   'lightningcss-darwin-x64': [ '1.32.0' ],
2386 silly audit   'lightningcss-freebsd-x64': [ '1.32.0' ],
2386 silly audit   'lightningcss-linux-arm-gnueabihf': [ '1.32.0' ],
2386 silly audit   'lightningcss-linux-arm64-gnu': [ '1.32.0' ],
2386 silly audit   'lightningcss-linux-arm64-musl': [ '1.32.0' ],
2386 silly audit   'lightningcss-linux-x64-gnu': [ '1.32.0' ],
2386 silly audit   'lightningcss-linux-x64-musl': [ '1.32.0' ],
2386 silly audit   'lightningcss-win32-arm64-msvc': [ '1.32.0' ],
2386 silly audit   'lightningcss-win32-x64-msvc': [ '1.32.0' ],
2386 silly audit   'p-locate': [ '5.0.0' ],
2386 silly audit   yallist: [ '3.1.1' ],
2386 silly audit   braces: [ '3.0.3' ],
2386 silly audit   picomatch: [ '2.3.2', '4.0.4' ],
2386 silly audit   'fill-range': [ '7.1.1' ],
2386 silly audit   'to-regex-range': [ '5.0.1' ],
2386 silly audit   'brace-expansion': [ '1.1.14', '5.0.5' ],
2386 silly audit   'balanced-match': [ '1.0.2', '4.0.4' ],
2386 silly audit   'concat-map': [ '0.0.1' ],
2386 silly audit   '@next/env': [ '16.2.4' ],
2386 silly audit   '@next/swc-darwin-arm64': [ '16.2.4' ],
2386 silly audit   '@next/swc-darwin-x64': [ '16.2.4' ],
2386 silly audit   '@next/swc-linux-arm64-gnu': [ '16.2.4' ],
2386 silly audit   '@next/swc-linux-arm64-musl': [ '16.2.4' ],
2386 silly audit   '@next/swc-linux-x64-gnu': [ '16.2.4' ],
2386 silly audit   '@next/swc-linux-x64-musl': [ '16.2.4' ],
2386 silly audit   '@next/swc-win32-arm64-msvc': [ '16.2.4' ],
2386 silly audit   '@next/swc-win32-x64-msvc': [ '16.2.4' ],
2386 silly audit   '@swc/helpers': [ '0.5.15' ],
2386 silly audit   sharp: [ '0.34.5' ],
2386 silly audit   'styled-jsx': [ '5.1.6' ],
2386 silly audit   tslib: [ '2.8.1' ],
2386 silly audit   'deep-is': [ '0.1.4' ],
2386 silly audit   'fast-levenshtein': [ '2.0.6' ],
2386 silly audit   'word-wrap': [ '1.2.5' ],
2386 silly audit   'p-limit': [ '3.1.0' ],
2386 silly audit   'yocto-queue': [ '0.1.0' ],
2386 silly audit   callsites: [ '3.1.0' ],
2386 silly audit   nanoid: [ '3.3.11' ],
2386 silly audit   'loose-envify': [ '1.4.0' ],
2386 silly audit   'object-assign': [ '4.1.1' ],
2386 silly audit   'react-is': [ '16.13.1' ],
2386 silly audit   scheduler: [ '0.27.0' ],
2386 silly audit   'node-exports-info': [ '1.6.0' ],
2386 silly audit   'path-parse': [ '1.0.7' ],
2386 silly audit   'supports-preserve-symlinks-flag': [ '1.0.0' ],
2386 silly audit   'queue-microtask': [ '1.2.3' ],
2386 silly audit   isarray: [ '2.0.5' ],
2386 silly audit   '@img/colour': [ '1.1.0' ],
2386 silly audit   '@img/sharp-darwin-arm64': [ '0.34.5' ],
2386 silly audit   '@img/sharp-darwin-x64': [ '0.34.5' ],
2386 silly audit   '@img/sharp-libvips-darwin-arm64': [ '1.2.4' ],
2386 silly audit   '@img/sharp-libvips-darwin-x64': [ '1.2.4' ],
2386 silly audit   '@img/sharp-libvips-linux-arm': [ '1.2.4' ],
2386 silly audit   '@img/sharp-libvips-linux-arm64': [ '1.2.4' ],
2386 silly audit   '@img/sharp-libvips-linux-ppc64': [ '1.2.4' ],
2386 silly audit   '@img/sharp-libvips-linux-riscv64': [ '1.2.4' ],
2386 silly audit   '@img/sharp-libvips-linux-s390x': [ '1.2.4' ],
2386 silly audit   '@img/sharp-libvips-linux-x64': [ '1.2.4' ],
2386 silly audit   '@img/sharp-libvips-linuxmusl-arm64': [ '1.2.4' ],
2386 silly audit   '@img/sharp-libvips-linuxmusl-x64': [ '1.2.4' ],
2386 silly audit   '@img/sharp-linux-arm': [ '0.34.5' ],
2386 silly audit   '@img/sharp-linux-arm64': [ '0.34.5' ],
2386 silly audit   '@img/sharp-linux-ppc64': [ '0.34.5' ],
2386 silly audit   '@img/sharp-linux-riscv64': [ '0.34.5' ],
2386 silly audit   '@img/sharp-linux-s390x': [ '0.34.5' ],
2386 silly audit   '@img/sharp-linux-x64': [ '0.34.5' ],
2386 silly audit   '@img/sharp-linuxmusl-arm64': [ '0.34.5' ],
2386 silly audit   '@img/sharp-linuxmusl-x64': [ '0.34.5' ],
2386 silly audit   '@img/sharp-wasm32': [ '0.34.5' ],
2386 silly audit   '@img/sharp-win32-arm64': [ '0.34.5' ],
2386 silly audit   '@img/sharp-win32-ia32': [ '0.34.5' ],
2386 silly audit   '@img/sharp-win32-x64': [ '0.34.5' ],
2386 silly audit   '@emnapi/runtime': [ '1.10.0' ],
2386 silly audit   'shebang-regex': [ '3.0.0' ],
2386 silly audit   'side-channel-list': [ '1.0.1' ],
2386 silly audit   'side-channel-map': [ '1.0.1' ],
2386 silly audit   'side-channel-weakmap': [ '1.0.2' ],
2386 silly audit   'client-only': [ '0.0.1' ],
2386 silly audit   'has-flag': [ '4.0.0' ],
2386 silly audit   fdir: [ '6.5.0' ],
2386 silly audit   'is-number': [ '7.0.0' ],
2386 silly audit   '@types/json5': [ '0.0.29' ],
2386 silly audit   minimist: [ '1.2.8' ],
2386 silly audit   'strip-bom': [ '3.0.0' ],
2386 silly audit   'for-each': [ '0.3.5' ],
2386 silly audit   'reflect.getprototypeof': [ '1.0.10' ],
2386 silly audit   'which-builtin-type': [ '1.2.1' ],
2386 silly audit   '@typescript-eslint/eslint-plugin': [ '8.59.1' ],
2386 silly audit   '@typescript-eslint/parser': [ '8.59.1' ],
2386 silly audit   '@typescript-eslint/typescript-estree': [ '8.59.1' ],
2386 silly audit   '@typescript-eslint/utils': [ '8.59.1' ],
2386 silly audit   '@typescript-eslint/scope-manager': [ '8.59.1' ],
2386 silly audit   '@typescript-eslint/type-utils': [ '8.59.1' ],
2386 silly audit   '@typescript-eslint/visitor-keys': [ '8.59.1' ],
2386 silly audit   'ts-api-utils': [ '2.5.0' ],
2386 silly audit   '@typescript-eslint/types': [ '8.59.1' ],
2386 silly audit   '@typescript-eslint/project-service': [ '8.59.1' ],
2386 silly audit   '@typescript-eslint/tsconfig-utils': [ '8.59.1' ],
2386 silly audit   'has-bigints': [ '1.1.0' ],
2386 silly audit   'which-boxed-primitive': [ '1.1.1' ],
2386 silly audit   '@unrs/resolver-binding-android-arm-eabi': [ '1.11.1' ],
2386 silly audit   '@unrs/resolver-binding-android-arm64': [ '1.11.1' ],
2386 silly audit   '@unrs/resolver-binding-darwin-arm64': [ '1.11.1' ],
2386 silly audit   '@unrs/resolver-binding-darwin-x64': [ '1.11.1' ],
2386 silly audit   '@unrs/resolver-binding-freebsd-x64': [ '1.11.1' ],
2386 silly audit   '@unrs/resolver-binding-linux-arm-gnueabihf': [ '1.11.1' ],
2386 silly audit   '@unrs/resolver-binding-linux-arm-musleabihf': [ '1.11.1' ],
2386 silly audit   '@unrs/resolver-binding-linux-arm64-gnu': [ '1.11.1' ],
2386 silly audit   '@unrs/resolver-binding-linux-arm64-musl': [ '1.11.1' ],
2386 silly audit   '@unrs/resolver-binding-linux-ppc64-gnu': [ '1.11.1' ],
2386 silly audit   '@unrs/resolver-binding-linux-riscv64-gnu': [ '1.11.1' ],
2386 silly audit   '@unrs/resolver-binding-linux-riscv64-musl': [ '1.11.1' ],
2386 silly audit   '@unrs/resolver-binding-linux-s390x-gnu': [ '1.11.1' ],
2386 silly audit   '@unrs/resolver-binding-linux-x64-gnu': [ '1.11.1' ],
2386 silly audit   '@unrs/resolver-binding-linux-x64-musl': [ '1.11.1' ],
2386 silly audit   '@unrs/resolver-binding-wasm32-wasi': [ '1.11.1' ],
2386 silly audit   '@unrs/resolver-binding-win32-arm64-msvc': [ '1.11.1' ],
2386 silly audit   '@unrs/resolver-binding-win32-ia32-msvc': [ '1.11.1' ],
2386 silly audit   '@unrs/resolver-binding-win32-x64-msvc': [ '1.11.1' ],
2386 silly audit   'napi-postinstall': [ '0.3.4' ],
2386 silly audit   '@napi-rs/wasm-runtime': [ '0.2.12' ],
2386 silly audit   '@emnapi/core': [ '1.10.0' ],
2386 silly audit   '@tybys/wasm-util': [ '0.10.1' ],
2386 silly audit   '@emnapi/wasi-threads': [ '1.2.1' ],
2386 silly audit   escalade: [ '3.2.0' ],
2386 silly audit   punycode: [ '2.3.1' ],
2386 silly audit   isexe: [ '2.0.0' ],
2386 silly audit   'is-bigint': [ '1.1.0' ],
2386 silly audit   'is-boolean-object': [ '1.2.2' ],
2386 silly audit   'is-number-object': [ '1.1.1' ],
2386 silly audit   'is-async-function': [ '2.1.1' ],
2386 silly audit   'is-finalizationregistry': [ '1.1.1' ],
2386 silly audit   'is-generator-function': [ '1.1.2' ],
2386 silly audit   'which-collection': [ '1.0.2' ],
2386 silly audit   'async-function': [ '1.0.0' ],
2386 silly audit   'generator-function': [ '2.0.1' ],
2386 silly audit   'is-map': [ '2.0.3' ],
2386 silly audit   'is-weakmap': [ '2.0.2' ],
2386 silly audit   'is-weakset': [ '2.0.4' ]
2386 silly audit }
2387 http cache is-weakset@https://registry.npmmirror.com/is-weakset/-/is-weakset-2.0.4.tgz 0ms (cache hit)
2388 http cache is-weakmap@https://registry.npmmirror.com/is-weakmap/-/is-weakmap-2.0.2.tgz 0ms (cache hit)
2389 http cache async-function@https://registry.npmmirror.com/async-function/-/async-function-1.0.0.tgz 0ms (cache hit)
2390 http cache is-map@https://registry.npmmirror.com/is-map/-/is-map-2.0.3.tgz 0ms (cache hit)
2391 http cache is-finalizationregistry@https://registry.npmmirror.com/is-finalizationregistry/-/is-finalizationregistry-1.1.1.tgz 0ms (cache hit)
2392 http cache is-async-function@https://registry.npmmirror.com/is-async-function/-/is-async-function-2.1.1.tgz 0ms (cache hit)
2393 http cache is-generator-function@https://registry.npmmirror.com/is-generator-function/-/is-generator-function-1.1.2.tgz 0ms (cache hit)
2394 http cache is-boolean-object@https://registry.npmmirror.com/is-boolean-object/-/is-boolean-object-1.2.2.tgz 0ms (cache hit)
2395 http cache which-collection@https://registry.npmmirror.com/which-collection/-/which-collection-1.0.2.tgz 0ms (cache hit)
2396 http cache is-number-object@https://registry.npmmirror.com/is-number-object/-/is-number-object-1.1.1.tgz 0ms (cache hit)
2397 http cache is-bigint@https://registry.npmmirror.com/is-bigint/-/is-bigint-1.1.0.tgz 0ms (cache hit)
2398 http cache generator-function@https://registry.npmmirror.com/generator-function/-/generator-function-2.0.1.tgz 0ms (cache hit)
2399 http cache isexe@https://registry.npmmirror.com/isexe/-/isexe-2.0.0.tgz 0ms (cache hit)
2400 http cache escalade@https://registry.npmmirror.com/escalade/-/escalade-3.2.0.tgz 0ms (cache hit)
2401 http cache @emnapi/core@https://registry.npmmirror.com/@emnapi/core/-/core-1.10.0.tgz 0ms (cache hit)
2402 http cache napi-postinstall@https://registry.npmmirror.com/napi-postinstall/-/napi-postinstall-0.3.4.tgz 0ms (cache hit)
2403 http cache @emnapi/wasi-threads@https://registry.npmmirror.com/@emnapi/wasi-threads/-/wasi-threads-1.2.1.tgz 0ms (cache hit)
2404 http cache punycode@https://registry.npmmirror.com/punycode/-/punycode-2.3.1.tgz 0ms (cache hit)
2405 http cache @unrs/resolver-binding-darwin-arm64@https://registry.npmmirror.com/@unrs/resolver-binding-darwin-arm64/-/resolver-binding-darwin-arm64-1.11.1.tgz 0ms (cache hit)
2406 http cache @napi-rs/wasm-runtime@https://registry.npmmirror.com/@napi-rs/wasm-runtime/-/wasm-runtime-0.2.12.tgz 0ms (cache hit)
2407 http cache @tybys/wasm-util@https://registry.npmmirror.com/@tybys/wasm-util/-/wasm-util-0.10.1.tgz 0ms (cache hit)
2408 http cache has-bigints@https://registry.npmmirror.com/has-bigints/-/has-bigints-1.1.0.tgz 0ms (cache hit)
2409 http cache @typescript-eslint/tsconfig-utils@https://registry.npmmirror.com/@typescript-eslint/tsconfig-utils/-/tsconfig-utils-8.59.1.tgz 0ms (cache hit)
2410 http cache @typescript-eslint/project-service@https://registry.npmmirror.com/@typescript-eslint/project-service/-/project-service-8.59.1.tgz 0ms (cache hit)
2411 http cache which-boxed-primitive@https://registry.npmmirror.com/which-boxed-primitive/-/which-boxed-primitive-1.1.1.tgz 0ms (cache hit)
2412 http cache @typescript-eslint/visitor-keys@https://registry.npmmirror.com/@typescript-eslint/visitor-keys/-/visitor-keys-8.59.1.tgz 0ms (cache hit)
2413 http cache @typescript-eslint/types@https://registry.npmmirror.com/@typescript-eslint/types/-/types-8.59.1.tgz 0ms (cache hit)
2414 http cache ts-api-utils@https://registry.npmmirror.com/ts-api-utils/-/ts-api-utils-2.5.0.tgz 0ms (cache hit)
2415 http cache @typescript-eslint/utils@https://registry.npmmirror.com/@typescript-eslint/utils/-/utils-8.59.1.tgz 0ms (cache hit)
2416 http cache @typescript-eslint/type-utils@https://registry.npmmirror.com/@typescript-eslint/type-utils/-/type-utils-8.59.1.tgz 0ms (cache hit)
2417 http cache @typescript-eslint/parser@https://registry.npmmirror.com/@typescript-eslint/parser/-/parser-8.59.1.tgz 0ms (cache hit)
2418 http cache which-builtin-type@https://registry.npmmirror.com/which-builtin-type/-/which-builtin-type-1.2.1.tgz 0ms (cache hit)
2419 http cache @typescript-eslint/scope-manager@https://registry.npmmirror.com/@typescript-eslint/scope-manager/-/scope-manager-8.59.1.tgz 0ms (cache hit)
2420 http cache reflect.getprototypeof@https://registry.npmmirror.com/reflect.getprototypeof/-/reflect.getprototypeof-1.0.10.tgz 0ms (cache hit)
2421 http cache for-each@https://registry.npmmirror.com/for-each/-/for-each-0.3.5.tgz 0ms (cache hit)
2422 http cache @typescript-eslint/eslint-plugin@https://registry.npmmirror.com/@typescript-eslint/eslint-plugin/-/eslint-plugin-8.59.1.tgz 0ms (cache hit)
2423 http cache @types/json5@https://registry.npmmirror.com/@types/json5/-/json5-0.0.29.tgz 0ms (cache hit)
2424 http cache strip-bom@https://registry.npmmirror.com/strip-bom/-/strip-bom-3.0.0.tgz 0ms (cache hit)
2425 http cache has-flag@https://registry.npmmirror.com/has-flag/-/has-flag-4.0.0.tgz 0ms (cache hit)
2426 http cache is-number@https://registry.npmmirror.com/is-number/-/is-number-7.0.0.tgz 0ms (cache hit)
2427 http cache side-channel-map@https://registry.npmmirror.com/side-channel-map/-/side-channel-map-1.0.1.tgz 0ms (cache hit)
2428 http cache side-channel-list@https://registry.npmmirror.com/side-channel-list/-/side-channel-list-1.0.1.tgz 0ms (cache hit)
2429 http cache client-only@https://registry.npmmirror.com/client-only/-/client-only-0.0.1.tgz 0ms (cache hit)
2430 http cache minimist@https://registry.npmmirror.com/minimist/-/minimist-1.2.8.tgz 0ms (cache hit)
2431 http cache @emnapi/runtime@https://registry.npmmirror.com/@emnapi/runtime/-/runtime-1.10.0.tgz 0ms (cache hit)
2432 http cache side-channel-weakmap@https://registry.npmmirror.com/side-channel-weakmap/-/side-channel-weakmap-1.0.2.tgz 0ms (cache hit)
2433 http cache isarray@https://registry.npmmirror.com/isarray/-/isarray-2.0.5.tgz 0ms (cache hit)
2434 http cache @img/sharp-darwin-arm64@https://registry.npmmirror.com/@img/sharp-darwin-arm64/-/sharp-darwin-arm64-0.34.5.tgz 0ms (cache hit)
2435 http cache @img/sharp-libvips-darwin-arm64@https://registry.npmmirror.com/@img/sharp-libvips-darwin-arm64/-/sharp-libvips-darwin-arm64-1.2.4.tgz 0ms (cache hit)
2436 http cache queue-microtask@https://registry.npmmirror.com/queue-microtask/-/queue-microtask-1.2.3.tgz 0ms (cache hit)
2437 http cache @typescript-eslint/typescript-estree@https://registry.npmmirror.com/@typescript-eslint/typescript-estree/-/typescript-estree-8.59.1.tgz 0ms (cache hit)
2438 http cache path-parse@https://registry.npmmirror.com/path-parse/-/path-parse-1.0.7.tgz 0ms (cache hit)
2439 http cache supports-preserve-symlinks-flag@https://registry.npmmirror.com/supports-preserve-symlinks-flag/-/supports-preserve-symlinks-flag-1.0.0.tgz 0ms (cache hit)
2440 http cache node-exports-info@https://registry.npmmirror.com/node-exports-info/-/node-exports-info-1.6.0.tgz 0ms (cache hit)
2441 http cache object-assign@https://registry.npmmirror.com/object-assign/-/object-assign-4.1.1.tgz 0ms (cache hit)
2442 http cache loose-envify@https://registry.npmmirror.com/loose-envify/-/loose-envify-1.4.0.tgz 0ms (cache hit)
2443 http cache yocto-queue@https://registry.npmmirror.com/yocto-queue/-/yocto-queue-0.1.0.tgz 0ms (cache hit)
2444 http cache react-is@https://registry.npmmirror.com/react-is/-/react-is-16.13.1.tgz 0ms (cache hit)
2445 http cache callsites@https://registry.npmmirror.com/callsites/-/callsites-3.1.0.tgz 0ms (cache hit)
2446 http cache @img/colour@https://registry.npmmirror.com/@img/colour/-/colour-1.1.0.tgz 0ms (cache hit)
2447 http cache p-limit@https://registry.npmmirror.com/p-limit/-/p-limit-3.1.0.tgz 0ms (cache hit)
2448 http cache scheduler@https://registry.npmmirror.com/scheduler/-/scheduler-0.27.0.tgz 0ms (cache hit)
2449 http cache nanoid@https://registry.npmmirror.com/nanoid/-/nanoid-3.3.11.tgz 0ms (cache hit)
2450 http cache word-wrap@https://registry.npmmirror.com/word-wrap/-/word-wrap-1.2.5.tgz 0ms (cache hit)
2451 http cache fast-levenshtein@https://registry.npmmirror.com/fast-levenshtein/-/fast-levenshtein-2.0.6.tgz 0ms (cache hit)
2452 http cache deep-is@https://registry.npmmirror.com/deep-is/-/deep-is-0.1.4.tgz 0ms (cache hit)
2453 http cache styled-jsx@https://registry.npmmirror.com/styled-jsx/-/styled-jsx-5.1.6.tgz 0ms (cache hit)
2454 http cache tslib@https://registry.npmmirror.com/tslib/-/tslib-2.8.1.tgz 0ms (cache hit)
2455 http cache sharp@https://registry.npmmirror.com/sharp/-/sharp-0.34.5.tgz 0ms (cache hit)
2456 http cache @next/env@https://registry.npmmirror.com/@next/env/-/env-16.2.4.tgz 0ms (cache hit)
2457 http cache concat-map@https://registry.npmmirror.com/concat-map/-/concat-map-0.0.1.tgz 0ms (cache hit)
2458 http cache shebang-regex@https://registry.npmmirror.com/shebang-regex/-/shebang-regex-3.0.0.tgz 0ms (cache hit)
2459 http cache @next/swc-darwin-arm64@https://registry.npmmirror.com/@next/swc-darwin-arm64/-/swc-darwin-arm64-16.2.4.tgz 0ms (cache hit)
2460 http cache @swc/helpers@https://registry.npmmirror.com/@swc/helpers/-/helpers-0.5.15.tgz 0ms (cache hit)
2461 http cache balanced-match@https://registry.npmmirror.com/balanced-match/-/balanced-match-1.0.2.tgz 0ms (cache hit)
2462 http cache to-regex-range@https://registry.npmmirror.com/to-regex-range/-/to-regex-range-5.0.1.tgz 0ms (cache hit)
2463 http cache braces@https://registry.npmmirror.com/braces/-/braces-3.0.3.tgz 0ms (cache hit)
2464 http cache p-locate@https://registry.npmmirror.com/p-locate/-/p-locate-5.0.0.tgz 0ms (cache hit)
2465 http cache yallist@https://registry.npmmirror.com/yallist/-/yallist-3.1.1.tgz 0ms (cache hit)
2466 http cache picomatch@https://registry.npmmirror.com/picomatch/-/picomatch-2.3.2.tgz 0ms (cache hit)
2467 http cache fill-range@https://registry.npmmirror.com/fill-range/-/fill-range-7.1.1.tgz 0ms (cache hit)
2468 http cache lightningcss-darwin-arm64@https://registry.npmmirror.com/lightningcss-darwin-arm64/-/lightningcss-darwin-arm64-1.32.0.tgz 0ms (cache hit)
2469 http cache detect-libc@https://registry.npmmirror.com/detect-libc/-/detect-libc-2.1.2.tgz 0ms (cache hit)
2470 http cache language-subtag-registry@https://registry.npmmirror.com/language-subtag-registry/-/language-subtag-registry-0.3.23.tgz 0ms (cache hit)
2471 http cache brace-expansion@https://registry.npmmirror.com/brace-expansion/-/brace-expansion-1.1.14.tgz 0ms (cache hit)
2472 http cache json-buffer@https://registry.npmmirror.com/json-buffer/-/json-buffer-3.0.1.tgz 0ms (cache hit)
2473 http cache set-function-name@https://registry.npmmirror.com/set-function-name/-/set-function-name-2.0.2.tgz 0ms (cache hit)
2474 http cache argparse@https://registry.npmmirror.com/argparse/-/argparse-2.0.1.tgz 0ms (cache hit)
2475 http cache prelude-ls@https://registry.npmmirror.com/prelude-ls/-/prelude-ls-1.2.1.tgz 0ms (cache hit)
2476 http cache parent-module@https://registry.npmmirror.com/parent-module/-/parent-module-1.0.1.tgz 0ms (cache hit)
2477 http cache resolve-pkg-maps@https://registry.npmmirror.com/resolve-pkg-maps/-/resolve-pkg-maps-1.0.0.tgz 0ms (cache hit)
2478 http cache side-channel@https://registry.npmmirror.com/side-channel/-/side-channel-1.1.0.tgz 0ms (cache hit)
2479 http cache is-extglob@https://registry.npmmirror.com/is-extglob/-/is-extglob-2.1.1.tgz 0ms (cache hit)
2480 http cache dunder-proto@https://registry.npmmirror.com/dunder-proto/-/dunder-proto-1.0.1.tgz 0ms (cache hit)
2481 http cache resolve-from@https://registry.npmmirror.com/resolve-from/-/resolve-from-4.0.0.tgz 0ms (cache hit)
2482 http cache keyv@https://registry.npmmirror.com/keyv/-/keyv-4.5.4.tgz 0ms (cache hit)
2483 http cache hermes-estree@https://registry.npmmirror.com/hermes-estree/-/hermes-estree-0.25.1.tgz 0ms (cache hit)
2484 http cache path-exists@https://registry.npmmirror.com/path-exists/-/path-exists-4.0.0.tgz 0ms (cache hit)
2485 http cache flatted@https://registry.npmmirror.com/flatted/-/flatted-3.4.2.tgz 0ms (cache hit)
2486 http cache locate-path@https://registry.npmmirror.com/locate-path/-/locate-path-6.0.0.tgz 0ms (cache hit)
2487 http cache reusify@https://registry.npmmirror.com/reusify/-/reusify-1.1.0.tgz 0ms (cache hit)
2488 http cache run-parallel@https://registry.npmmirror.com/run-parallel/-/run-parallel-1.2.0.tgz 0ms (cache hit)
2489 http cache flat-cache@https://registry.npmmirror.com/flat-cache/-/flat-cache-4.0.1.tgz 0ms (cache hit)
2490 http cache fastq@https://registry.npmmirror.com/fastq/-/fastq-1.20.1.tgz 0ms (cache hit)
2491 http cache merge2@https://registry.npmmirror.com/merge2/-/merge2-1.4.1.tgz 0ms (cache hit)
2492 http cache @nodelib/fs.scandir@https://registry.npmmirror.com/@nodelib/fs.scandir/-/fs.scandir-2.1.5.tgz 0ms (cache hit)
2493 http cache functions-have-names@https://registry.npmmirror.com/functions-have-names/-/functions-have-names-1.2.3.tgz 0ms (cache hit)
2494 http cache @nodelib/fs.walk@https://registry.npmmirror.com/@nodelib/fs.walk/-/fs.walk-1.2.8.tgz 0ms (cache hit)
2495 http cache acorn@https://registry.npmmirror.com/acorn/-/acorn-8.16.0.tgz 0ms (cache hit)
2496 http cache @nodelib/fs.stat@https://registry.npmmirror.com/@nodelib/fs.stat/-/fs.stat-2.0.5.tgz 0ms (cache hit)
2497 http cache acorn-jsx@https://registry.npmmirror.com/acorn-jsx/-/acorn-jsx-5.3.2.tgz 0ms (cache hit)
2498 http cache type-check@https://registry.npmmirror.com/type-check/-/type-check-0.4.0.tgz 0ms (cache hit)
2499 http cache node-releases@https://registry.npmmirror.com/node-releases/-/node-releases-2.0.38.tgz 0ms (cache hit)
2500 http cache micromatch@https://registry.npmmirror.com/micromatch/-/micromatch-4.0.8.tgz 0ms (cache hit)
2501 http cache electron-to-chromium@https://registry.npmmirror.com/electron-to-chromium/-/electron-to-chromium-1.5.345.tgz 0ms (cache hit)
2502 http cache esrecurse@https://registry.npmmirror.com/esrecurse/-/esrecurse-4.3.0.tgz 0ms (cache hit)
2503 http cache caniuse-lite@https://registry.npmmirror.com/caniuse-lite/-/caniuse-lite-1.0.30001791.tgz 0ms (cache hit)
2504 http cache @babel/helper-string-parser@https://registry.npmmirror.com/@babel/helper-string-parser/-/helper-string-parser-7.27.1.tgz 0ms (cache hit)
2505 http cache baseline-browser-mapping@https://registry.npmmirror.com/baseline-browser-mapping/-/baseline-browser-mapping-2.10.24.tgz 0ms (cache hit)
2506 http cache @babel/helper-module-imports@https://registry.npmmirror.com/@babel/helper-module-imports/-/helper-module-imports-7.28.6.tgz 0ms (cache hit)
2507 http cache lru-cache@https://registry.npmmirror.com/lru-cache/-/lru-cache-5.1.1.tgz 0ms (cache hit)
2508 http cache browserslist@https://registry.npmmirror.com/browserslist/-/browserslist-4.28.2.tgz 0ms (cache hit)
2509 http cache @babel/helper-globals@https://registry.npmmirror.com/@babel/helper-globals/-/helper-globals-7.28.0.tgz 0ms (cache hit)
2510 http cache @babel/helper-validator-option@https://registry.npmmirror.com/@babel/helper-validator-option/-/helper-validator-option-7.27.1.tgz 0ms (cache hit)
2511 http cache jsesc@https://registry.npmmirror.com/jsesc/-/jsesc-3.1.0.tgz 0ms (cache hit)
2512 http cache @babel/compat-data@https://registry.npmmirror.com/@babel/compat-data/-/compat-data-7.29.0.tgz 0ms (cache hit)
2513 http cache update-browserslist-db@https://registry.npmmirror.com/update-browserslist-db/-/update-browserslist-db-1.2.3.tgz 0ms (cache hit)
2514 http cache picocolors@https://registry.npmmirror.com/picocolors/-/picocolors-1.1.1.tgz 0ms (cache hit)
2515 http cache json5@https://registry.npmmirror.com/json5/-/json5-2.2.3.tgz 0ms (cache hit)
2516 http cache js-tokens@https://registry.npmmirror.com/js-tokens/-/js-tokens-4.0.0.tgz 0ms (cache hit)
2517 http cache gensync@https://registry.npmmirror.com/gensync/-/gensync-1.0.0-beta.2.tgz 0ms (cache hit)
2518 http cache @babel/template@https://registry.npmmirror.com/@babel/template/-/template-7.28.6.tgz 0ms (cache hit)
2519 http cache convert-source-map@https://registry.npmmirror.com/convert-source-map/-/convert-source-map-2.0.0.tgz 0ms (cache hit)
2520 http cache @babel/traverse@https://registry.npmmirror.com/@babel/traverse/-/traverse-7.29.0.tgz 0ms (cache hit)
2521 http cache @babel/helpers@https://registry.npmmirror.com/@babel/helpers/-/helpers-7.29.2.tgz 0ms (cache hit)
2522 http cache @babel/types@https://registry.npmmirror.com/@babel/types/-/types-7.29.0.tgz 0ms (cache hit)
2523 http cache @babel/helper-module-transforms@https://registry.npmmirror.com/@babel/helper-module-transforms/-/helper-module-transforms-7.28.6.tgz 0ms (cache hit)
2524 http cache @babel/helper-compilation-targets@https://registry.npmmirror.com/@babel/helper-compilation-targets/-/helper-compilation-targets-7.28.6.tgz 0ms (cache hit)
2525 http cache zod@https://registry.npmmirror.com/zod/-/zod-4.4.1.tgz 0ms (cache hit)
2526 http cache zod-validation-error@https://registry.npmmirror.com/zod-validation-error/-/zod-validation-error-4.0.2.tgz 0ms (cache hit)
2527 http cache @babel/parser@https://registry.npmmirror.com/@babel/parser/-/parser-7.29.2.tgz 0ms (cache hit)
2528 http cache @babel/helper-validator-identifier@https://registry.npmmirror.com/@babel/helper-validator-identifier/-/helper-validator-identifier-7.28.5.tgz 0ms (cache hit)
2529 http cache @babel/code-frame@https://registry.npmmirror.com/@babel/code-frame/-/code-frame-7.29.0.tgz 0ms (cache hit)
2530 http cache @babel/core@https://registry.npmmirror.com/@babel/core/-/core-7.29.0.tgz 0ms (cache hit)
2531 http cache @babel/generator@https://registry.npmmirror.com/@babel/generator/-/generator-7.29.1.tgz 0ms (cache hit)
2532 http cache string.prototype.matchall@https://registry.npmmirror.com/string.prototype.matchall/-/string.prototype.matchall-4.0.12.tgz 0ms (cache hit)
2533 http cache string.prototype.repeat@https://registry.npmmirror.com/string.prototype.repeat/-/string.prototype.repeat-1.0.0.tgz 0ms (cache hit)
2534 http cache object.entries@https://registry.npmmirror.com/object.entries/-/object.entries-1.1.9.tgz 0ms (cache hit)
2535 http cache iterator.prototype@https://registry.npmmirror.com/iterator.prototype/-/iterator.prototype-1.1.5.tgz 0ms (cache hit)
2536 http cache prop-types@https://registry.npmmirror.com/prop-types/-/prop-types-15.8.1.tgz 0ms (cache hit)
2537 http cache es-iterator-helpers@https://registry.npmmirror.com/es-iterator-helpers/-/es-iterator-helpers-1.3.2.tgz 0ms (cache hit)
2538 http cache string.prototype.includes@https://registry.npmmirror.com/string.prototype.includes/-/string.prototype.includes-2.0.1.tgz 0ms (cache hit)
2539 http cache language-tags@https://registry.npmmirror.com/language-tags/-/language-tags-1.0.9.tgz 0ms (cache hit)
2540 http cache hermes-parser@https://registry.npmmirror.com/hermes-parser/-/hermes-parser-0.25.1.tgz 0ms (cache hit)
2541 http cache array.prototype.findlast@https://registry.npmmirror.com/array.prototype.findlast/-/array.prototype.findlast-1.2.5.tgz 0ms (cache hit)
2542 http cache emoji-regex@https://registry.npmmirror.com/emoji-regex/-/emoji-regex-9.2.2.tgz 0ms (cache hit)
2543 http cache estraverse@https://registry.npmmirror.com/estraverse/-/estraverse-5.3.0.tgz 0ms (cache hit)
2544 http cache jsx-ast-utils@https://registry.npmmirror.com/jsx-ast-utils/-/jsx-ast-utils-3.3.5.tgz 0ms (cache hit)
2545 http cache damerau-levenshtein@https://registry.npmmirror.com/damerau-levenshtein/-/damerau-levenshtein-1.0.8.tgz 0ms (cache hit)
2546 http cache axobject-query@https://registry.npmmirror.com/axobject-query/-/axobject-query-4.1.0.tgz 0ms (cache hit)
2547 http cache ast-types-flow@https://registry.npmmirror.com/ast-types-flow/-/ast-types-flow-0.0.8.tgz 0ms (cache hit)
2548 http cache aria-query@https://registry.npmmirror.com/aria-query/-/aria-query-5.3.2.tgz 0ms (cache hit)
2549 http cache axe-core@https://registry.npmmirror.com/axe-core/-/axe-core-4.11.4.tgz 0ms (cache hit)
2550 http cache array.prototype.tosorted@https://registry.npmmirror.com/array.prototype.tosorted/-/array.prototype.tosorted-1.1.4.tgz 0ms (cache hit)
2551 http cache is-symbol@https://registry.npmmirror.com/is-symbol/-/is-symbol-1.1.1.tgz 0ms (cache hit)
2552 http cache is-date-object@https://registry.npmmirror.com/is-date-object/-/is-date-object-1.1.0.tgz 0ms (cache hit)
2553 http cache possible-typed-array-names@https://registry.npmmirror.com/possible-typed-array-names/-/possible-typed-array-names-1.1.0.tgz 0ms (cache hit)
2554 http cache which-typed-array@https://registry.npmmirror.com/which-typed-array/-/which-typed-array-1.1.20.tgz 0ms (cache hit)
2555 http cache typed-array-length@https://registry.npmmirror.com/typed-array-length/-/typed-array-length-1.0.7.tgz 0ms (cache hit)
2556 http cache has-tostringtag@https://registry.npmmirror.com/has-tostringtag/-/has-tostringtag-1.0.2.tgz 0ms (cache hit)
2557 http cache typed-array-byte-offset@https://registry.npmmirror.com/typed-array-byte-offset/-/typed-array-byte-offset-1.0.4.tgz 0ms (cache hit)
2558 http cache typed-array-byte-length@https://registry.npmmirror.com/typed-array-byte-length/-/typed-array-byte-length-1.0.3.tgz 0ms (cache hit)
2559 http cache unbox-primitive@https://registry.npmmirror.com/unbox-primitive/-/unbox-primitive-1.1.0.tgz 0ms (cache hit)
2560 http cache string.prototype.trimstart@https://registry.npmmirror.com/string.prototype.trimstart/-/string.prototype.trimstart-1.0.8.tgz 0ms (cache hit)
2561 http cache typed-array-buffer@https://registry.npmmirror.com/typed-array-buffer/-/typed-array-buffer-1.0.3.tgz 0ms (cache hit)
2562 http cache string.prototype.trim@https://registry.npmmirror.com/string.prototype.trim/-/string.prototype.trim-1.2.10.tgz 0ms (cache hit)
2563 http cache safe-regex-test@https://registry.npmmirror.com/safe-regex-test/-/safe-regex-test-1.1.0.tgz 0ms (cache hit)
2564 http cache set-proto@https://registry.npmmirror.com/set-proto/-/set-proto-1.0.0.tgz 0ms (cache hit)
2565 http cache safe-push-apply@https://registry.npmmirror.com/safe-push-apply/-/safe-push-apply-1.0.0.tgz 0ms (cache hit)
2566 http cache stop-iteration-iterator@https://registry.npmmirror.com/stop-iteration-iterator/-/stop-iteration-iterator-1.1.0.tgz 0ms (cache hit)
2567 http cache regexp.prototype.flags@https://registry.npmmirror.com/regexp.prototype.flags/-/regexp.prototype.flags-1.5.4.tgz 0ms (cache hit)
2568 http cache object.assign@https://registry.npmmirror.com/object.assign/-/object.assign-4.1.7.tgz 0ms (cache hit)
2569 http cache safe-array-concat@https://registry.npmmirror.com/safe-array-concat/-/safe-array-concat-1.1.4.tgz 0ms (cache hit)
2570 http cache is-typed-array@https://registry.npmmirror.com/is-typed-array/-/is-typed-array-1.1.15.tgz 0ms (cache hit)
2571 http cache is-weakref@https://registry.npmmirror.com/is-weakref/-/is-weakref-1.1.1.tgz 0ms (cache hit)
2572 http cache object-inspect@https://registry.npmmirror.com/object-inspect/-/object-inspect-1.13.4.tgz 0ms (cache hit)
2573 http cache own-keys@https://registry.npmmirror.com/own-keys/-/own-keys-1.0.1.tgz 0ms (cache hit)
2574 http cache is-set@https://registry.npmmirror.com/is-set/-/is-set-2.0.3.tgz 0ms (cache hit)
2575 http cache is-regex@https://registry.npmmirror.com/is-regex/-/is-regex-1.2.1.tgz 0ms (cache hit)
2576 http cache is-shared-array-buffer@https://registry.npmmirror.com/is-shared-array-buffer/-/is-shared-array-buffer-1.0.4.tgz 0ms (cache hit)
2577 http cache is-callable@https://registry.npmmirror.com/is-callable/-/is-callable-1.2.7.tgz 0ms (cache hit)
2578 http cache is-array-buffer@https://registry.npmmirror.com/is-array-buffer/-/is-array-buffer-3.0.5.tgz 0ms (cache hit)
2579 http cache is-data-view@https://registry.npmmirror.com/is-data-view/-/is-data-view-1.0.2.tgz 0ms (cache hit)
2580 http cache internal-slot@https://registry.npmmirror.com/internal-slot/-/internal-slot-1.1.0.tgz 0ms (cache hit)
2581 http cache has-proto@https://registry.npmmirror.com/has-proto/-/has-proto-1.2.0.tgz 0ms (cache hit)
2582 http cache has-symbols@https://registry.npmmirror.com/has-symbols/-/has-symbols-1.1.0.tgz 0ms (cache hit)
2583 http cache globalthis@https://registry.npmmirror.com/globalthis/-/globalthis-1.0.4.tgz 0ms (cache hit)
2584 http cache get-proto@https://registry.npmmirror.com/get-proto/-/get-proto-1.0.1.tgz 0ms (cache hit)
2585 http cache is-negative-zero@https://registry.npmmirror.com/is-negative-zero/-/is-negative-zero-2.0.3.tgz 0ms (cache hit)
2586 http cache es-set-tostringtag@https://registry.npmmirror.com/es-set-tostringtag/-/es-set-tostringtag-2.1.0.tgz 0ms (cache hit)
2587 http cache es-to-primitive@https://registry.npmmirror.com/es-to-primitive/-/es-to-primitive-1.3.0.tgz 0ms (cache hit)
2588 http cache function.prototype.name@https://registry.npmmirror.com/function.prototype.name/-/function.prototype.name-1.1.8.tgz 0ms (cache hit)
2589 http cache data-view-buffer@https://registry.npmmirror.com/data-view-buffer/-/data-view-buffer-1.0.2.tgz 0ms (cache hit)
2590 http cache data-view-byte-length@https://registry.npmmirror.com/data-view-byte-length/-/data-view-byte-length-1.0.2.tgz 0ms (cache hit)
2591 http cache data-view-byte-offset@https://registry.npmmirror.com/data-view-byte-offset/-/data-view-byte-offset-1.0.1.tgz 0ms (cache hit)
2592 http cache arraybuffer.prototype.slice@https://registry.npmmirror.com/arraybuffer.prototype.slice/-/arraybuffer.prototype.slice-1.0.4.tgz 0ms (cache hit)
2593 http cache array-buffer-byte-length@https://registry.npmmirror.com/array-buffer-byte-length/-/array-buffer-byte-length-1.0.2.tgz 0ms (cache hit)
2594 http cache define-data-property@https://registry.npmmirror.com/define-data-property/-/define-data-property-1.1.4.tgz 0ms (cache hit)
2595 http cache available-typed-arrays@https://registry.npmmirror.com/available-typed-arrays/-/available-typed-arrays-1.0.7.tgz 0ms (cache hit)
2596 http cache has-property-descriptors@https://registry.npmmirror.com/has-property-descriptors/-/has-property-descriptors-1.0.2.tgz 0ms (cache hit)
2597 http cache object-keys@https://registry.npmmirror.com/object-keys/-/object-keys-1.1.1.tgz 0ms (cache hit)
2598 http cache set-function-length@https://registry.npmmirror.com/set-function-length/-/set-function-length-1.2.2.tgz 0ms (cache hit)
2599 http cache function-bind@https://registry.npmmirror.com/function-bind/-/function-bind-1.1.2.tgz 0ms (cache hit)
2600 http cache es-define-property@https://registry.npmmirror.com/es-define-property/-/es-define-property-1.0.1.tgz 0ms (cache hit)
2601 http cache get-symbol-description@https://registry.npmmirror.com/get-symbol-description/-/get-symbol-description-1.1.0.tgz 0ms (cache hit)
2602 http cache es-shim-unscopables@https://registry.npmmirror.com/es-shim-unscopables/-/es-shim-unscopables-1.1.0.tgz 0ms (cache hit)
2603 http cache es-errors@https://registry.npmmirror.com/es-errors/-/es-errors-1.3.0.tgz 0ms (cache hit)
2604 http cache math-intrinsics@https://registry.npmmirror.com/math-intrinsics/-/math-intrinsics-1.1.0.tgz 0ms (cache hit)
2605 http cache call-bind-apply-helpers@https://registry.npmmirror.com/call-bind-apply-helpers/-/call-bind-apply-helpers-1.0.2.tgz 0ms (cache hit)
2606 http cache get-intrinsic@https://registry.npmmirror.com/get-intrinsic/-/get-intrinsic-1.3.0.tgz 0ms (cache hit)
2607 http cache es-object-atoms@https://registry.npmmirror.com/es-object-atoms/-/es-object-atoms-1.1.1.tgz 0ms (cache hit)
2608 http cache gopd@https://registry.npmmirror.com/gopd/-/gopd-1.2.0.tgz 0ms (cache hit)
2609 http cache es-abstract@https://registry.npmmirror.com/es-abstract/-/es-abstract-1.24.2.tgz 0ms (cache hit)
2610 http cache call-bind@https://registry.npmmirror.com/call-bind/-/call-bind-1.0.9.tgz 0ms (cache hit)
2611 http cache call-bound@https://registry.npmmirror.com/call-bound/-/call-bound-1.0.4.tgz 0ms (cache hit)
2612 http cache semver@https://registry.npmmirror.com/semver/-/semver-6.3.1.tgz 0ms (cache hit)
2613 http cache string.prototype.trimend@https://registry.npmmirror.com/string.prototype.trimend/-/string.prototype.trimend-1.0.9.tgz 0ms (cache hit)
2614 http cache object.groupby@https://registry.npmmirror.com/object.groupby/-/object.groupby-1.0.3.tgz 0ms (cache hit)
2615 http cache hasown@https://registry.npmmirror.com/hasown/-/hasown-2.0.3.tgz 0ms (cache hit)
2616 http cache object.fromentries@https://registry.npmmirror.com/object.fromentries/-/object.fromentries-2.0.8.tgz 0ms (cache hit)
2617 http cache is-string@https://registry.npmmirror.com/is-string/-/is-string-1.1.1.tgz 0ms (cache hit)
2618 http cache tsconfig-paths@https://registry.npmmirror.com/tsconfig-paths/-/tsconfig-paths-3.15.0.tgz 0ms (cache hit)
2619 http cache object.values@https://registry.npmmirror.com/object.values/-/object.values-1.2.1.tgz 0ms (cache hit)
2620 http cache doctrine@https://registry.npmmirror.com/doctrine/-/doctrine-2.1.0.tgz 0ms (cache hit)
2621 http cache eslint-module-utils@https://registry.npmmirror.com/eslint-module-utils/-/eslint-module-utils-2.12.1.tgz 0ms (cache hit)
2622 http cache array.prototype.flat@https://registry.npmmirror.com/array.prototype.flat/-/array.prototype.flat-1.3.3.tgz 0ms (cache hit)
2623 http cache array.prototype.flatmap@https://registry.npmmirror.com/array.prototype.flatmap/-/array.prototype.flatmap-1.3.3.tgz 0ms (cache hit)
2624 http cache array.prototype.findlastindex@https://registry.npmmirror.com/array.prototype.findlastindex/-/array.prototype.findlastindex-1.2.6.tgz 0ms (cache hit)
2625 http cache @rtsao/scc@https://registry.npmmirror.com/@rtsao/scc/-/scc-1.1.0.tgz 0ms (cache hit)
2626 http cache unrs-resolver@https://registry.npmmirror.com/unrs-resolver/-/unrs-resolver-1.11.1.tgz 0ms (cache hit)
2627 http cache tinyglobby@https://registry.npmmirror.com/tinyglobby/-/tinyglobby-0.2.16.tgz 0ms (cache hit)
2628 http cache is-bun-module@https://registry.npmmirror.com/is-bun-module/-/is-bun-module-2.0.0.tgz 0ms (cache hit)
2629 http cache get-tsconfig@https://registry.npmmirror.com/get-tsconfig/-/get-tsconfig-4.14.0.tgz 0ms (cache hit)
2630 http cache define-properties@https://registry.npmmirror.com/define-properties/-/define-properties-1.2.1.tgz 0ms (cache hit)
2631 http cache stable-hash@https://registry.npmmirror.com/stable-hash/-/stable-hash-0.0.5.tgz 0ms (cache hit)
2632 http cache resolve@https://registry.npmmirror.com/resolve/-/resolve-2.0.0-next.6.tgz 0ms (cache hit)
2633 http cache array-includes@https://registry.npmmirror.com/array-includes/-/array-includes-3.1.9.tgz 0ms (cache hit)
2634 http cache @nolyfill/is-core-module@https://registry.npmmirror.com/@nolyfill/is-core-module/-/is-core-module-1.0.39.tgz 0ms (cache hit)
2635 http cache eslint-plugin-react-hooks@https://registry.npmmirror.com/eslint-plugin-react-hooks/-/eslint-plugin-react-hooks-7.1.1.tgz 0ms (cache hit)
2636 http cache typescript-eslint@https://registry.npmmirror.com/typescript-eslint/-/typescript-eslint-8.59.1.tgz 0ms (cache hit)
2637 http cache is-core-module@https://registry.npmmirror.com/is-core-module/-/is-core-module-2.16.1.tgz 0ms (cache hit)
2638 http cache eslint-plugin-react@https://registry.npmmirror.com/eslint-plugin-react/-/eslint-plugin-react-7.37.5.tgz 0ms (cache hit)
2639 http cache eslint-plugin-import@https://registry.npmmirror.com/eslint-plugin-import/-/eslint-plugin-import-2.32.0.tgz 0ms (cache hit)
2640 http cache eslint-plugin-jsx-a11y@https://registry.npmmirror.com/eslint-plugin-jsx-a11y/-/eslint-plugin-jsx-a11y-6.10.2.tgz 0ms (cache hit)
2641 http cache fast-glob@https://registry.npmmirror.com/fast-glob/-/fast-glob-3.3.1.tgz 0ms (cache hit)
2642 http cache which@https://registry.npmmirror.com/which/-/which-2.0.2.tgz 0ms (cache hit)
2643 http cache @next/eslint-plugin-next@https://registry.npmmirror.com/@next/eslint-plugin-next/-/eslint-plugin-next-16.2.4.tgz 0ms (cache hit)
2644 http cache shebang-command@https://registry.npmmirror.com/shebang-command/-/shebang-command-2.0.0.tgz 0ms (cache hit)
2645 http cache path-key@https://registry.npmmirror.com/path-key/-/path-key-3.1.1.tgz 0ms (cache hit)
2646 http cache color-name@https://registry.npmmirror.com/color-name/-/color-name-1.1.4.tgz 0ms (cache hit)
2647 http cache ms@https://registry.npmmirror.com/ms/-/ms-2.1.3.tgz 0ms (cache hit)
2648 http cache eslint-import-resolver-typescript@https://registry.npmmirror.com/eslint-import-resolver-typescript/-/eslint-import-resolver-typescript-3.10.1.tgz 0ms (cache hit)
2649 http cache color-convert@https://registry.npmmirror.com/color-convert/-/color-convert-2.0.1.tgz 0ms (cache hit)
2650 http cache uri-js@https://registry.npmmirror.com/uri-js/-/uri-js-4.4.1.tgz 0ms (cache hit)
2651 http cache supports-color@https://registry.npmmirror.com/supports-color/-/supports-color-7.2.0.tgz 0ms (cache hit)
2652 http cache fast-json-stable-stringify@https://registry.npmmirror.com/fast-json-stable-stringify/-/fast-json-stable-stringify-2.1.0.tgz 0ms (cache hit)
2653 http cache @humanfs/types@https://registry.npmmirror.com/@humanfs/types/-/types-0.15.0.tgz 0ms (cache hit)
2654 http cache json-schema-traverse@https://registry.npmmirror.com/json-schema-traverse/-/json-schema-traverse-0.4.1.tgz 0ms (cache hit)
2655 http cache levn@https://registry.npmmirror.com/levn/-/levn-0.4.1.tgz 0ms (cache hit)
2656 http cache @humanfs/core@https://registry.npmmirror.com/@humanfs/core/-/core-0.19.2.tgz 0ms (cache hit)
2657 http cache ansi-styles@https://registry.npmmirror.com/ansi-styles/-/ansi-styles-4.3.0.tgz 0ms (cache hit)
2658 http cache strip-json-comments@https://registry.npmmirror.com/strip-json-comments/-/strip-json-comments-3.1.1.tgz 0ms (cache hit)
2659 http cache import-fresh@https://registry.npmmirror.com/import-fresh/-/import-fresh-3.3.1.tgz 0ms (cache hit)
2660 http cache @types/json-schema@https://registry.npmmirror.com/@types/json-schema/-/json-schema-7.0.15.tgz 0ms (cache hit)
2661 http cache js-yaml@https://registry.npmmirror.com/js-yaml/-/js-yaml-4.1.1.tgz 0ms (cache hit)
2662 http cache globals@https://registry.npmmirror.com/globals/-/globals-14.0.0.tgz 0ms (cache hit)
2663 http cache optionator@https://registry.npmmirror.com/optionator/-/optionator-0.9.4.tgz 0ms (cache hit)
2664 http cache @eslint/object-schema@https://registry.npmmirror.com/@eslint/object-schema/-/object-schema-2.1.7.tgz 0ms (cache hit)
2665 http cache lodash.merge@https://registry.npmmirror.com/lodash.merge/-/lodash.merge-4.6.2.tgz 0ms (cache hit)
2666 http cache minimatch@https://registry.npmmirror.com/minimatch/-/minimatch-3.1.5.tgz 0ms (cache hit)
2667 http cache ignore@https://registry.npmmirror.com/ignore/-/ignore-5.3.2.tgz 0ms (cache hit)
2668 http cache imurmurhash@https://registry.npmmirror.com/imurmurhash/-/imurmurhash-0.1.4.tgz 0ms (cache hit)
2669 http cache is-glob@https://registry.npmmirror.com/is-glob/-/is-glob-4.0.3.tgz 0ms (cache hit)
2670 http cache eslint-import-resolver-node@https://registry.npmmirror.com/eslint-import-resolver-node/-/eslint-import-resolver-node-0.3.10.tgz 0ms (cache hit)
2671 http cache find-up@https://registry.npmmirror.com/find-up/-/find-up-5.0.0.tgz 0ms (cache hit)
2672 http cache json-stable-stringify-without-jsonify@https://registry.npmmirror.com/json-stable-stringify-without-jsonify/-/json-stable-stringify-without-jsonify-1.0.1.tgz 0ms (cache hit)
2673 http cache natural-compare@https://registry.npmmirror.com/natural-compare/-/natural-compare-1.4.0.tgz 0ms (cache hit)
2674 http cache file-entry-cache@https://registry.npmmirror.com/file-entry-cache/-/file-entry-cache-8.0.0.tgz 0ms (cache hit)
2675 http cache fast-deep-equal@https://registry.npmmirror.com/fast-deep-equal/-/fast-deep-equal-3.1.3.tgz 0ms (cache hit)
2676 http cache espree@https://registry.npmmirror.com/espree/-/espree-10.4.0.tgz 0ms (cache hit)
2677 http cache esutils@https://registry.npmmirror.com/esutils/-/esutils-2.0.3.tgz 0ms (cache hit)
2678 http cache glob-parent@https://registry.npmmirror.com/glob-parent/-/glob-parent-6.0.2.tgz 0ms (cache hit)
2679 http cache eslint-visitor-keys@https://registry.npmmirror.com/eslint-visitor-keys/-/eslint-visitor-keys-4.2.1.tgz 0ms (cache hit)
2680 http cache escape-string-regexp@https://registry.npmmirror.com/escape-string-regexp/-/escape-string-regexp-4.0.0.tgz 0ms (cache hit)
2681 http cache cross-spawn@https://registry.npmmirror.com/cross-spawn/-/cross-spawn-7.0.6.tgz 0ms (cache hit)
2682 http cache debug@https://registry.npmmirror.com/debug/-/debug-4.4.3.tgz 0ms (cache hit)
2683 http cache ajv@https://registry.npmmirror.com/ajv/-/ajv-6.15.0.tgz 0ms (cache hit)
2684 http cache chalk@https://registry.npmmirror.com/chalk/-/chalk-4.1.2.tgz 0ms (cache hit)
2685 http cache @types/estree@https://registry.npmmirror.com/@types/estree/-/estree-1.0.8.tgz 0ms (cache hit)
2686 http cache @humanwhocodes/module-importer@https://registry.npmmirror.com/@humanwhocodes/module-importer/-/module-importer-1.0.1.tgz 0ms (cache hit)
2687 http cache esquery@https://registry.npmmirror.com/esquery/-/esquery-1.7.0.tgz 0ms (cache hit)
2688 http cache @humanfs/node@https://registry.npmmirror.com/@humanfs/node/-/node-0.16.8.tgz 0ms (cache hit)
2689 http cache @eslint/plugin-kit@https://registry.npmmirror.com/@eslint/plugin-kit/-/plugin-kit-0.4.1.tgz 0ms (cache hit)
2690 http cache @humanwhocodes/retry@https://registry.npmmirror.com/@humanwhocodes/retry/-/retry-0.4.3.tgz 0ms (cache hit)
2691 http cache @eslint/eslintrc@https://registry.npmmirror.com/@eslint/eslintrc/-/eslintrc-3.3.5.tgz 0ms (cache hit)
2692 http cache @eslint/js@https://registry.npmmirror.com/@eslint/js/-/js-9.39.4.tgz 0ms (cache hit)
2693 http cache @eslint/core@https://registry.npmmirror.com/@eslint/core/-/core-0.17.0.tgz 0ms (cache hit)
2694 http cache @eslint/config-helpers@https://registry.npmmirror.com/@eslint/config-helpers/-/config-helpers-0.4.2.tgz 0ms (cache hit)
2695 http cache @eslint-community/regexpp@https://registry.npmmirror.com/@eslint-community/regexpp/-/regexpp-4.12.2.tgz 0ms (cache hit)
2696 http cache @eslint-community/eslint-utils@https://registry.npmmirror.com/@eslint-community/eslint-utils/-/eslint-utils-4.9.1.tgz 0ms (cache hit)
2697 http cache eslint-scope@https://registry.npmmirror.com/eslint-scope/-/eslint-scope-8.4.0.tgz 0ms (cache hit)
2698 http cache tapable@https://registry.npmmirror.com/tapable/-/tapable-2.3.3.tgz 0ms (cache hit)
2699 http cache @eslint/config-array@https://registry.npmmirror.com/@eslint/config-array/-/config-array-0.21.2.tgz 0ms (cache hit)
2700 http cache csstype@https://registry.npmmirror.com/csstype/-/csstype-3.2.3.tgz 0ms (cache hit)
2701 http cache undici-types@https://registry.npmmirror.com/undici-types/-/undici-types-6.21.0.tgz 0ms (cache hit)
2702 http cache graceful-fs@https://registry.npmmirror.com/graceful-fs/-/graceful-fs-4.2.11.tgz 0ms (cache hit)
2703 http cache @jridgewell/trace-mapping@https://registry.npmmirror.com/@jridgewell/trace-mapping/-/trace-mapping-0.3.31.tgz 0ms (cache hit)
2704 http cache @jridgewell/gen-mapping@https://registry.npmmirror.com/@jridgewell/gen-mapping/-/gen-mapping-0.3.13.tgz 0ms (cache hit)
2705 http cache @tailwindcss/oxide-darwin-arm64@https://registry.npmmirror.com/@tailwindcss/oxide-darwin-arm64/-/oxide-darwin-arm64-4.2.4.tgz 0ms (cache hit)
2706 http cache source-map-js@https://registry.npmmirror.com/source-map-js/-/source-map-js-1.2.1.tgz 0ms (cache hit)
2707 http cache @jridgewell/resolve-uri@https://registry.npmmirror.com/@jridgewell/resolve-uri/-/resolve-uri-3.1.2.tgz 0ms (cache hit)
2708 http cache lightningcss@https://registry.npmmirror.com/lightningcss/-/lightningcss-1.32.0.tgz 0ms (cache hit)
2709 http cache jiti@https://registry.npmmirror.com/jiti/-/jiti-2.6.1.tgz 0ms (cache hit)
2710 http cache @jridgewell/sourcemap-codec@https://registry.npmmirror.com/@jridgewell/sourcemap-codec/-/sourcemap-codec-1.5.5.tgz 0ms (cache hit)
2711 http cache enhanced-resolve@https://registry.npmmirror.com/enhanced-resolve/-/enhanced-resolve-5.21.0.tgz 0ms (cache hit)
2712 http cache postcss@https://registry.npmmirror.com/postcss/-/postcss-8.5.12.tgz 0ms (cache hit)
2713 http cache @alloc/quick-lru@https://registry.npmmirror.com/@alloc/quick-lru/-/quick-lru-5.2.0.tgz 0ms (cache hit)
2714 http cache @jridgewell/remapping@https://registry.npmmirror.com/@jridgewell/remapping/-/remapping-2.3.5.tgz 0ms (cache hit)
2715 http cache magic-string@https://registry.npmmirror.com/magic-string/-/magic-string-0.30.21.tgz 0ms (cache hit)
2716 http cache @tailwindcss/oxide@https://registry.npmmirror.com/@tailwindcss/oxide/-/oxide-4.2.4.tgz 0ms (cache hit)
2717 http cache @tailwindcss/node@https://registry.npmmirror.com/@tailwindcss/node/-/node-4.2.4.tgz 0ms (cache hit)
2718 http cache typescript@https://registry.npmmirror.com/typescript/-/typescript-5.9.3.tgz 0ms (cache hit)
2719 http cache react-dom@https://registry.npmmirror.com/react-dom/-/react-dom-19.2.4.tgz 0ms (cache hit)
2720 http cache tailwindcss@https://registry.npmmirror.com/tailwindcss/-/tailwindcss-4.2.4.tgz 0ms (cache hit)
2721 http cache next@https://registry.npmmirror.com/next/-/next-16.2.4.tgz 0ms (cache hit)
2722 http cache react@https://registry.npmmirror.com/react/-/react-19.2.4.tgz 0ms (cache hit)
2723 http cache eslint-config-next@https://registry.npmmirror.com/eslint-config-next/-/eslint-config-next-16.2.4.tgz 0ms (cache hit)
2724 http cache eslint@https://registry.npmmirror.com/eslint/-/eslint-9.39.4.tgz 0ms (cache hit)
2725 http cache @types/react-dom@https://registry.npmmirror.com/@types/react-dom/-/react-dom-19.2.3.tgz 0ms (cache hit)
2726 http cache @types/react@https://registry.npmmirror.com/@types/react/-/react-19.2.14.tgz 0ms (cache hit)
2727 http cache @types/node@https://registry.npmmirror.com/@types/node/-/node-20.19.39.tgz 0ms (cache hit)
2728 http cache @tailwindcss/postcss@https://registry.npmmirror.com/@tailwindcss/postcss/-/postcss-4.2.4.tgz 0ms (cache hit)
2729 http cache eslint-visitor-keys@https://registry.npmmirror.com/eslint-visitor-keys/-/eslint-visitor-keys-5.0.1.tgz 0ms (cache hit)
2730 http cache semver@https://registry.npmmirror.com/semver/-/semver-7.7.4.tgz 0ms (cache hit)
2731 http cache minimatch@https://registry.npmmirror.com/minimatch/-/minimatch-10.2.5.tgz 0ms (cache hit)
2732 http cache ignore@https://registry.npmmirror.com/ignore/-/ignore-7.0.5.tgz 0ms (cache hit)
2733 http cache semver@https://registry.npmmirror.com/semver/-/semver-7.7.4.tgz 0ms (cache hit)
2734 http cache brace-expansion@https://registry.npmmirror.com/brace-expansion/-/brace-expansion-5.0.5.tgz 0ms (cache hit)
2735 http cache json5@https://registry.npmmirror.com/json5/-/json5-1.0.2.tgz 0ms (cache hit)
2736 http cache debug@https://registry.npmmirror.com/debug/-/debug-3.2.7.tgz 0ms (cache hit)
2737 http cache picomatch@https://registry.npmmirror.com/picomatch/-/picomatch-4.0.4.tgz 0ms (cache hit)
2738 http cache semver@https://registry.npmmirror.com/semver/-/semver-7.7.4.tgz 0ms (cache hit)
2739 http cache glob-parent@https://registry.npmmirror.com/glob-parent/-/glob-parent-5.1.2.tgz 0ms (cache hit)
2740 http cache debug@https://registry.npmmirror.com/debug/-/debug-3.2.7.tgz 0ms (cache hit)
2741 http cache fdir@https://registry.npmmirror.com/fdir/-/fdir-6.5.0.tgz 0ms (cache hit)
2742 http cache eslint-visitor-keys@https://registry.npmmirror.com/eslint-visitor-keys/-/eslint-visitor-keys-3.4.3.tgz 0ms (cache hit)
2743 http cache debug@https://registry.npmmirror.com/debug/-/debug-3.2.7.tgz 0ms (cache hit)
2744 http cache balanced-match@https://registry.npmmirror.com/balanced-match/-/balanced-match-4.0.4.tgz 0ms (cache hit)
2745 silly tarball no local data for is-weakset@https://registry.npmmirror.com/is-weakset/-/is-weakset-2.0.4.tgz. Extracting by manifest.
2746 http cache postcss@https://registry.npmmirror.com/postcss/-/postcss-8.4.31.tgz 0ms (cache hit)
2747 http fetch POST 404 https://registry.npmmirror.com/-/npm/v1/security/advisories/bulk 26ms
2748 verbose audit error HttpErrorGeneral: 404 Not Found - POST https://registry.npmmirror.com/-/npm/v1/security/advisories/bulk - [NOT_IMPLEMENTED] /-/npm/v1/security/* not implemented yet
2748 verbose audit error     at /Users/huangtianzhu5746/.nvm/versions/node/v24.13.0/lib/node_modules/npm/node_modules/npm-registry-fetch/lib/check-response.js:103:15
2748 verbose audit error     at process.processTicksAndRejections (node:internal/process/task_queues:103:5)
2748 verbose audit error     at async #getReport (/Users/huangtianzhu5746/.nvm/versions/node/v24.13.0/lib/node_modules/npm/node_modules/@npmcli/arborist/lib/audit-report.js:275:19)
2748 verbose audit error     at async AuditReport.run (/Users/huangtianzhu5746/.nvm/versions/node/v24.13.0/lib/node_modules/npm/node_modules/@npmcli/arborist/lib/audit-report.js:100:19) {
2748 verbose audit error   headers: [Object: null prototype] {
2748 verbose audit error     server: [ 'Tengine' ],
2748 verbose audit error     date: [ 'Thu, 30 Apr 2026 08:14:50 GMT' ],
2748 verbose audit error     'content-type': [ 'application/json' ],
2748 verbose audit error     'transfer-encoding': [ 'chunked' ],
2748 verbose audit error     connection: [ 'keep-alive' ],
2748 verbose audit error     'strict-transport-security': [ 'max-age=5184000' ],
2748 verbose audit error     via: [ 'kunlun2.cn5266[,404666]' ],
2748 verbose audit error     'timing-allow-origin': [ '*' ],
2748 verbose audit error     eagleid: [ '8ccff79617775368906481135e' ],
2748 verbose audit error     'x-fetch-attempts': [ '1' ]
2748 verbose audit error   },
2748 verbose audit error   statusCode: 404,
2748 verbose audit error   code: 'E404',
2748 verbose audit error   method: 'POST',
2748 verbose audit error   uri: 'https://registry.npmmirror.com/-/npm/v1/security/advisories/bulk',
2748 verbose audit error   body: {
2748 verbose audit error     error: '[NOT_IMPLEMENTED] /-/npm/v1/security/* not implemented yet'
2748 verbose audit error   },
2748 verbose audit error   pkgid: undefined
2748 verbose audit error }
2749 silly audit error [object Object]
2750 silly audit report null
2751 silly tarball no local data for is-weakmap@https://registry.npmmirror.com/is-weakmap/-/is-weakmap-2.0.2.tgz. Extracting by manifest.
2752 silly tarball no local data for async-function@https://registry.npmmirror.com/async-function/-/async-function-1.0.0.tgz. Extracting by manifest.
2753 silly tarball no local data for is-map@https://registry.npmmirror.com/is-map/-/is-map-2.0.3.tgz. Extracting by manifest.
2754 silly tarball no local data for is-finalizationregistry@https://registry.npmmirror.com/is-finalizationregistry/-/is-finalizationregistry-1.1.1.tgz. Extracting by manifest.
2755 silly tarball no local data for is-async-function@https://registry.npmmirror.com/is-async-function/-/is-async-function-2.1.1.tgz. Extracting by manifest.
2756 silly tarball no local data for is-generator-function@https://registry.npmmirror.com/is-generator-function/-/is-generator-function-1.1.2.tgz. Extracting by manifest.
2757 silly tarball no local data for is-boolean-object@https://registry.npmmirror.com/is-boolean-object/-/is-boolean-object-1.2.2.tgz. Extracting by manifest.
2758 silly tarball no local data for which-collection@https://registry.npmmirror.com/which-collection/-/which-collection-1.0.2.tgz. Extracting by manifest.
2759 silly tarball no local data for is-number-object@https://registry.npmmirror.com/is-number-object/-/is-number-object-1.1.1.tgz. Extracting by manifest.
2760 silly tarball no local data for is-bigint@https://registry.npmmirror.com/is-bigint/-/is-bigint-1.1.0.tgz. Extracting by manifest.
2761 silly tarball no local data for generator-function@https://registry.npmmirror.com/generator-function/-/generator-function-2.0.1.tgz. Extracting by manifest.
2762 silly tarball no local data for isexe@https://registry.npmmirror.com/isexe/-/isexe-2.0.0.tgz. Extracting by manifest.
2763 silly tarball no local data for escalade@https://registry.npmmirror.com/escalade/-/escalade-3.2.0.tgz. Extracting by manifest.
2764 http cache globals@https://registry.npmmirror.com/globals/-/globals-16.4.0.tgz 0ms (cache hit)
2765 silly tarball no local data for @emnapi/core@https://registry.npmmirror.com/@emnapi/core/-/core-1.10.0.tgz. Extracting by manifest.
2766 silly tarball no local data for napi-postinstall@https://registry.npmmirror.com/napi-postinstall/-/napi-postinstall-0.3.4.tgz. Extracting by manifest.
2767 silly tarball no local data for @emnapi/wasi-threads@https://registry.npmmirror.com/@emnapi/wasi-threads/-/wasi-threads-1.2.1.tgz. Extracting by manifest.
2768 silly tarball no local data for punycode@https://registry.npmmirror.com/punycode/-/punycode-2.3.1.tgz. Extracting by manifest.
2769 silly tarball no local data for @unrs/resolver-binding-darwin-arm64@https://registry.npmmirror.com/@unrs/resolver-binding-darwin-arm64/-/resolver-binding-darwin-arm64-1.11.1.tgz. Extracting by manifest.
2770 silly tarball no local data for @napi-rs/wasm-runtime@https://registry.npmmirror.com/@napi-rs/wasm-runtime/-/wasm-runtime-0.2.12.tgz. Extracting by manifest.
2771 silly tarball no local data for @tybys/wasm-util@https://registry.npmmirror.com/@tybys/wasm-util/-/wasm-util-0.10.1.tgz. Extracting by manifest.
2772 silly tarball no local data for has-bigints@https://registry.npmmirror.com/has-bigints/-/has-bigints-1.1.0.tgz. Extracting by manifest.
2773 silly tarball no local data for @typescript-eslint/tsconfig-utils@https://registry.npmmirror.com/@typescript-eslint/tsconfig-utils/-/tsconfig-utils-8.59.1.tgz. Extracting by manifest.
2774 silly tarball no local data for @typescript-eslint/project-service@https://registry.npmmirror.com/@typescript-eslint/project-service/-/project-service-8.59.1.tgz. Extracting by manifest.
2775 silly tarball no local data for which-boxed-primitive@https://registry.npmmirror.com/which-boxed-primitive/-/which-boxed-primitive-1.1.1.tgz. Extracting by manifest.
2776 silly tarball no local data for @typescript-eslint/visitor-keys@https://registry.npmmirror.com/@typescript-eslint/visitor-keys/-/visitor-keys-8.59.1.tgz. Extracting by manifest.
2777 silly tarball no local data for @typescript-eslint/types@https://registry.npmmirror.com/@typescript-eslint/types/-/types-8.59.1.tgz. Extracting by manifest.
2778 silly tarball no local data for ts-api-utils@https://registry.npmmirror.com/ts-api-utils/-/ts-api-utils-2.5.0.tgz. Extracting by manifest.
2779 silly tarball no local data for @typescript-eslint/utils@https://registry.npmmirror.com/@typescript-eslint/utils/-/utils-8.59.1.tgz. Extracting by manifest.
2780 silly tarball no local data for @typescript-eslint/type-utils@https://registry.npmmirror.com/@typescript-eslint/type-utils/-/type-utils-8.59.1.tgz. Extracting by manifest.
2781 silly tarball no local data for @typescript-eslint/parser@https://registry.npmmirror.com/@typescript-eslint/parser/-/parser-8.59.1.tgz. Extracting by manifest.
2782 silly tarball no local data for which-builtin-type@https://registry.npmmirror.com/which-builtin-type/-/which-builtin-type-1.2.1.tgz. Extracting by manifest.
2783 silly tarball no local data for @typescript-eslint/scope-manager@https://registry.npmmirror.com/@typescript-eslint/scope-manager/-/scope-manager-8.59.1.tgz. Extracting by manifest.
2784 silly tarball no local data for reflect.getprototypeof@https://registry.npmmirror.com/reflect.getprototypeof/-/reflect.getprototypeof-1.0.10.tgz. Extracting by manifest.
2785 silly tarball no local data for for-each@https://registry.npmmirror.com/for-each/-/for-each-0.3.5.tgz. Extracting by manifest.
2786 silly tarball no local data for @typescript-eslint/eslint-plugin@https://registry.npmmirror.com/@typescript-eslint/eslint-plugin/-/eslint-plugin-8.59.1.tgz. Extracting by manifest.
2787 silly tarball no local data for @types/json5@https://registry.npmmirror.com/@types/json5/-/json5-0.0.29.tgz. Extracting by manifest.
2788 silly tarball no local data for strip-bom@https://registry.npmmirror.com/strip-bom/-/strip-bom-3.0.0.tgz. Extracting by manifest.
2789 silly tarball no local data for has-flag@https://registry.npmmirror.com/has-flag/-/has-flag-4.0.0.tgz. Extracting by manifest.
2790 silly tarball no local data for is-number@https://registry.npmmirror.com/is-number/-/is-number-7.0.0.tgz. Extracting by manifest.
2791 silly tarball no local data for side-channel-map@https://registry.npmmirror.com/side-channel-map/-/side-channel-map-1.0.1.tgz. Extracting by manifest.
2792 silly tarball no local data for side-channel-list@https://registry.npmmirror.com/side-channel-list/-/side-channel-list-1.0.1.tgz. Extracting by manifest.
2793 silly tarball no local data for client-only@https://registry.npmmirror.com/client-only/-/client-only-0.0.1.tgz. Extracting by manifest.
2794 silly tarball no local data for minimist@https://registry.npmmirror.com/minimist/-/minimist-1.2.8.tgz. Extracting by manifest.
2795 silly tarball no local data for @emnapi/runtime@https://registry.npmmirror.com/@emnapi/runtime/-/runtime-1.10.0.tgz. Extracting by manifest.
2796 silly tarball no local data for side-channel-weakmap@https://registry.npmmirror.com/side-channel-weakmap/-/side-channel-weakmap-1.0.2.tgz. Extracting by manifest.
2797 silly tarball no local data for isarray@https://registry.npmmirror.com/isarray/-/isarray-2.0.5.tgz. Extracting by manifest.
2798 silly tarball no local data for @img/sharp-darwin-arm64@https://registry.npmmirror.com/@img/sharp-darwin-arm64/-/sharp-darwin-arm64-0.34.5.tgz. Extracting by manifest.
2799 silly tarball no local data for @img/sharp-libvips-darwin-arm64@https://registry.npmmirror.com/@img/sharp-libvips-darwin-arm64/-/sharp-libvips-darwin-arm64-1.2.4.tgz. Extracting by manifest.
2800 silly tarball no local data for queue-microtask@https://registry.npmmirror.com/queue-microtask/-/queue-microtask-1.2.3.tgz. Extracting by manifest.
2801 silly tarball no local data for @typescript-eslint/typescript-estree@https://registry.npmmirror.com/@typescript-eslint/typescript-estree/-/typescript-estree-8.59.1.tgz. Extracting by manifest.
2802 silly tarball no local data for path-parse@https://registry.npmmirror.com/path-parse/-/path-parse-1.0.7.tgz. Extracting by manifest.
2803 silly tarball no local data for supports-preserve-symlinks-flag@https://registry.npmmirror.com/supports-preserve-symlinks-flag/-/supports-preserve-symlinks-flag-1.0.0.tgz. Extracting by manifest.
2804 silly tarball no local data for node-exports-info@https://registry.npmmirror.com/node-exports-info/-/node-exports-info-1.6.0.tgz. Extracting by manifest.
2805 silly tarball no local data for object-assign@https://registry.npmmirror.com/object-assign/-/object-assign-4.1.1.tgz. Extracting by manifest.
2806 silly tarball no local data for loose-envify@https://registry.npmmirror.com/loose-envify/-/loose-envify-1.4.0.tgz. Extracting by manifest.
2807 silly tarball no local data for yocto-queue@https://registry.npmmirror.com/yocto-queue/-/yocto-queue-0.1.0.tgz. Extracting by manifest.
2808 silly tarball no local data for react-is@https://registry.npmmirror.com/react-is/-/react-is-16.13.1.tgz. Extracting by manifest.
2809 silly tarball no local data for callsites@https://registry.npmmirror.com/callsites/-/callsites-3.1.0.tgz. Extracting by manifest.
2810 silly tarball no local data for @img/colour@https://registry.npmmirror.com/@img/colour/-/colour-1.1.0.tgz. Extracting by manifest.
2811 silly tarball no local data for p-limit@https://registry.npmmirror.com/p-limit/-/p-limit-3.1.0.tgz. Extracting by manifest.
2812 silly tarball no local data for scheduler@https://registry.npmmirror.com/scheduler/-/scheduler-0.27.0.tgz. Extracting by manifest.
2813 silly tarball no local data for nanoid@https://registry.npmmirror.com/nanoid/-/nanoid-3.3.11.tgz. Extracting by manifest.
2814 silly tarball no local data for word-wrap@https://registry.npmmirror.com/word-wrap/-/word-wrap-1.2.5.tgz. Extracting by manifest.
2815 silly tarball no local data for fast-levenshtein@https://registry.npmmirror.com/fast-levenshtein/-/fast-levenshtein-2.0.6.tgz. Extracting by manifest.
2816 silly tarball no local data for deep-is@https://registry.npmmirror.com/deep-is/-/deep-is-0.1.4.tgz. Extracting by manifest.
2817 silly tarball no local data for styled-jsx@https://registry.npmmirror.com/styled-jsx/-/styled-jsx-5.1.6.tgz. Extracting by manifest.
2818 silly tarball no local data for tslib@https://registry.npmmirror.com/tslib/-/tslib-2.8.1.tgz. Extracting by manifest.
2819 silly tarball no local data for sharp@https://registry.npmmirror.com/sharp/-/sharp-0.34.5.tgz. Extracting by manifest.
2820 silly tarball no local data for @next/env@https://registry.npmmirror.com/@next/env/-/env-16.2.4.tgz. Extracting by manifest.
2821 silly tarball no local data for concat-map@https://registry.npmmirror.com/concat-map/-/concat-map-0.0.1.tgz. Extracting by manifest.
2822 silly tarball no local data for shebang-regex@https://registry.npmmirror.com/shebang-regex/-/shebang-regex-3.0.0.tgz. Extracting by manifest.
2823 silly tarball no local data for @next/swc-darwin-arm64@https://registry.npmmirror.com/@next/swc-darwin-arm64/-/swc-darwin-arm64-16.2.4.tgz. Extracting by manifest.
2824 silly tarball no local data for @swc/helpers@https://registry.npmmirror.com/@swc/helpers/-/helpers-0.5.15.tgz. Extracting by manifest.
2825 silly tarball no local data for balanced-match@https://registry.npmmirror.com/balanced-match/-/balanced-match-1.0.2.tgz. Extracting by manifest.
2826 silly tarball no local data for to-regex-range@https://registry.npmmirror.com/to-regex-range/-/to-regex-range-5.0.1.tgz. Extracting by manifest.
2827 silly tarball no local data for braces@https://registry.npmmirror.com/braces/-/braces-3.0.3.tgz. Extracting by manifest.
2828 silly tarball no local data for p-locate@https://registry.npmmirror.com/p-locate/-/p-locate-5.0.0.tgz. Extracting by manifest.
2829 silly tarball no local data for yallist@https://registry.npmmirror.com/yallist/-/yallist-3.1.1.tgz. Extracting by manifest.
2830 silly tarball no local data for picomatch@https://registry.npmmirror.com/picomatch/-/picomatch-2.3.2.tgz. Extracting by manifest.
2831 silly tarball no local data for fill-range@https://registry.npmmirror.com/fill-range/-/fill-range-7.1.1.tgz. Extracting by manifest.
2832 silly tarball no local data for lightningcss-darwin-arm64@https://registry.npmmirror.com/lightningcss-darwin-arm64/-/lightningcss-darwin-arm64-1.32.0.tgz. Extracting by manifest.
2833 silly tarball no local data for detect-libc@https://registry.npmmirror.com/detect-libc/-/detect-libc-2.1.2.tgz. Extracting by manifest.
2834 silly tarball no local data for language-subtag-registry@https://registry.npmmirror.com/language-subtag-registry/-/language-subtag-registry-0.3.23.tgz. Extracting by manifest.
2835 silly tarball no local data for brace-expansion@https://registry.npmmirror.com/brace-expansion/-/brace-expansion-1.1.14.tgz. Extracting by manifest.
2836 silly tarball no local data for json-buffer@https://registry.npmmirror.com/json-buffer/-/json-buffer-3.0.1.tgz. Extracting by manifest.
2837 silly tarball no local data for set-function-name@https://registry.npmmirror.com/set-function-name/-/set-function-name-2.0.2.tgz. Extracting by manifest.
2838 silly tarball no local data for argparse@https://registry.npmmirror.com/argparse/-/argparse-2.0.1.tgz. Extracting by manifest.
2839 silly tarball no local data for prelude-ls@https://registry.npmmirror.com/prelude-ls/-/prelude-ls-1.2.1.tgz. Extracting by manifest.
2840 silly tarball no local data for parent-module@https://registry.npmmirror.com/parent-module/-/parent-module-1.0.1.tgz. Extracting by manifest.
2841 silly tarball no local data for resolve-pkg-maps@https://registry.npmmirror.com/resolve-pkg-maps/-/resolve-pkg-maps-1.0.0.tgz. Extracting by manifest.
2842 silly tarball no local data for side-channel@https://registry.npmmirror.com/side-channel/-/side-channel-1.1.0.tgz. Extracting by manifest.
2843 silly tarball no local data for is-extglob@https://registry.npmmirror.com/is-extglob/-/is-extglob-2.1.1.tgz. Extracting by manifest.
2844 silly tarball no local data for dunder-proto@https://registry.npmmirror.com/dunder-proto/-/dunder-proto-1.0.1.tgz. Extracting by manifest.
2845 silly tarball no local data for resolve-from@https://registry.npmmirror.com/resolve-from/-/resolve-from-4.0.0.tgz. Extracting by manifest.
2846 silly tarball no local data for keyv@https://registry.npmmirror.com/keyv/-/keyv-4.5.4.tgz. Extracting by manifest.
2847 silly tarball no local data for hermes-estree@https://registry.npmmirror.com/hermes-estree/-/hermes-estree-0.25.1.tgz. Extracting by manifest.
2848 silly tarball no local data for path-exists@https://registry.npmmirror.com/path-exists/-/path-exists-4.0.0.tgz. Extracting by manifest.
2849 silly tarball no local data for flatted@https://registry.npmmirror.com/flatted/-/flatted-3.4.2.tgz. Extracting by manifest.
2850 silly tarball no local data for locate-path@https://registry.npmmirror.com/locate-path/-/locate-path-6.0.0.tgz. Extracting by manifest.
2851 silly tarball no local data for reusify@https://registry.npmmirror.com/reusify/-/reusify-1.1.0.tgz. Extracting by manifest.
2852 silly tarball no local data for run-parallel@https://registry.npmmirror.com/run-parallel/-/run-parallel-1.2.0.tgz. Extracting by manifest.
2853 silly tarball no local data for flat-cache@https://registry.npmmirror.com/flat-cache/-/flat-cache-4.0.1.tgz. Extracting by manifest.
2854 silly tarball no local data for fastq@https://registry.npmmirror.com/fastq/-/fastq-1.20.1.tgz. Extracting by manifest.
2855 silly tarball no local data for merge2@https://registry.npmmirror.com/merge2/-/merge2-1.4.1.tgz. Extracting by manifest.
2856 silly tarball no local data for @nodelib/fs.scandir@https://registry.npmmirror.com/@nodelib/fs.scandir/-/fs.scandir-2.1.5.tgz. Extracting by manifest.
2857 silly tarball no local data for functions-have-names@https://registry.npmmirror.com/functions-have-names/-/functions-have-names-1.2.3.tgz. Extracting by manifest.
2858 silly tarball no local data for @nodelib/fs.walk@https://registry.npmmirror.com/@nodelib/fs.walk/-/fs.walk-1.2.8.tgz. Extracting by manifest.
2859 silly tarball no local data for acorn@https://registry.npmmirror.com/acorn/-/acorn-8.16.0.tgz. Extracting by manifest.
2860 silly tarball no local data for @nodelib/fs.stat@https://registry.npmmirror.com/@nodelib/fs.stat/-/fs.stat-2.0.5.tgz. Extracting by manifest.
2861 silly tarball no local data for acorn-jsx@https://registry.npmmirror.com/acorn-jsx/-/acorn-jsx-5.3.2.tgz. Extracting by manifest.
2862 silly tarball no local data for type-check@https://registry.npmmirror.com/type-check/-/type-check-0.4.0.tgz. Extracting by manifest.
2863 silly tarball no local data for node-releases@https://registry.npmmirror.com/node-releases/-/node-releases-2.0.38.tgz. Extracting by manifest.
2864 silly tarball no local data for micromatch@https://registry.npmmirror.com/micromatch/-/micromatch-4.0.8.tgz. Extracting by manifest.
2865 silly tarball no local data for electron-to-chromium@https://registry.npmmirror.com/electron-to-chromium/-/electron-to-chromium-1.5.345.tgz. Extracting by manifest.
2866 silly tarball no local data for esrecurse@https://registry.npmmirror.com/esrecurse/-/esrecurse-4.3.0.tgz. Extracting by manifest.
2867 silly tarball no local data for caniuse-lite@https://registry.npmmirror.com/caniuse-lite/-/caniuse-lite-1.0.30001791.tgz. Extracting by manifest.
2868 silly tarball no local data for @babel/helper-string-parser@https://registry.npmmirror.com/@babel/helper-string-parser/-/helper-string-parser-7.27.1.tgz. Extracting by manifest.
2869 silly tarball no local data for baseline-browser-mapping@https://registry.npmmirror.com/baseline-browser-mapping/-/baseline-browser-mapping-2.10.24.tgz. Extracting by manifest.
2870 silly tarball no local data for @babel/helper-module-imports@https://registry.npmmirror.com/@babel/helper-module-imports/-/helper-module-imports-7.28.6.tgz. Extracting by manifest.
2871 silly tarball no local data for lru-cache@https://registry.npmmirror.com/lru-cache/-/lru-cache-5.1.1.tgz. Extracting by manifest.
2872 silly tarball no local data for browserslist@https://registry.npmmirror.com/browserslist/-/browserslist-4.28.2.tgz. Extracting by manifest.
2873 silly tarball no local data for @babel/helper-globals@https://registry.npmmirror.com/@babel/helper-globals/-/helper-globals-7.28.0.tgz. Extracting by manifest.
2874 silly tarball no local data for @babel/helper-validator-option@https://registry.npmmirror.com/@babel/helper-validator-option/-/helper-validator-option-7.27.1.tgz. Extracting by manifest.
2875 silly tarball no local data for jsesc@https://registry.npmmirror.com/jsesc/-/jsesc-3.1.0.tgz. Extracting by manifest.
2876 silly tarball no local data for @babel/compat-data@https://registry.npmmirror.com/@babel/compat-data/-/compat-data-7.29.0.tgz. Extracting by manifest.
2877 silly tarball no local data for update-browserslist-db@https://registry.npmmirror.com/update-browserslist-db/-/update-browserslist-db-1.2.3.tgz. Extracting by manifest.
2878 silly tarball no local data for picocolors@https://registry.npmmirror.com/picocolors/-/picocolors-1.1.1.tgz. Extracting by manifest.
2879 silly tarball no local data for json5@https://registry.npmmirror.com/json5/-/json5-2.2.3.tgz. Extracting by manifest.
2880 silly tarball no local data for js-tokens@https://registry.npmmirror.com/js-tokens/-/js-tokens-4.0.0.tgz. Extracting by manifest.
2881 silly tarball no local data for gensync@https://registry.npmmirror.com/gensync/-/gensync-1.0.0-beta.2.tgz. Extracting by manifest.
2882 silly tarball no local data for @babel/template@https://registry.npmmirror.com/@babel/template/-/template-7.28.6.tgz. Extracting by manifest.
2883 silly tarball no local data for convert-source-map@https://registry.npmmirror.com/convert-source-map/-/convert-source-map-2.0.0.tgz. Extracting by manifest.
2884 silly tarball no local data for @babel/traverse@https://registry.npmmirror.com/@babel/traverse/-/traverse-7.29.0.tgz. Extracting by manifest.
2885 silly tarball no local data for @babel/helpers@https://registry.npmmirror.com/@babel/helpers/-/helpers-7.29.2.tgz. Extracting by manifest.
2886 silly tarball no local data for @babel/types@https://registry.npmmirror.com/@babel/types/-/types-7.29.0.tgz. Extracting by manifest.
2887 silly tarball no local data for @babel/helper-module-transforms@https://registry.npmmirror.com/@babel/helper-module-transforms/-/helper-module-transforms-7.28.6.tgz. Extracting by manifest.
2888 silly tarball no local data for @babel/helper-compilation-targets@https://registry.npmmirror.com/@babel/helper-compilation-targets/-/helper-compilation-targets-7.28.6.tgz. Extracting by manifest.
2889 silly tarball no local data for zod@https://registry.npmmirror.com/zod/-/zod-4.4.1.tgz. Extracting by manifest.
2890 silly tarball no local data for zod-validation-error@https://registry.npmmirror.com/zod-validation-error/-/zod-validation-error-4.0.2.tgz. Extracting by manifest.
2891 silly tarball no local data for @babel/parser@https://registry.npmmirror.com/@babel/parser/-/parser-7.29.2.tgz. Extracting by manifest.
2892 silly tarball no local data for @babel/helper-validator-identifier@https://registry.npmmirror.com/@babel/helper-validator-identifier/-/helper-validator-identifier-7.28.5.tgz. Extracting by manifest.
2893 silly tarball no local data for @babel/code-frame@https://registry.npmmirror.com/@babel/code-frame/-/code-frame-7.29.0.tgz. Extracting by manifest.
2894 silly tarball no local data for @babel/core@https://registry.npmmirror.com/@babel/core/-/core-7.29.0.tgz. Extracting by manifest.
2895 silly tarball no local data for @babel/generator@https://registry.npmmirror.com/@babel/generator/-/generator-7.29.1.tgz. Extracting by manifest.
2896 silly tarball no local data for string.prototype.matchall@https://registry.npmmirror.com/string.prototype.matchall/-/string.prototype.matchall-4.0.12.tgz. Extracting by manifest.
2897 silly tarball no local data for string.prototype.repeat@https://registry.npmmirror.com/string.prototype.repeat/-/string.prototype.repeat-1.0.0.tgz. Extracting by manifest.
2898 silly tarball no local data for object.entries@https://registry.npmmirror.com/object.entries/-/object.entries-1.1.9.tgz. Extracting by manifest.
2899 silly tarball no local data for iterator.prototype@https://registry.npmmirror.com/iterator.prototype/-/iterator.prototype-1.1.5.tgz. Extracting by manifest.
2900 silly tarball no local data for prop-types@https://registry.npmmirror.com/prop-types/-/prop-types-15.8.1.tgz. Extracting by manifest.
2901 silly tarball no local data for es-iterator-helpers@https://registry.npmmirror.com/es-iterator-helpers/-/es-iterator-helpers-1.3.2.tgz. Extracting by manifest.
2902 silly tarball no local data for string.prototype.includes@https://registry.npmmirror.com/string.prototype.includes/-/string.prototype.includes-2.0.1.tgz. Extracting by manifest.
2903 silly tarball no local data for language-tags@https://registry.npmmirror.com/language-tags/-/language-tags-1.0.9.tgz. Extracting by manifest.
2904 silly tarball no local data for hermes-parser@https://registry.npmmirror.com/hermes-parser/-/hermes-parser-0.25.1.tgz. Extracting by manifest.
2905 silly tarball no local data for array.prototype.findlast@https://registry.npmmirror.com/array.prototype.findlast/-/array.prototype.findlast-1.2.5.tgz. Extracting by manifest.
2906 silly tarball no local data for emoji-regex@https://registry.npmmirror.com/emoji-regex/-/emoji-regex-9.2.2.tgz. Extracting by manifest.
2907 silly tarball no local data for estraverse@https://registry.npmmirror.com/estraverse/-/estraverse-5.3.0.tgz. Extracting by manifest.
2908 silly tarball no local data for jsx-ast-utils@https://registry.npmmirror.com/jsx-ast-utils/-/jsx-ast-utils-3.3.5.tgz. Extracting by manifest.
2909 silly tarball no local data for damerau-levenshtein@https://registry.npmmirror.com/damerau-levenshtein/-/damerau-levenshtein-1.0.8.tgz. Extracting by manifest.
2910 silly tarball no local data for axobject-query@https://registry.npmmirror.com/axobject-query/-/axobject-query-4.1.0.tgz. Extracting by manifest.
2911 silly tarball no local data for ast-types-flow@https://registry.npmmirror.com/ast-types-flow/-/ast-types-flow-0.0.8.tgz. Extracting by manifest.
2912 silly tarball no local data for aria-query@https://registry.npmmirror.com/aria-query/-/aria-query-5.3.2.tgz. Extracting by manifest.
2913 silly tarball no local data for axe-core@https://registry.npmmirror.com/axe-core/-/axe-core-4.11.4.tgz. Extracting by manifest.
2914 silly tarball no local data for array.prototype.tosorted@https://registry.npmmirror.com/array.prototype.tosorted/-/array.prototype.tosorted-1.1.4.tgz. Extracting by manifest.
2915 silly tarball no local data for is-symbol@https://registry.npmmirror.com/is-symbol/-/is-symbol-1.1.1.tgz. Extracting by manifest.
2916 silly tarball no local data for is-date-object@https://registry.npmmirror.com/is-date-object/-/is-date-object-1.1.0.tgz. Extracting by manifest.
2917 silly tarball no local data for possible-typed-array-names@https://registry.npmmirror.com/possible-typed-array-names/-/possible-typed-array-names-1.1.0.tgz. Extracting by manifest.
2918 silly tarball no local data for which-typed-array@https://registry.npmmirror.com/which-typed-array/-/which-typed-array-1.1.20.tgz. Extracting by manifest.
2919 silly tarball no local data for typed-array-length@https://registry.npmmirror.com/typed-array-length/-/typed-array-length-1.0.7.tgz. Extracting by manifest.
2920 silly tarball no local data for has-tostringtag@https://registry.npmmirror.com/has-tostringtag/-/has-tostringtag-1.0.2.tgz. Extracting by manifest.
2921 silly tarball no local data for typed-array-byte-offset@https://registry.npmmirror.com/typed-array-byte-offset/-/typed-array-byte-offset-1.0.4.tgz. Extracting by manifest.
2922 silly tarball no local data for typed-array-byte-length@https://registry.npmmirror.com/typed-array-byte-length/-/typed-array-byte-length-1.0.3.tgz. Extracting by manifest.
2923 silly tarball no local data for unbox-primitive@https://registry.npmmirror.com/unbox-primitive/-/unbox-primitive-1.1.0.tgz. Extracting by manifest.
2924 silly tarball no local data for string.prototype.trimstart@https://registry.npmmirror.com/string.prototype.trimstart/-/string.prototype.trimstart-1.0.8.tgz. Extracting by manifest.
2925 silly tarball no local data for typed-array-buffer@https://registry.npmmirror.com/typed-array-buffer/-/typed-array-buffer-1.0.3.tgz. Extracting by manifest.
2926 silly tarball no local data for string.prototype.trim@https://registry.npmmirror.com/string.prototype.trim/-/string.prototype.trim-1.2.10.tgz. Extracting by manifest.
2927 silly tarball no local data for safe-regex-test@https://registry.npmmirror.com/safe-regex-test/-/safe-regex-test-1.1.0.tgz. Extracting by manifest.
2928 silly tarball no local data for set-proto@https://registry.npmmirror.com/set-proto/-/set-proto-1.0.0.tgz. Extracting by manifest.
2929 silly tarball no local data for safe-push-apply@https://registry.npmmirror.com/safe-push-apply/-/safe-push-apply-1.0.0.tgz. Extracting by manifest.
2930 silly tarball no local data for stop-iteration-iterator@https://registry.npmmirror.com/stop-iteration-iterator/-/stop-iteration-iterator-1.1.0.tgz. Extracting by manifest.
2931 silly tarball no local data for regexp.prototype.flags@https://registry.npmmirror.com/regexp.prototype.flags/-/regexp.prototype.flags-1.5.4.tgz. Extracting by manifest.
2932 silly tarball no local data for object.assign@https://registry.npmmirror.com/object.assign/-/object.assign-4.1.7.tgz. Extracting by manifest.
2933 silly tarball no local data for safe-array-concat@https://registry.npmmirror.com/safe-array-concat/-/safe-array-concat-1.1.4.tgz. Extracting by manifest.
2934 silly tarball no local data for is-typed-array@https://registry.npmmirror.com/is-typed-array/-/is-typed-array-1.1.15.tgz. Extracting by manifest.
2935 silly tarball no local data for is-weakref@https://registry.npmmirror.com/is-weakref/-/is-weakref-1.1.1.tgz. Extracting by manifest.
2936 silly tarball no local data for object-inspect@https://registry.npmmirror.com/object-inspect/-/object-inspect-1.13.4.tgz. Extracting by manifest.
2937 silly tarball no local data for own-keys@https://registry.npmmirror.com/own-keys/-/own-keys-1.0.1.tgz. Extracting by manifest.
2938 silly tarball no local data for is-set@https://registry.npmmirror.com/is-set/-/is-set-2.0.3.tgz. Extracting by manifest.
2939 silly tarball no local data for is-regex@https://registry.npmmirror.com/is-regex/-/is-regex-1.2.1.tgz. Extracting by manifest.
2940 silly tarball no local data for is-shared-array-buffer@https://registry.npmmirror.com/is-shared-array-buffer/-/is-shared-array-buffer-1.0.4.tgz. Extracting by manifest.
2941 silly tarball no local data for is-callable@https://registry.npmmirror.com/is-callable/-/is-callable-1.2.7.tgz. Extracting by manifest.
2942 silly tarball no local data for is-array-buffer@https://registry.npmmirror.com/is-array-buffer/-/is-array-buffer-3.0.5.tgz. Extracting by manifest.
2943 silly tarball no local data for is-data-view@https://registry.npmmirror.com/is-data-view/-/is-data-view-1.0.2.tgz. Extracting by manifest.
2944 silly tarball no local data for internal-slot@https://registry.npmmirror.com/internal-slot/-/internal-slot-1.1.0.tgz. Extracting by manifest.
2945 silly tarball no local data for has-proto@https://registry.npmmirror.com/has-proto/-/has-proto-1.2.0.tgz. Extracting by manifest.
2946 silly tarball no local data for has-symbols@https://registry.npmmirror.com/has-symbols/-/has-symbols-1.1.0.tgz. Extracting by manifest.
2947 silly tarball no local data for globalthis@https://registry.npmmirror.com/globalthis/-/globalthis-1.0.4.tgz. Extracting by manifest.
2948 silly tarball no local data for get-proto@https://registry.npmmirror.com/get-proto/-/get-proto-1.0.1.tgz. Extracting by manifest.
2949 silly tarball no local data for is-negative-zero@https://registry.npmmirror.com/is-negative-zero/-/is-negative-zero-2.0.3.tgz. Extracting by manifest.
2950 silly tarball no local data for es-set-tostringtag@https://registry.npmmirror.com/es-set-tostringtag/-/es-set-tostringtag-2.1.0.tgz. Extracting by manifest.
2951 silly tarball no local data for es-to-primitive@https://registry.npmmirror.com/es-to-primitive/-/es-to-primitive-1.3.0.tgz. Extracting by manifest.
2952 silly tarball no local data for function.prototype.name@https://registry.npmmirror.com/function.prototype.name/-/function.prototype.name-1.1.8.tgz. Extracting by manifest.
2953 silly tarball no local data for data-view-buffer@https://registry.npmmirror.com/data-view-buffer/-/data-view-buffer-1.0.2.tgz. Extracting by manifest.
2954 silly tarball no local data for data-view-byte-length@https://registry.npmmirror.com/data-view-byte-length/-/data-view-byte-length-1.0.2.tgz. Extracting by manifest.
2955 silly tarball no local data for data-view-byte-offset@https://registry.npmmirror.com/data-view-byte-offset/-/data-view-byte-offset-1.0.1.tgz. Extracting by manifest.
2956 silly tarball no local data for arraybuffer.prototype.slice@https://registry.npmmirror.com/arraybuffer.prototype.slice/-/arraybuffer.prototype.slice-1.0.4.tgz. Extracting by manifest.
2957 silly tarball no local data for array-buffer-byte-length@https://registry.npmmirror.com/array-buffer-byte-length/-/array-buffer-byte-length-1.0.2.tgz. Extracting by manifest.
2958 silly tarball no local data for define-data-property@https://registry.npmmirror.com/define-data-property/-/define-data-property-1.1.4.tgz. Extracting by manifest.
2959 silly tarball no local data for available-typed-arrays@https://registry.npmmirror.com/available-typed-arrays/-/available-typed-arrays-1.0.7.tgz. Extracting by manifest.
2960 silly tarball no local data for has-property-descriptors@https://registry.npmmirror.com/has-property-descriptors/-/has-property-descriptors-1.0.2.tgz. Extracting by manifest.
2961 silly tarball no local data for object-keys@https://registry.npmmirror.com/object-keys/-/object-keys-1.1.1.tgz. Extracting by manifest.
2962 silly tarball no local data for set-function-length@https://registry.npmmirror.com/set-function-length/-/set-function-length-1.2.2.tgz. Extracting by manifest.
2963 silly tarball no local data for function-bind@https://registry.npmmirror.com/function-bind/-/function-bind-1.1.2.tgz. Extracting by manifest.
2964 silly tarball no local data for es-define-property@https://registry.npmmirror.com/es-define-property/-/es-define-property-1.0.1.tgz. Extracting by manifest.
2965 silly tarball no local data for get-symbol-description@https://registry.npmmirror.com/get-symbol-description/-/get-symbol-description-1.1.0.tgz. Extracting by manifest.
2966 silly tarball no local data for es-shim-unscopables@https://registry.npmmirror.com/es-shim-unscopables/-/es-shim-unscopables-1.1.0.tgz. Extracting by manifest.
2967 silly tarball no local data for es-errors@https://registry.npmmirror.com/es-errors/-/es-errors-1.3.0.tgz. Extracting by manifest.
2968 silly tarball no local data for math-intrinsics@https://registry.npmmirror.com/math-intrinsics/-/math-intrinsics-1.1.0.tgz. Extracting by manifest.
2969 silly tarball no local data for call-bind-apply-helpers@https://registry.npmmirror.com/call-bind-apply-helpers/-/call-bind-apply-helpers-1.0.2.tgz. Extracting by manifest.
2970 silly tarball no local data for get-intrinsic@https://registry.npmmirror.com/get-intrinsic/-/get-intrinsic-1.3.0.tgz. Extracting by manifest.
2971 silly tarball no local data for es-object-atoms@https://registry.npmmirror.com/es-object-atoms/-/es-object-atoms-1.1.1.tgz. Extracting by manifest.
2972 silly tarball no local data for gopd@https://registry.npmmirror.com/gopd/-/gopd-1.2.0.tgz. Extracting by manifest.
2973 silly tarball no local data for es-abstract@https://registry.npmmirror.com/es-abstract/-/es-abstract-1.24.2.tgz. Extracting by manifest.
2974 silly tarball no local data for call-bind@https://registry.npmmirror.com/call-bind/-/call-bind-1.0.9.tgz. Extracting by manifest.
2975 silly tarball no local data for call-bound@https://registry.npmmirror.com/call-bound/-/call-bound-1.0.4.tgz. Extracting by manifest.
2976 silly tarball no local data for semver@https://registry.npmmirror.com/semver/-/semver-6.3.1.tgz. Extracting by manifest.
2977 silly tarball no local data for string.prototype.trimend@https://registry.npmmirror.com/string.prototype.trimend/-/string.prototype.trimend-1.0.9.tgz. Extracting by manifest.
2978 silly tarball no local data for object.groupby@https://registry.npmmirror.com/object.groupby/-/object.groupby-1.0.3.tgz. Extracting by manifest.
2979 silly tarball no local data for hasown@https://registry.npmmirror.com/hasown/-/hasown-2.0.3.tgz. Extracting by manifest.
2980 silly tarball no local data for object.fromentries@https://registry.npmmirror.com/object.fromentries/-/object.fromentries-2.0.8.tgz. Extracting by manifest.
2981 silly tarball no local data for is-string@https://registry.npmmirror.com/is-string/-/is-string-1.1.1.tgz. Extracting by manifest.
2982 silly tarball no local data for tsconfig-paths@https://registry.npmmirror.com/tsconfig-paths/-/tsconfig-paths-3.15.0.tgz. Extracting by manifest.
2983 silly tarball no local data for object.values@https://registry.npmmirror.com/object.values/-/object.values-1.2.1.tgz. Extracting by manifest.
2984 silly tarball no local data for doctrine@https://registry.npmmirror.com/doctrine/-/doctrine-2.1.0.tgz. Extracting by manifest.
2985 silly tarball no local data for eslint-module-utils@https://registry.npmmirror.com/eslint-module-utils/-/eslint-module-utils-2.12.1.tgz. Extracting by manifest.
2986 silly tarball no local data for array.prototype.flat@https://registry.npmmirror.com/array.prototype.flat/-/array.prototype.flat-1.3.3.tgz. Extracting by manifest.
2987 silly tarball no local data for array.prototype.flatmap@https://registry.npmmirror.com/array.prototype.flatmap/-/array.prototype.flatmap-1.3.3.tgz. Extracting by manifest.
2988 silly tarball no local data for array.prototype.findlastindex@https://registry.npmmirror.com/array.prototype.findlastindex/-/array.prototype.findlastindex-1.2.6.tgz. Extracting by manifest.
2989 silly tarball no local data for @rtsao/scc@https://registry.npmmirror.com/@rtsao/scc/-/scc-1.1.0.tgz. Extracting by manifest.
2990 silly tarball no local data for unrs-resolver@https://registry.npmmirror.com/unrs-resolver/-/unrs-resolver-1.11.1.tgz. Extracting by manifest.
2991 silly tarball no local data for tinyglobby@https://registry.npmmirror.com/tinyglobby/-/tinyglobby-0.2.16.tgz. Extracting by manifest.
2992 silly tarball no local data for is-bun-module@https://registry.npmmirror.com/is-bun-module/-/is-bun-module-2.0.0.tgz. Extracting by manifest.
2993 silly tarball no local data for get-tsconfig@https://registry.npmmirror.com/get-tsconfig/-/get-tsconfig-4.14.0.tgz. Extracting by manifest.
2994 silly tarball no local data for define-properties@https://registry.npmmirror.com/define-properties/-/define-properties-1.2.1.tgz. Extracting by manifest.
2995 silly tarball no local data for stable-hash@https://registry.npmmirror.com/stable-hash/-/stable-hash-0.0.5.tgz. Extracting by manifest.
2996 silly tarball no local data for resolve@https://registry.npmmirror.com/resolve/-/resolve-2.0.0-next.6.tgz. Extracting by manifest.
2997 silly tarball no local data for array-includes@https://registry.npmmirror.com/array-includes/-/array-includes-3.1.9.tgz. Extracting by manifest.
2998 silly tarball no local data for @nolyfill/is-core-module@https://registry.npmmirror.com/@nolyfill/is-core-module/-/is-core-module-1.0.39.tgz. Extracting by manifest.
2999 silly tarball no local data for eslint-plugin-react-hooks@https://registry.npmmirror.com/eslint-plugin-react-hooks/-/eslint-plugin-react-hooks-7.1.1.tgz. Extracting by manifest.
3000 silly tarball no local data for typescript-eslint@https://registry.npmmirror.com/typescript-eslint/-/typescript-eslint-8.59.1.tgz. Extracting by manifest.
3001 silly tarball no local data for is-core-module@https://registry.npmmirror.com/is-core-module/-/is-core-module-2.16.1.tgz. Extracting by manifest.
3002 silly tarball no local data for eslint-plugin-react@https://registry.npmmirror.com/eslint-plugin-react/-/eslint-plugin-react-7.37.5.tgz. Extracting by manifest.
3003 silly tarball no local data for eslint-plugin-import@https://registry.npmmirror.com/eslint-plugin-import/-/eslint-plugin-import-2.32.0.tgz. Extracting by manifest.
3004 silly tarball no local data for eslint-plugin-jsx-a11y@https://registry.npmmirror.com/eslint-plugin-jsx-a11y/-/eslint-plugin-jsx-a11y-6.10.2.tgz. Extracting by manifest.
3005 silly tarball no local data for fast-glob@https://registry.npmmirror.com/fast-glob/-/fast-glob-3.3.1.tgz. Extracting by manifest.
3006 silly tarball no local data for which@https://registry.npmmirror.com/which/-/which-2.0.2.tgz. Extracting by manifest.
3007 silly tarball no local data for @next/eslint-plugin-next@https://registry.npmmirror.com/@next/eslint-plugin-next/-/eslint-plugin-next-16.2.4.tgz. Extracting by manifest.
3008 silly tarball no local data for shebang-command@https://registry.npmmirror.com/shebang-command/-/shebang-command-2.0.0.tgz. Extracting by manifest.
3009 silly tarball no local data for path-key@https://registry.npmmirror.com/path-key/-/path-key-3.1.1.tgz. Extracting by manifest.
3010 silly tarball no local data for color-name@https://registry.npmmirror.com/color-name/-/color-name-1.1.4.tgz. Extracting by manifest.
3011 silly tarball no local data for ms@https://registry.npmmirror.com/ms/-/ms-2.1.3.tgz. Extracting by manifest.
3012 silly tarball no local data for eslint-import-resolver-typescript@https://registry.npmmirror.com/eslint-import-resolver-typescript/-/eslint-import-resolver-typescript-3.10.1.tgz. Extracting by manifest.
3013 silly tarball no local data for color-convert@https://registry.npmmirror.com/color-convert/-/color-convert-2.0.1.tgz. Extracting by manifest.
3014 silly tarball no local data for uri-js@https://registry.npmmirror.com/uri-js/-/uri-js-4.4.1.tgz. Extracting by manifest.
3015 silly tarball no local data for supports-color@https://registry.npmmirror.com/supports-color/-/supports-color-7.2.0.tgz. Extracting by manifest.
3016 silly tarball no local data for fast-json-stable-stringify@https://registry.npmmirror.com/fast-json-stable-stringify/-/fast-json-stable-stringify-2.1.0.tgz. Extracting by manifest.
3017 silly tarball no local data for @humanfs/types@https://registry.npmmirror.com/@humanfs/types/-/types-0.15.0.tgz. Extracting by manifest.
3018 silly tarball no local data for json-schema-traverse@https://registry.npmmirror.com/json-schema-traverse/-/json-schema-traverse-0.4.1.tgz. Extracting by manifest.
3019 silly tarball no local data for levn@https://registry.npmmirror.com/levn/-/levn-0.4.1.tgz. Extracting by manifest.
3020 silly tarball no local data for @humanfs/core@https://registry.npmmirror.com/@humanfs/core/-/core-0.19.2.tgz. Extracting by manifest.
3021 silly tarball no local data for ansi-styles@https://registry.npmmirror.com/ansi-styles/-/ansi-styles-4.3.0.tgz. Extracting by manifest.
3022 silly tarball no local data for strip-json-comments@https://registry.npmmirror.com/strip-json-comments/-/strip-json-comments-3.1.1.tgz. Extracting by manifest.
3023 silly tarball no local data for import-fresh@https://registry.npmmirror.com/import-fresh/-/import-fresh-3.3.1.tgz. Extracting by manifest.
3024 silly tarball no local data for @types/json-schema@https://registry.npmmirror.com/@types/json-schema/-/json-schema-7.0.15.tgz. Extracting by manifest.
3025 silly tarball no local data for js-yaml@https://registry.npmmirror.com/js-yaml/-/js-yaml-4.1.1.tgz. Extracting by manifest.
3026 silly tarball no local data for globals@https://registry.npmmirror.com/globals/-/globals-14.0.0.tgz. Extracting by manifest.
3027 silly tarball no local data for optionator@https://registry.npmmirror.com/optionator/-/optionator-0.9.4.tgz. Extracting by manifest.
3028 silly tarball no local data for @eslint/object-schema@https://registry.npmmirror.com/@eslint/object-schema/-/object-schema-2.1.7.tgz. Extracting by manifest.
3029 silly tarball no local data for lodash.merge@https://registry.npmmirror.com/lodash.merge/-/lodash.merge-4.6.2.tgz. Extracting by manifest.
3030 silly tarball no local data for minimatch@https://registry.npmmirror.com/minimatch/-/minimatch-3.1.5.tgz. Extracting by manifest.
3031 silly tarball no local data for ignore@https://registry.npmmirror.com/ignore/-/ignore-5.3.2.tgz. Extracting by manifest.
3032 silly tarball no local data for imurmurhash@https://registry.npmmirror.com/imurmurhash/-/imurmurhash-0.1.4.tgz. Extracting by manifest.
3033 silly tarball no local data for is-glob@https://registry.npmmirror.com/is-glob/-/is-glob-4.0.3.tgz. Extracting by manifest.
3034 silly tarball no local data for eslint-import-resolver-node@https://registry.npmmirror.com/eslint-import-resolver-node/-/eslint-import-resolver-node-0.3.10.tgz. Extracting by manifest.
3035 silly tarball no local data for find-up@https://registry.npmmirror.com/find-up/-/find-up-5.0.0.tgz. Extracting by manifest.
3036 silly tarball no local data for json-stable-stringify-without-jsonify@https://registry.npmmirror.com/json-stable-stringify-without-jsonify/-/json-stable-stringify-without-jsonify-1.0.1.tgz. Extracting by manifest.
3037 silly tarball no local data for natural-compare@https://registry.npmmirror.com/natural-compare/-/natural-compare-1.4.0.tgz. Extracting by manifest.
3038 silly tarball no local data for file-entry-cache@https://registry.npmmirror.com/file-entry-cache/-/file-entry-cache-8.0.0.tgz. Extracting by manifest.
3039 silly tarball no local data for fast-deep-equal@https://registry.npmmirror.com/fast-deep-equal/-/fast-deep-equal-3.1.3.tgz. Extracting by manifest.
3040 silly tarball no local data for espree@https://registry.npmmirror.com/espree/-/espree-10.4.0.tgz. Extracting by manifest.
3041 silly tarball no local data for esutils@https://registry.npmmirror.com/esutils/-/esutils-2.0.3.tgz. Extracting by manifest.
3042 silly tarball no local data for glob-parent@https://registry.npmmirror.com/glob-parent/-/glob-parent-6.0.2.tgz. Extracting by manifest.
3043 silly tarball no local data for eslint-visitor-keys@https://registry.npmmirror.com/eslint-visitor-keys/-/eslint-visitor-keys-4.2.1.tgz. Extracting by manifest.
3044 silly tarball no local data for escape-string-regexp@https://registry.npmmirror.com/escape-string-regexp/-/escape-string-regexp-4.0.0.tgz. Extracting by manifest.
3045 silly tarball no local data for cross-spawn@https://registry.npmmirror.com/cross-spawn/-/cross-spawn-7.0.6.tgz. Extracting by manifest.
3046 silly tarball no local data for debug@https://registry.npmmirror.com/debug/-/debug-4.4.3.tgz. Extracting by manifest.
3047 silly tarball no local data for ajv@https://registry.npmmirror.com/ajv/-/ajv-6.15.0.tgz. Extracting by manifest.
3048 silly tarball no local data for chalk@https://registry.npmmirror.com/chalk/-/chalk-4.1.2.tgz. Extracting by manifest.
3049 silly tarball no local data for @types/estree@https://registry.npmmirror.com/@types/estree/-/estree-1.0.8.tgz. Extracting by manifest.
3050 silly tarball no local data for @humanwhocodes/module-importer@https://registry.npmmirror.com/@humanwhocodes/module-importer/-/module-importer-1.0.1.tgz. Extracting by manifest.
3051 silly tarball no local data for esquery@https://registry.npmmirror.com/esquery/-/esquery-1.7.0.tgz. Extracting by manifest.
3052 silly tarball no local data for @humanfs/node@https://registry.npmmirror.com/@humanfs/node/-/node-0.16.8.tgz. Extracting by manifest.
3053 silly tarball no local data for @eslint/plugin-kit@https://registry.npmmirror.com/@eslint/plugin-kit/-/plugin-kit-0.4.1.tgz. Extracting by manifest.
3054 silly tarball no local data for @humanwhocodes/retry@https://registry.npmmirror.com/@humanwhocodes/retry/-/retry-0.4.3.tgz. Extracting by manifest.
3055 silly tarball no local data for @eslint/eslintrc@https://registry.npmmirror.com/@eslint/eslintrc/-/eslintrc-3.3.5.tgz. Extracting by manifest.
3056 silly tarball no local data for @eslint/js@https://registry.npmmirror.com/@eslint/js/-/js-9.39.4.tgz. Extracting by manifest.
3057 silly tarball no local data for @eslint/core@https://registry.npmmirror.com/@eslint/core/-/core-0.17.0.tgz. Extracting by manifest.
3058 silly tarball no local data for @eslint/config-helpers@https://registry.npmmirror.com/@eslint/config-helpers/-/config-helpers-0.4.2.tgz. Extracting by manifest.
3059 silly tarball no local data for @eslint-community/regexpp@https://registry.npmmirror.com/@eslint-community/regexpp/-/regexpp-4.12.2.tgz. Extracting by manifest.
3060 silly tarball no local data for @eslint-community/eslint-utils@https://registry.npmmirror.com/@eslint-community/eslint-utils/-/eslint-utils-4.9.1.tgz. Extracting by manifest.
3061 silly tarball no local data for eslint-scope@https://registry.npmmirror.com/eslint-scope/-/eslint-scope-8.4.0.tgz. Extracting by manifest.
3062 silly tarball no local data for tapable@https://registry.npmmirror.com/tapable/-/tapable-2.3.3.tgz. Extracting by manifest.
3063 silly tarball no local data for @eslint/config-array@https://registry.npmmirror.com/@eslint/config-array/-/config-array-0.21.2.tgz. Extracting by manifest.
3064 silly tarball no local data for csstype@https://registry.npmmirror.com/csstype/-/csstype-3.2.3.tgz. Extracting by manifest.
3065 silly tarball no local data for undici-types@https://registry.npmmirror.com/undici-types/-/undici-types-6.21.0.tgz. Extracting by manifest.
3066 silly tarball no local data for graceful-fs@https://registry.npmmirror.com/graceful-fs/-/graceful-fs-4.2.11.tgz. Extracting by manifest.
3067 silly tarball no local data for @jridgewell/trace-mapping@https://registry.npmmirror.com/@jridgewell/trace-mapping/-/trace-mapping-0.3.31.tgz. Extracting by manifest.
3068 silly tarball no local data for @jridgewell/gen-mapping@https://registry.npmmirror.com/@jridgewell/gen-mapping/-/gen-mapping-0.3.13.tgz. Extracting by manifest.
3069 silly tarball no local data for @tailwindcss/oxide-darwin-arm64@https://registry.npmmirror.com/@tailwindcss/oxide-darwin-arm64/-/oxide-darwin-arm64-4.2.4.tgz. Extracting by manifest.
3070 silly tarball no local data for source-map-js@https://registry.npmmirror.com/source-map-js/-/source-map-js-1.2.1.tgz. Extracting by manifest.
3071 silly tarball no local data for @jridgewell/resolve-uri@https://registry.npmmirror.com/@jridgewell/resolve-uri/-/resolve-uri-3.1.2.tgz. Extracting by manifest.
3072 silly tarball no local data for lightningcss@https://registry.npmmirror.com/lightningcss/-/lightningcss-1.32.0.tgz. Extracting by manifest.
3073 silly tarball no local data for jiti@https://registry.npmmirror.com/jiti/-/jiti-2.6.1.tgz. Extracting by manifest.
3074 silly tarball no local data for @jridgewell/sourcemap-codec@https://registry.npmmirror.com/@jridgewell/sourcemap-codec/-/sourcemap-codec-1.5.5.tgz. Extracting by manifest.
3075 silly tarball no local data for enhanced-resolve@https://registry.npmmirror.com/enhanced-resolve/-/enhanced-resolve-5.21.0.tgz. Extracting by manifest.
3076 silly tarball no local data for postcss@https://registry.npmmirror.com/postcss/-/postcss-8.5.12.tgz. Extracting by manifest.
3077 silly tarball no local data for @alloc/quick-lru@https://registry.npmmirror.com/@alloc/quick-lru/-/quick-lru-5.2.0.tgz. Extracting by manifest.
3078 silly tarball no local data for @jridgewell/remapping@https://registry.npmmirror.com/@jridgewell/remapping/-/remapping-2.3.5.tgz. Extracting by manifest.
3079 silly tarball no local data for magic-string@https://registry.npmmirror.com/magic-string/-/magic-string-0.30.21.tgz. Extracting by manifest.
3080 silly tarball no local data for @tailwindcss/oxide@https://registry.npmmirror.com/@tailwindcss/oxide/-/oxide-4.2.4.tgz. Extracting by manifest.
3081 silly tarball no local data for @tailwindcss/node@https://registry.npmmirror.com/@tailwindcss/node/-/node-4.2.4.tgz. Extracting by manifest.
3082 silly tarball no local data for typescript@https://registry.npmmirror.com/typescript/-/typescript-5.9.3.tgz. Extracting by manifest.
3083 silly tarball no local data for react-dom@https://registry.npmmirror.com/react-dom/-/react-dom-19.2.4.tgz. Extracting by manifest.
3084 silly tarball no local data for tailwindcss@https://registry.npmmirror.com/tailwindcss/-/tailwindcss-4.2.4.tgz. Extracting by manifest.
3085 silly tarball no local data for next@https://registry.npmmirror.com/next/-/next-16.2.4.tgz. Extracting by manifest.
3086 silly tarball no local data for react@https://registry.npmmirror.com/react/-/react-19.2.4.tgz. Extracting by manifest.
3087 silly tarball no local data for eslint-config-next@https://registry.npmmirror.com/eslint-config-next/-/eslint-config-next-16.2.4.tgz. Extracting by manifest.
3088 silly tarball no local data for eslint@https://registry.npmmirror.com/eslint/-/eslint-9.39.4.tgz. Extracting by manifest.
3089 silly tarball no local data for @types/react-dom@https://registry.npmmirror.com/@types/react-dom/-/react-dom-19.2.3.tgz. Extracting by manifest.
3090 silly tarball no local data for @types/react@https://registry.npmmirror.com/@types/react/-/react-19.2.14.tgz. Extracting by manifest.
3091 silly tarball no local data for @types/node@https://registry.npmmirror.com/@types/node/-/node-20.19.39.tgz. Extracting by manifest.
3092 silly tarball no local data for @tailwindcss/postcss@https://registry.npmmirror.com/@tailwindcss/postcss/-/postcss-4.2.4.tgz. Extracting by manifest.
3093 silly tarball no local data for eslint-visitor-keys@https://registry.npmmirror.com/eslint-visitor-keys/-/eslint-visitor-keys-5.0.1.tgz. Extracting by manifest.
3094 silly tarball no local data for semver@https://registry.npmmirror.com/semver/-/semver-7.7.4.tgz. Extracting by manifest.
3095 silly tarball no local data for minimatch@https://registry.npmmirror.com/minimatch/-/minimatch-10.2.5.tgz. Extracting by manifest.
3096 silly tarball no local data for ignore@https://registry.npmmirror.com/ignore/-/ignore-7.0.5.tgz. Extracting by manifest.
3097 silly tarball no local data for semver@https://registry.npmmirror.com/semver/-/semver-7.7.4.tgz. Extracting by manifest.
3098 silly tarball no local data for brace-expansion@https://registry.npmmirror.com/brace-expansion/-/brace-expansion-5.0.5.tgz. Extracting by manifest.
3099 silly tarball no local data for json5@https://registry.npmmirror.com/json5/-/json5-1.0.2.tgz. Extracting by manifest.
3100 silly tarball no local data for debug@https://registry.npmmirror.com/debug/-/debug-3.2.7.tgz. Extracting by manifest.
3101 silly tarball no local data for picomatch@https://registry.npmmirror.com/picomatch/-/picomatch-4.0.4.tgz. Extracting by manifest.
3102 silly tarball no local data for semver@https://registry.npmmirror.com/semver/-/semver-7.7.4.tgz. Extracting by manifest.
3103 silly tarball no local data for glob-parent@https://registry.npmmirror.com/glob-parent/-/glob-parent-5.1.2.tgz. Extracting by manifest.
3104 silly tarball no local data for debug@https://registry.npmmirror.com/debug/-/debug-3.2.7.tgz. Extracting by manifest.
3105 silly tarball no local data for fdir@https://registry.npmmirror.com/fdir/-/fdir-6.5.0.tgz. Extracting by manifest.
3106 silly tarball no local data for eslint-visitor-keys@https://registry.npmmirror.com/eslint-visitor-keys/-/eslint-visitor-keys-3.4.3.tgz. Extracting by manifest.
3107 silly tarball no local data for debug@https://registry.npmmirror.com/debug/-/debug-3.2.7.tgz. Extracting by manifest.
3108 silly tarball no local data for balanced-match@https://registry.npmmirror.com/balanced-match/-/balanced-match-4.0.4.tgz. Extracting by manifest.
3109 silly tarball no local data for postcss@https://registry.npmmirror.com/postcss/-/postcss-8.4.31.tgz. Extracting by manifest.
3110 silly tarball no local data for globals@https://registry.npmmirror.com/globals/-/globals-16.4.0.tgz. Extracting by manifest.
3111 http fetch GET 200 https://cdn.npmmirror.com/packages/is-map/2.0.3/is-map-2.0.3.tgz 202ms (cache miss)
3112 http fetch GET 200 https://cdn.npmmirror.com/packages/is-weakset/2.0.4/is-weakset-2.0.4.tgz 204ms (cache miss)
3113 http fetch GET 200 https://cdn.npmmirror.com/packages/is-boolean-object/1.2.2/is-boolean-object-1.2.2.tgz 203ms (cache miss)
3114 http fetch GET 200 https://cdn.npmmirror.com/packages/is-async-function/2.1.1/is-async-function-2.1.1.tgz 203ms (cache miss)
3115 http fetch GET 200 https://cdn.npmmirror.com/packages/which-collection/1.0.2/which-collection-1.0.2.tgz 203ms (cache miss)
3116 http fetch GET 200 https://cdn.npmmirror.com/packages/async-function/1.0.0/async-function-1.0.0.tgz 209ms (cache miss)
3117 http fetch GET 200 https://cdn.npmmirror.com/packages/is-generator-function/1.1.2/is-generator-function-1.1.2.tgz 213ms (cache miss)
3118 http fetch GET 200 https://cdn.npmmirror.com/packages/is-weakmap/2.0.2/is-weakmap-2.0.2.tgz 216ms (cache miss)
3119 http fetch GET 200 https://cdn.npmmirror.com/packages/is-finalizationregistry/1.1.1/is-finalizationregistry-1.1.1.tgz 221ms (cache miss)
3120 http fetch GET 200 https://cdn.npmmirror.com/packages/%40typescript-eslint/tsconfig-utils/8.59.1/tsconfig-utils-8.59.1.tgz 220ms (cache miss)
3121 http fetch GET 200 https://cdn.npmmirror.com/packages/generator-function/2.0.1/generator-function-2.0.1.tgz 232ms (cache miss)
3122 http fetch GET 200 https://cdn.npmmirror.com/packages/%40typescript-eslint/project-service/8.59.1/project-service-8.59.1.tgz 231ms (cache miss)
3123 http fetch GET 200 https://cdn.npmmirror.com/packages/escalade/3.2.0/escalade-3.2.0.tgz 236ms (cache miss)
3124 http fetch GET 200 https://cdn.npmmirror.com/packages/punycode/2.3.1/punycode-2.3.1.tgz 236ms (cache miss)
3125 http fetch GET 200 https://cdn.npmmirror.com/packages/is-bigint/1.1.0/is-bigint-1.1.0.tgz 238ms (cache miss)
3126 http fetch GET 200 https://cdn.npmmirror.com/packages/has-bigints/1.1.0/has-bigints-1.1.0.tgz 239ms (cache miss)
3127 http fetch GET 200 https://cdn.npmmirror.com/packages/which-boxed-primitive/1.1.1/which-boxed-primitive-1.1.1.tgz 239ms (cache miss)
3128 http fetch GET 200 https://cdn.npmmirror.com/packages/is-number-object/1.1.1/is-number-object-1.1.1.tgz 241ms (cache miss)
3129 http fetch GET 200 https://cdn.npmmirror.com/packages/napi-postinstall/0.3.4/napi-postinstall-0.3.4.tgz 241ms (cache miss)
3130 http fetch GET 200 https://cdn.npmmirror.com/packages/%40typescript-eslint/visitor-keys/8.59.1/visitor-keys-8.59.1.tgz 247ms (cache miss)
3131 http fetch GET 200 https://cdn.npmmirror.com/packages/%40emnapi/wasi-threads/1.2.1/wasi-threads-1.2.1.tgz 250ms (cache miss)
3132 http fetch GET 200 https://cdn.npmmirror.com/packages/isexe/2.0.0/isexe-2.0.0.tgz 256ms (cache miss)
3133 http fetch GET 200 https://cdn.npmmirror.com/packages/%40types/json5/0.0.29/json5-0.0.29.tgz 264ms (cache miss)
3134 http fetch GET 200 https://cdn.npmmirror.com/packages/%40typescript-eslint/types/8.59.1/types-8.59.1.tgz 265ms (cache miss)
3135 http fetch GET 200 https://cdn.npmmirror.com/packages/%40tybys/wasm-util/0.10.1/wasm-util-0.10.1.tgz 268ms (cache miss)
3136 http fetch GET 200 https://cdn.npmmirror.com/packages/side-channel-list/1.0.1/side-channel-list-1.0.1.tgz 270ms (cache miss)
3137 http fetch GET 200 https://cdn.npmmirror.com/packages/has-flag/4.0.0/has-flag-4.0.0.tgz 270ms (cache miss)
3138 http fetch GET 200 https://cdn.npmmirror.com/packages/ts-api-utils/2.5.0/ts-api-utils-2.5.0.tgz 272ms (cache miss)
3139 http fetch GET 200 https://cdn.npmmirror.com/packages/%40typescript-eslint/parser/8.59.1/parser-8.59.1.tgz 275ms (cache miss)
3140 http fetch GET 200 https://cdn.npmmirror.com/packages/reflect.getprototypeof/1.0.10/reflect.getprototypeof-1.0.10.tgz 276ms (cache miss)
3141 http fetch GET 200 https://cdn.npmmirror.com/packages/which-builtin-type/1.2.1/which-builtin-type-1.2.1.tgz 279ms (cache miss)
3142 http fetch GET 200 https://cdn.npmmirror.com/packages/%40typescript-eslint/type-utils/8.59.1/type-utils-8.59.1.tgz 282ms (cache miss)
3143 http fetch GET 200 https://cdn.npmmirror.com/packages/strip-bom/3.0.0/strip-bom-3.0.0.tgz 299ms (cache miss)
3144 http fetch GET 200 https://cdn.npmmirror.com/packages/client-only/0.0.1/client-only-0.0.1.tgz 302ms (cache miss)
3145 http fetch GET 200 https://cdn.npmmirror.com/packages/side-channel-map/1.0.1/side-channel-map-1.0.1.tgz 306ms (cache miss)
3146 http fetch GET 200 https://cdn.npmmirror.com/packages/is-number/7.0.0/is-number-7.0.0.tgz 307ms (cache miss)
3147 http fetch GET 200 https://cdn.npmmirror.com/packages/for-each/0.3.5/for-each-0.3.5.tgz 313ms (cache miss)
3148 http fetch GET 200 https://cdn.npmmirror.com/packages/%40typescript-eslint/utils/8.59.1/utils-8.59.1.tgz 332ms (cache miss)
3149 http fetch GET 200 https://cdn.npmmirror.com/packages/yocto-queue/0.1.0/yocto-queue-0.1.0.tgz 351ms (cache miss)
3150 http fetch GET 200 https://cdn.npmmirror.com/packages/side-channel-weakmap/1.0.2/side-channel-weakmap-1.0.2.tgz 352ms (cache miss)
3151 http fetch GET 200 https://cdn.npmmirror.com/packages/node-exports-info/1.6.0/node-exports-info-1.6.0.tgz 355ms (cache miss)
3152 http fetch GET 200 https://cdn.npmmirror.com/packages/minimist/1.2.8/minimist-1.2.8.tgz 356ms (cache miss)
3153 http fetch GET 200 https://cdn.npmmirror.com/packages/path-parse/1.0.7/path-parse-1.0.7.tgz 392ms (cache miss)
3154 http fetch GET 200 https://cdn.npmmirror.com/packages/isarray/2.0.5/isarray-2.0.5.tgz 399ms (cache miss)
3155 http fetch GET 200 https://cdn.npmmirror.com/packages/queue-microtask/1.2.3/queue-microtask-1.2.3.tgz 398ms (cache miss)
3156 http fetch GET 200 https://cdn.npmmirror.com/packages/supports-preserve-symlinks-flag/1.0.0/supports-preserve-symlinks-flag-1.0.0.tgz 419ms (cache miss)
3157 http fetch GET 200 https://cdn.npmmirror.com/packages/%40napi-rs/wasm-runtime/0.2.12/wasm-runtime-0.2.12.tgz 428ms (cache miss)
3158 http fetch GET 200 https://cdn.npmmirror.com/packages/%40unrs/resolver-binding-darwin-arm64/1.11.1/resolver-binding-darwin-arm64-1.11.1.tgz 454ms (cache miss)
3159 http fetch GET 200 https://cdn.npmmirror.com/packages/%40typescript-eslint/scope-manager/8.59.1/scope-manager-8.59.1.tgz 455ms (cache miss)
3160 http fetch GET 200 https://cdn.npmmirror.com/packages/%40typescript-eslint/typescript-estree/8.59.1/typescript-estree-8.59.1.tgz 454ms (cache miss)
3161 http fetch GET 200 https://cdn.npmmirror.com/packages/%40emnapi/core/1.10.0/core-1.10.0.tgz 459ms (cache miss)
3162 http fetch GET 200 https://cdn.npmmirror.com/packages/%40emnapi/runtime/1.10.0/runtime-1.10.0.tgz 478ms (cache miss)
3163 http fetch GET 200 https://cdn.npmmirror.com/packages/object-assign/4.1.1/object-assign-4.1.1.tgz 507ms (cache miss)
3164 http fetch GET 200 https://cdn.npmmirror.com/packages/p-limit/3.1.0/p-limit-3.1.0.tgz 512ms (cache miss)
3165 http fetch GET 200 https://cdn.npmmirror.com/packages/loose-envify/1.4.0/loose-envify-1.4.0.tgz 522ms (cache miss)
3166 http fetch GET 200 https://cdn.npmmirror.com/packages/react-is/16.13.1/react-is-16.13.1.tgz 524ms (cache miss)
3167 http fetch GET 200 https://cdn.npmmirror.com/packages/callsites/3.1.0/callsites-3.1.0.tgz 526ms (cache miss)
3168 http fetch GET 200 https://cdn.npmmirror.com/packages/word-wrap/1.2.5/word-wrap-1.2.5.tgz 530ms (cache miss)
3169 http fetch GET 200 https://cdn.npmmirror.com/packages/nanoid/3.3.11/nanoid-3.3.11.tgz 535ms (cache miss)
3170 http fetch GET 200 https://cdn.npmmirror.com/packages/deep-is/0.1.4/deep-is-0.1.4.tgz 535ms (cache miss)
3171 http fetch GET 200 https://cdn.npmmirror.com/packages/%40img/sharp-darwin-arm64/0.34.5/sharp-darwin-arm64-0.34.5.tgz 537ms (cache miss)
3172 http fetch GET 200 https://cdn.npmmirror.com/packages/%40img/colour/1.1.0/colour-1.1.0.tgz 536ms (cache miss)
3173 http fetch GET 200 https://cdn.npmmirror.com/packages/fast-levenshtein/2.0.6/fast-levenshtein-2.0.6.tgz 535ms (cache miss)
3174 http fetch GET 200 https://cdn.npmmirror.com/packages/scheduler/0.27.0/scheduler-0.27.0.tgz 537ms (cache miss)
3175 http fetch GET 200 https://cdn.npmmirror.com/packages/tslib/2.8.1/tslib-2.8.1.tgz 537ms (cache miss)
3176 http fetch GET 200 https://cdn.npmmirror.com/packages/sharp/0.34.5/sharp-0.34.5.tgz 544ms (cache miss)
3177 http fetch GET 200 https://cdn.npmmirror.com/packages/balanced-match/1.0.2/balanced-match-1.0.2.tgz 553ms (cache miss)
3178 http fetch GET 200 https://cdn.npmmirror.com/packages/shebang-regex/3.0.0/shebang-regex-3.0.0.tgz 554ms (cache miss)
3179 http fetch GET 200 https://cdn.npmmirror.com/packages/p-locate/5.0.0/p-locate-5.0.0.tgz 557ms (cache miss)
3180 http fetch GET 200 https://cdn.npmmirror.com/packages/concat-map/0.0.1/concat-map-0.0.1.tgz 562ms (cache miss)
3181 http fetch GET 200 https://cdn.npmmirror.com/packages/%40next/env/16.2.4/env-16.2.4.tgz 567ms (cache miss)
3182 http fetch GET 200 https://cdn.npmmirror.com/packages/fill-range/7.1.1/fill-range-7.1.1.tgz 566ms (cache miss)
3183 http fetch GET 200 https://cdn.npmmirror.com/packages/yallist/3.1.1/yallist-3.1.1.tgz 566ms (cache miss)
3184 http fetch GET 200 https://cdn.npmmirror.com/packages/styled-jsx/5.1.6/styled-jsx-5.1.6.tgz 569ms (cache miss)
3185 http fetch GET 200 https://cdn.npmmirror.com/packages/%40typescript-eslint/eslint-plugin/8.59.1/eslint-plugin-8.59.1.tgz 572ms (cache miss)
3186 http fetch GET 200 https://cdn.npmmirror.com/packages/to-regex-range/5.0.1/to-regex-range-5.0.1.tgz 651ms (cache miss)
3187 http fetch GET 200 https://cdn.npmmirror.com/packages/detect-libc/2.1.2/detect-libc-2.1.2.tgz 665ms (cache miss)
3188 http fetch GET 200 https://cdn.npmmirror.com/packages/picomatch/2.3.2/picomatch-2.3.2.tgz 670ms (cache miss)
3189 http fetch GET 200 https://cdn.npmmirror.com/packages/language-subtag-registry/0.3.23/language-subtag-registry-0.3.23.tgz 675ms (cache miss)
3190 http fetch GET 200 https://cdn.npmmirror.com/packages/braces/3.0.3/braces-3.0.3.tgz 690ms (cache miss)
3191 http fetch GET 200 https://cdn.npmmirror.com/packages/%40swc/helpers/0.5.15/helpers-0.5.15.tgz 748ms (cache miss)
3192 http fetch GET 200 https://cdn.npmmirror.com/packages/set-function-name/2.0.2/set-function-name-2.0.2.tgz 776ms (cache miss)
3193 http fetch GET 200 https://cdn.npmmirror.com/packages/is-extglob/2.1.1/is-extglob-2.1.1.tgz 778ms (cache miss)
3194 http fetch GET 200 https://cdn.npmmirror.com/packages/resolve-pkg-maps/1.0.0/resolve-pkg-maps-1.0.0.tgz 781ms (cache miss)
3195 http fetch GET 200 https://cdn.npmmirror.com/packages/flatted/3.4.2/flatted-3.4.2.tgz 781ms (cache miss)
3196 http fetch GET 200 https://cdn.npmmirror.com/packages/side-channel/1.1.0/side-channel-1.1.0.tgz 782ms (cache miss)
3197 http fetch GET 200 https://cdn.npmmirror.com/packages/json-buffer/3.0.1/json-buffer-3.0.1.tgz 782ms (cache miss)
3198 http fetch GET 200 https://cdn.npmmirror.com/packages/resolve-from/4.0.0/resolve-from-4.0.0.tgz 782ms (cache miss)
3199 http fetch GET 200 https://cdn.npmmirror.com/packages/path-exists/4.0.0/path-exists-4.0.0.tgz 782ms (cache miss)
3200 http fetch GET 200 https://cdn.npmmirror.com/packages/dunder-proto/1.0.1/dunder-proto-1.0.1.tgz 783ms (cache miss)
3201 http fetch GET 200 https://cdn.npmmirror.com/packages/prelude-ls/1.2.1/prelude-ls-1.2.1.tgz 783ms (cache miss)
3202 http fetch GET 200 https://cdn.npmmirror.com/packages/keyv/4.5.4/keyv-4.5.4.tgz 784ms (cache miss)
3203 http fetch GET 200 https://cdn.npmmirror.com/packages/argparse/2.0.1/argparse-2.0.1.tgz 794ms (cache miss)
3204 http fetch GET 200 https://cdn.npmmirror.com/packages/brace-expansion/1.1.14/brace-expansion-1.1.14.tgz 812ms (cache miss)
3205 http fetch GET 200 https://cdn.npmmirror.com/packages/parent-module/1.0.1/parent-module-1.0.1.tgz 812ms (cache miss)
3206 http fetch GET 200 https://cdn.npmmirror.com/packages/hermes-estree/0.25.1/hermes-estree-0.25.1.tgz 885ms (cache miss)
3207 http fetch GET 200 https://cdn.npmmirror.com/packages/locate-path/6.0.0/locate-path-6.0.0.tgz 1010ms (cache miss)
3208 http fetch GET 200 https://cdn.npmmirror.com/packages/reusify/1.1.0/reusify-1.1.0.tgz 1015ms (cache miss)
3209 http fetch GET 200 https://cdn.npmmirror.com/packages/node-releases/2.0.38/node-releases-2.0.38.tgz 1015ms (cache miss)
3210 http fetch GET 200 https://cdn.npmmirror.com/packages/functions-have-names/1.2.3/functions-have-names-1.2.3.tgz 1021ms (cache miss)
3211 http fetch GET 200 https://cdn.npmmirror.com/packages/micromatch/4.0.8/micromatch-4.0.8.tgz 1022ms (cache miss)
3212 http fetch GET 200 https://cdn.npmmirror.com/packages/flat-cache/4.0.1/flat-cache-4.0.1.tgz 1024ms (cache miss)
3213 http fetch GET 200 https://cdn.npmmirror.com/packages/merge2/1.4.1/merge2-1.4.1.tgz 1025ms (cache miss)
3214 http fetch GET 200 https://cdn.npmmirror.com/packages/run-parallel/1.2.0/run-parallel-1.2.0.tgz 1025ms (cache miss)
3215 http fetch GET 200 https://cdn.npmmirror.com/packages/type-check/0.4.0/type-check-0.4.0.tgz 1024ms (cache miss)
3216 http fetch GET 200 https://cdn.npmmirror.com/packages/acorn-jsx/5.3.2/acorn-jsx-5.3.2.tgz 1024ms (cache miss)
3217 http fetch GET 200 https://cdn.npmmirror.com/packages/%40nodelib/fs.walk/1.2.8/fs.walk-1.2.8.tgz 1027ms (cache miss)
3218 http fetch GET 200 https://cdn.npmmirror.com/packages/%40nodelib/fs.stat/2.0.5/fs.stat-2.0.5.tgz 1058ms (cache miss)
3219 http fetch GET 200 https://cdn.npmmirror.com/packages/acorn/8.16.0/acorn-8.16.0.tgz 1182ms (cache miss)
3220 http fetch GET 200 https://cdn.npmmirror.com/packages/%40babel/helper-string-parser/7.27.1/helper-string-parser-7.27.1.tgz 1325ms (cache miss)
3221 http fetch GET 200 https://cdn.npmmirror.com/packages/fastq/1.20.1/fastq-1.20.1.tgz 1326ms (cache miss)
3222 http fetch GET 200 https://cdn.npmmirror.com/packages/%40nodelib/fs.scandir/2.1.5/fs.scandir-2.1.5.tgz 1328ms (cache miss)
3223 http fetch GET 200 https://cdn.npmmirror.com/packages/lru-cache/5.1.1/lru-cache-5.1.1.tgz 1334ms (cache miss)
3224 http fetch GET 200 https://cdn.npmmirror.com/packages/%40babel/helper-validator-option/7.27.1/helper-validator-option-7.27.1.tgz 1337ms (cache miss)
3225 http fetch GET 200 https://cdn.npmmirror.com/packages/%40babel/helper-globals/7.28.0/helper-globals-7.28.0.tgz 1339ms (cache miss)
3226 http fetch GET 200 https://cdn.npmmirror.com/packages/esrecurse/4.3.0/esrecurse-4.3.0.tgz 1341ms (cache miss)
3227 http fetch GET 200 https://cdn.npmmirror.com/packages/electron-to-chromium/1.5.345/electron-to-chromium-1.5.345.tgz 1349ms (cache miss)
3228 http fetch GET 200 https://cdn.npmmirror.com/packages/update-browserslist-db/1.2.3/update-browserslist-db-1.2.3.tgz 1348ms (cache miss)
3229 http fetch GET 200 https://cdn.npmmirror.com/packages/%40babel/helper-module-imports/7.28.6/helper-module-imports-7.28.6.tgz 1350ms (cache miss)
3230 http fetch GET 200 https://cdn.npmmirror.com/packages/browserslist/4.28.2/browserslist-4.28.2.tgz 1355ms (cache miss)
3231 http fetch GET 200 https://cdn.npmmirror.com/packages/jsesc/3.1.0/jsesc-3.1.0.tgz 1403ms (cache miss)
3232 http fetch GET 200 https://cdn.npmmirror.com/packages/%40babel/compat-data/7.29.0/compat-data-7.29.0.tgz 1410ms (cache miss)
3233 http fetch GET 200 https://cdn.npmmirror.com/packages/baseline-browser-mapping/2.10.24/baseline-browser-mapping-2.10.24.tgz 1413ms (cache miss)
3234 http fetch GET 200 https://cdn.npmmirror.com/packages/caniuse-lite/1.0.30001791/caniuse-lite-1.0.30001791.tgz 1593ms (cache miss)
3235 http fetch GET 200 https://cdn.npmmirror.com/packages/js-tokens/4.0.0/js-tokens-4.0.0.tgz 1882ms (cache miss)
3236 http fetch GET 200 https://cdn.npmmirror.com/packages/picocolors/1.1.1/picocolors-1.1.1.tgz 1883ms (cache miss)
3237 http fetch GET 200 https://cdn.npmmirror.com/packages/convert-source-map/2.0.0/convert-source-map-2.0.0.tgz 1883ms (cache miss)
3238 http fetch GET 200 https://cdn.npmmirror.com/packages/%40babel/helper-validator-identifier/7.28.5/helper-validator-identifier-7.28.5.tgz 1904ms (cache miss)
3239 http fetch GET 200 https://cdn.npmmirror.com/packages/%40babel/helper-compilation-targets/7.28.6/helper-compilation-targets-7.28.6.tgz 1905ms (cache miss)
3240 http fetch GET 200 https://cdn.npmmirror.com/packages/%40babel/template/7.28.6/template-7.28.6.tgz 1975ms (cache miss)
3241 http fetch GET 200 https://cdn.npmmirror.com/packages/zod-validation-error/4.0.2/zod-validation-error-4.0.2.tgz 2002ms (cache miss)
3242 http fetch GET 200 https://cdn.npmmirror.com/packages/gensync/1.0.0-beta.2/gensync-1.0.0-beta.2.tgz 2225ms (cache miss)
3243 http fetch GET 200 https://cdn.npmmirror.com/packages/%40babel/helper-module-transforms/7.28.6/helper-module-transforms-7.28.6.tgz 2225ms (cache miss)
3244 http fetch GET 200 https://cdn.npmmirror.com/packages/json5/2.2.3/json5-2.2.3.tgz 2260ms (cache miss)
3245 http fetch GET 200 https://cdn.npmmirror.com/packages/%40babel/traverse/7.29.0/traverse-7.29.0.tgz 2261ms (cache miss)
3246 http fetch GET 200 https://cdn.npmmirror.com/packages/%40babel/parser/7.29.2/parser-7.29.2.tgz 2286ms (cache miss)
3247 http fetch GET 200 https://cdn.npmmirror.com/packages/string.prototype.includes/2.0.1/string.prototype.includes-2.0.1.tgz 2355ms (cache miss)
3248 http fetch GET 200 https://cdn.npmmirror.com/packages/array.prototype.findlast/1.2.5/array.prototype.findlast-1.2.5.tgz 2355ms (cache miss)
3249 http fetch GET 200 https://cdn.npmmirror.com/packages/language-tags/1.0.9/language-tags-1.0.9.tgz 2369ms (cache miss)
3250 http fetch GET 200 https://cdn.npmmirror.com/packages/string.prototype.matchall/4.0.12/string.prototype.matchall-4.0.12.tgz 2379ms (cache miss)
3251 http fetch GET 200 https://cdn.npmmirror.com/packages/string.prototype.repeat/1.0.0/string.prototype.repeat-1.0.0.tgz 2380ms (cache miss)
3252 http fetch GET 200 https://cdn.npmmirror.com/packages/object.entries/1.1.9/object.entries-1.1.9.tgz 2381ms (cache miss)
3253 http fetch GET 200 https://cdn.npmmirror.com/packages/estraverse/5.3.0/estraverse-5.3.0.tgz 2387ms (cache miss)
3254 http fetch GET 200 https://cdn.npmmirror.com/packages/iterator.prototype/1.1.5/iterator.prototype-1.1.5.tgz 2415ms (cache miss)
3255 http fetch GET 200 https://cdn.npmmirror.com/packages/es-iterator-helpers/1.3.2/es-iterator-helpers-1.3.2.tgz 2419ms (cache miss)
3256 http fetch GET 200 https://cdn.npmmirror.com/packages/emoji-regex/9.2.2/emoji-regex-9.2.2.tgz 2440ms (cache miss)
3257 http fetch GET 200 https://cdn.npmmirror.com/packages/%40babel/code-frame/7.29.0/code-frame-7.29.0.tgz 2446ms (cache miss)
3258 http fetch GET 200 https://cdn.npmmirror.com/packages/%40babel/generator/7.29.1/generator-7.29.1.tgz 2453ms (cache miss)
3259 http fetch GET 200 https://cdn.npmmirror.com/packages/prop-types/15.8.1/prop-types-15.8.1.tgz 2482ms (cache miss)
3260 http fetch GET 200 https://cdn.npmmirror.com/packages/%40babel/types/7.29.0/types-7.29.0.tgz 2529ms (cache miss)
3261 http fetch GET 200 https://cdn.npmmirror.com/packages/is-symbol/1.1.1/is-symbol-1.1.1.tgz 2543ms (cache miss)
3262 http fetch GET 200 https://cdn.npmmirror.com/packages/is-date-object/1.1.0/is-date-object-1.1.0.tgz 2556ms (cache miss)
3263 http fetch GET 200 https://cdn.npmmirror.com/packages/damerau-levenshtein/1.0.8/damerau-levenshtein-1.0.8.tgz 2567ms (cache miss)
3264 http fetch GET 200 https://cdn.npmmirror.com/packages/jsx-ast-utils/3.3.5/jsx-ast-utils-3.3.5.tgz 2596ms (cache miss)
3265 http fetch GET 200 https://cdn.npmmirror.com/packages/%40babel/helpers/7.29.2/helpers-7.29.2.tgz 2602ms (cache miss)
3266 http fetch GET 200 https://cdn.npmmirror.com/packages/typed-array-byte-offset/1.0.4/typed-array-byte-offset-1.0.4.tgz 2599ms (cache miss)
3267 http fetch GET 200 https://cdn.npmmirror.com/packages/%40babel/core/7.29.0/core-7.29.0.tgz 2612ms (cache miss)
3268 http fetch GET 200 https://cdn.npmmirror.com/packages/axobject-query/4.1.0/axobject-query-4.1.0.tgz 2613ms (cache miss)
3269 http fetch GET 200 https://cdn.npmmirror.com/packages/zod/4.4.1/zod-4.4.1.tgz 2621ms (cache miss)
3270 http fetch GET 200 https://cdn.npmmirror.com/packages/aria-query/5.3.2/aria-query-5.3.2.tgz 2621ms (cache miss)
3271 http fetch GET 200 https://cdn.npmmirror.com/packages/typed-array-byte-length/1.0.3/typed-array-byte-length-1.0.3.tgz 2624ms (cache miss)
3272 http fetch GET 200 https://cdn.npmmirror.com/packages/typed-array-length/1.0.7/typed-array-length-1.0.7.tgz 2631ms (cache miss)
3273 http fetch GET 200 https://cdn.npmmirror.com/packages/array.prototype.tosorted/1.1.4/array.prototype.tosorted-1.1.4.tgz 2638ms (cache miss)
3274 http fetch GET 200 https://cdn.npmmirror.com/packages/has-tostringtag/1.0.2/has-tostringtag-1.0.2.tgz 2642ms (cache miss)
3275 http fetch GET 200 https://cdn.npmmirror.com/packages/which-typed-array/1.1.20/which-typed-array-1.1.20.tgz 2646ms (cache miss)
3276 http fetch GET 200 https://cdn.npmmirror.com/packages/%40img/sharp-libvips-darwin-arm64/1.2.4/sharp-libvips-darwin-arm64-1.2.4.tgz 2657ms (cache miss)
3277 http fetch GET 200 https://cdn.npmmirror.com/packages/ast-types-flow/0.0.8/ast-types-flow-0.0.8.tgz 2660ms (cache miss)
3278 http fetch GET 200 https://cdn.npmmirror.com/packages/possible-typed-array-names/1.1.0/possible-typed-array-names-1.1.0.tgz 2735ms (cache miss)
3279 http fetch GET 200 https://cdn.npmmirror.com/packages/safe-push-apply/1.0.0/safe-push-apply-1.0.0.tgz 2734ms (cache miss)
3280 http fetch GET 200 https://cdn.npmmirror.com/packages/is-typed-array/1.1.15/is-typed-array-1.1.15.tgz 2741ms (cache miss)
3281 http fetch GET 200 https://cdn.npmmirror.com/packages/string.prototype.trim/1.2.10/string.prototype.trim-1.2.10.tgz 2744ms (cache miss)
3282 http fetch GET 200 https://cdn.npmmirror.com/packages/safe-regex-test/1.1.0/safe-regex-test-1.1.0.tgz 2750ms (cache miss)
3283 http fetch GET 200 https://cdn.npmmirror.com/packages/set-proto/1.0.0/set-proto-1.0.0.tgz 2750ms (cache miss)
3284 http fetch GET 200 https://cdn.npmmirror.com/packages/hermes-parser/0.25.1/hermes-parser-0.25.1.tgz 2773ms (cache miss)
3285 http fetch GET 200 https://cdn.npmmirror.com/packages/string.prototype.trimstart/1.0.8/string.prototype.trimstart-1.0.8.tgz 2794ms (cache miss)
3286 http fetch GET 200 https://cdn.npmmirror.com/packages/stop-iteration-iterator/1.1.0/stop-iteration-iterator-1.1.0.tgz 2793ms (cache miss)
3287 http fetch GET 200 https://cdn.npmmirror.com/packages/typed-array-buffer/1.0.3/typed-array-buffer-1.0.3.tgz 2794ms (cache miss)
3288 http fetch GET 200 https://cdn.npmmirror.com/packages/own-keys/1.0.1/own-keys-1.0.1.tgz 2793ms (cache miss)
3289 http fetch GET 200 https://cdn.npmmirror.com/packages/is-weakref/1.1.1/is-weakref-1.1.1.tgz 2794ms (cache miss)
3290 http fetch GET 200 https://cdn.npmmirror.com/packages/unbox-primitive/1.1.0/unbox-primitive-1.1.0.tgz 2795ms (cache miss)
3291 http fetch GET 200 https://cdn.npmmirror.com/packages/regexp.prototype.flags/1.5.4/regexp.prototype.flags-1.5.4.tgz 2796ms (cache miss)
3292 http fetch GET 200 https://cdn.npmmirror.com/packages/object.assign/4.1.7/object.assign-4.1.7.tgz 2796ms (cache miss)
3293 http fetch GET 200 https://cdn.npmmirror.com/packages/safe-array-concat/1.1.4/safe-array-concat-1.1.4.tgz 2800ms (cache miss)
3294 http fetch GET 200 https://cdn.npmmirror.com/packages/object-inspect/1.13.4/object-inspect-1.13.4.tgz 2802ms (cache miss)
3295 http fetch GET 200 https://cdn.npmmirror.com/packages/has-proto/1.2.0/has-proto-1.2.0.tgz 2914ms (cache miss)
3296 http fetch GET 200 https://cdn.npmmirror.com/packages/is-shared-array-buffer/1.0.4/is-shared-array-buffer-1.0.4.tgz 2927ms (cache miss)
3297 http fetch GET 200 https://cdn.npmmirror.com/packages/es-set-tostringtag/2.1.0/es-set-tostringtag-2.1.0.tgz 2927ms (cache miss)
3298 http fetch GET 200 https://cdn.npmmirror.com/packages/axe-core/4.11.4/axe-core-4.11.4.tgz 2930ms (cache miss)
3299 http fetch GET 200 https://cdn.npmmirror.com/packages/is-set/2.0.3/is-set-2.0.3.tgz 2929ms (cache miss)
3300 http fetch GET 200 https://cdn.npmmirror.com/packages/globalthis/1.0.4/globalthis-1.0.4.tgz 2929ms (cache miss)
3301 http fetch GET 200 https://cdn.npmmirror.com/packages/lightningcss-darwin-arm64/1.32.0/lightningcss-darwin-arm64-1.32.0.tgz 2947ms (cache miss)
3302 http fetch GET 200 https://cdn.npmmirror.com/packages/is-data-view/1.0.2/is-data-view-1.0.2.tgz 2940ms (cache miss)
3303 http fetch GET 200 https://cdn.npmmirror.com/packages/is-negative-zero/2.0.3/is-negative-zero-2.0.3.tgz 2940ms (cache miss)
3304 http fetch GET 200 https://cdn.npmmirror.com/packages/internal-slot/1.1.0/internal-slot-1.1.0.tgz 2941ms (cache miss)
3305 http fetch GET 200 https://cdn.npmmirror.com/packages/get-proto/1.0.1/get-proto-1.0.1.tgz 2941ms (cache miss)
3306 http fetch GET 200 https://cdn.npmmirror.com/packages/is-callable/1.2.7/is-callable-1.2.7.tgz 2942ms (cache miss)
3307 http fetch GET 200 https://cdn.npmmirror.com/packages/function.prototype.name/1.1.8/function.prototype.name-1.1.8.tgz 2942ms (cache miss)
3308 http fetch GET 200 https://cdn.npmmirror.com/packages/es-to-primitive/1.3.0/es-to-primitive-1.3.0.tgz 2943ms (cache miss)
3309 http fetch GET 200 https://cdn.npmmirror.com/packages/has-symbols/1.1.0/has-symbols-1.1.0.tgz 2967ms (cache miss)
3310 http fetch GET 200 https://cdn.npmmirror.com/packages/is-array-buffer/3.0.5/is-array-buffer-3.0.5.tgz 2973ms (cache miss)
3311 http fetch GET 200 https://cdn.npmmirror.com/packages/is-regex/1.2.1/is-regex-1.2.1.tgz 2974ms (cache miss)
3312 http fetch GET 200 https://cdn.npmmirror.com/packages/es-shim-unscopables/1.1.0/es-shim-unscopables-1.1.0.tgz 3007ms (cache miss)
3313 http fetch GET 200 https://cdn.npmmirror.com/packages/arraybuffer.prototype.slice/1.0.4/arraybuffer.prototype.slice-1.0.4.tgz 3007ms (cache miss)
3314 http fetch GET 200 https://cdn.npmmirror.com/packages/has-property-descriptors/1.0.2/has-property-descriptors-1.0.2.tgz 3008ms (cache miss)
3315 http fetch GET 200 https://cdn.npmmirror.com/packages/array-buffer-byte-length/1.0.2/array-buffer-byte-length-1.0.2.tgz 3009ms (cache miss)
3316 http fetch GET 200 https://cdn.npmmirror.com/packages/function-bind/1.1.2/function-bind-1.1.2.tgz 3011ms (cache miss)
3317 http fetch GET 200 https://cdn.npmmirror.com/packages/es-errors/1.3.0/es-errors-1.3.0.tgz 3012ms (cache miss)
3318 http fetch GET 200 https://cdn.npmmirror.com/packages/define-data-property/1.1.4/define-data-property-1.1.4.tgz 3012ms (cache miss)
3319 http fetch GET 200 https://cdn.npmmirror.com/packages/es-define-property/1.0.1/es-define-property-1.0.1.tgz 3014ms (cache miss)
3320 http fetch GET 200 https://cdn.npmmirror.com/packages/set-function-length/1.2.2/set-function-length-1.2.2.tgz 3014ms (cache miss)
3321 http fetch GET 200 https://cdn.npmmirror.com/packages/get-symbol-description/1.1.0/get-symbol-description-1.1.0.tgz 3014ms (cache miss)
3322 http fetch GET 200 https://cdn.npmmirror.com/packages/data-view-buffer/1.0.2/data-view-buffer-1.0.2.tgz 3016ms (cache miss)
3323 http fetch GET 200 https://cdn.npmmirror.com/packages/available-typed-arrays/1.0.7/available-typed-arrays-1.0.7.tgz 3015ms (cache miss)
3324 http fetch GET 200 https://cdn.npmmirror.com/packages/data-view-byte-length/1.0.2/data-view-byte-length-1.0.2.tgz 3016ms (cache miss)
3325 http fetch GET 200 https://cdn.npmmirror.com/packages/object-keys/1.1.1/object-keys-1.1.1.tgz 3019ms (cache miss)
3326 http fetch GET 200 https://cdn.npmmirror.com/packages/data-view-byte-offset/1.0.1/data-view-byte-offset-1.0.1.tgz 3030ms (cache miss)
3327 http fetch GET 200 https://cdn.npmmirror.com/packages/gopd/1.2.0/gopd-1.2.0.tgz 3418ms (cache miss)
3328 http fetch GET 200 https://cdn.npmmirror.com/packages/call-bind/1.0.9/call-bind-1.0.9.tgz 3418ms (cache miss)
3329 http fetch GET 200 https://cdn.npmmirror.com/packages/object.groupby/1.0.3/object.groupby-1.0.3.tgz 3419ms (cache miss)
3330 http fetch GET 200 https://cdn.npmmirror.com/packages/es-object-atoms/1.1.1/es-object-atoms-1.1.1.tgz 3639ms (cache miss)
3331 http fetch GET 200 https://cdn.npmmirror.com/packages/hasown/2.0.3/hasown-2.0.3.tgz 3641ms (cache miss)
3332 http fetch GET 200 https://cdn.npmmirror.com/packages/call-bind-apply-helpers/1.0.2/call-bind-apply-helpers-1.0.2.tgz 3642ms (cache miss)
3333 http fetch GET 200 https://cdn.npmmirror.com/packages/string.prototype.trimend/1.0.9/string.prototype.trimend-1.0.9.tgz 3642ms (cache miss)
3334 http fetch GET 200 https://cdn.npmmirror.com/packages/is-string/1.1.1/is-string-1.1.1.tgz 3641ms (cache miss)
3335 http fetch GET 200 https://cdn.npmmirror.com/packages/call-bound/1.0.4/call-bound-1.0.4.tgz 3643ms (cache miss)
3336 http fetch GET 200 https://cdn.npmmirror.com/packages/get-intrinsic/1.3.0/get-intrinsic-1.3.0.tgz 3645ms (cache miss)
3337 http fetch GET 200 https://cdn.npmmirror.com/packages/object.fromentries/2.0.8/object.fromentries-2.0.8.tgz 3647ms (cache miss)
3338 http fetch GET 200 https://cdn.npmmirror.com/packages/object.values/1.2.1/object.values-1.2.1.tgz 3646ms (cache miss)
3339 http fetch GET 200 https://cdn.npmmirror.com/packages/eslint-module-utils/2.12.1/eslint-module-utils-2.12.1.tgz 3647ms (cache miss)
3340 http fetch GET 200 https://cdn.npmmirror.com/packages/math-intrinsics/1.1.0/math-intrinsics-1.1.0.tgz 3648ms (cache miss)
3341 http fetch GET 200 https://cdn.npmmirror.com/packages/semver/6.3.1/semver-6.3.1.tgz 3648ms (cache miss)
3342 http fetch GET 200 https://cdn.npmmirror.com/packages/tsconfig-paths/3.15.0/tsconfig-paths-3.15.0.tgz 3669ms (cache miss)
3343 http fetch GET 200 https://cdn.npmmirror.com/packages/doctrine/2.1.0/doctrine-2.1.0.tgz 3679ms (cache miss)
3344 http fetch GET 200 https://cdn.npmmirror.com/packages/es-abstract/1.24.2/es-abstract-1.24.2.tgz 3928ms (cache miss)
3345 http fetch GET 200 https://cdn.npmmirror.com/packages/%40nolyfill/is-core-module/1.0.39/is-core-module-1.0.39.tgz 3932ms (cache miss)
3346 http fetch GET 200 https://cdn.npmmirror.com/packages/define-properties/1.2.1/define-properties-1.2.1.tgz 3933ms (cache miss)
3347 http fetch GET 200 https://cdn.npmmirror.com/packages/stable-hash/0.0.5/stable-hash-0.0.5.tgz 3933ms (cache miss)
3348 http fetch GET 200 https://cdn.npmmirror.com/packages/is-bun-module/2.0.0/is-bun-module-2.0.0.tgz 3934ms (cache miss)
3349 http fetch GET 200 https://cdn.npmmirror.com/packages/array.prototype.flat/1.3.3/array.prototype.flat-1.3.3.tgz 3934ms (cache miss)
3350 http fetch GET 200 https://cdn.npmmirror.com/packages/array.prototype.findlastindex/1.2.6/array.prototype.findlastindex-1.2.6.tgz 3935ms (cache miss)
3351 http fetch GET 200 https://cdn.npmmirror.com/packages/typescript-eslint/8.59.1/typescript-eslint-8.59.1.tgz 3934ms (cache miss)
3352 http fetch GET 200 https://cdn.npmmirror.com/packages/%40rtsao/scc/1.1.0/scc-1.1.0.tgz 3937ms (cache miss)
3353 http fetch GET 200 https://cdn.npmmirror.com/packages/array-includes/3.1.9/array-includes-3.1.9.tgz 3936ms (cache miss)
3354 http fetch GET 200 https://cdn.npmmirror.com/packages/get-tsconfig/4.14.0/get-tsconfig-4.14.0.tgz 3937ms (cache miss)
3355 http fetch GET 200 https://cdn.npmmirror.com/packages/tinyglobby/0.2.16/tinyglobby-0.2.16.tgz 3941ms (cache miss)
3356 http fetch GET 200 https://cdn.npmmirror.com/packages/unrs-resolver/1.11.1/unrs-resolver-1.11.1.tgz 3944ms (cache miss)
3357 http fetch GET 200 https://cdn.npmmirror.com/packages/resolve/2.0.0-next.6/resolve-2.0.0-next.6.tgz 3960ms (cache miss)
3358 http fetch GET 200 https://cdn.npmmirror.com/packages/array.prototype.flatmap/1.3.3/array.prototype.flatmap-1.3.3.tgz 3970ms (cache miss)
3359 http fetch GET 200 https://cdn.npmmirror.com/packages/is-core-module/2.16.1/is-core-module-2.16.1.tgz 4096ms (cache miss)
3360 http fetch GET 200 https://cdn.npmmirror.com/packages/which/2.0.2/which-2.0.2.tgz 4100ms (cache miss)
3361 http fetch GET 200 https://cdn.npmmirror.com/packages/color-name/1.1.4/color-name-1.1.4.tgz 4102ms (cache miss)
3362 http fetch GET 200 https://cdn.npmmirror.com/packages/color-convert/2.0.1/color-convert-2.0.1.tgz 4103ms (cache miss)
3363 http fetch GET 200 https://cdn.npmmirror.com/packages/path-key/3.1.1/path-key-3.1.1.tgz 4106ms (cache miss)
3364 http fetch GET 200 https://cdn.npmmirror.com/packages/ms/2.1.3/ms-2.1.3.tgz 4108ms (cache miss)
3365 http fetch GET 200 https://cdn.npmmirror.com/packages/eslint-import-resolver-typescript/3.10.1/eslint-import-resolver-typescript-3.10.1.tgz 4110ms (cache miss)
3366 http fetch GET 200 https://cdn.npmmirror.com/packages/shebang-command/2.0.0/shebang-command-2.0.0.tgz 4113ms (cache miss)
3367 http fetch GET 200 https://cdn.npmmirror.com/packages/%40next/eslint-plugin-next/16.2.4/eslint-plugin-next-16.2.4.tgz 4146ms (cache miss)
3368 http fetch GET 200 https://cdn.npmmirror.com/packages/fast-glob/3.3.1/fast-glob-3.3.1.tgz 4165ms (cache miss)
3369 http fetch GET 200 https://cdn.npmmirror.com/packages/eslint-plugin-jsx-a11y/6.10.2/eslint-plugin-jsx-a11y-6.10.2.tgz 4167ms (cache miss)
3370 http fetch GET 200 https://cdn.npmmirror.com/packages/eslint-plugin-import/2.32.0/eslint-plugin-import-2.32.0.tgz 4183ms (cache miss)
3371 http fetch GET 200 https://cdn.npmmirror.com/packages/supports-color/7.2.0/supports-color-7.2.0.tgz 4182ms (cache miss)
3372 http fetch GET 200 https://cdn.npmmirror.com/packages/uri-js/4.4.1/uri-js-4.4.1.tgz 4215ms (cache miss)
3373 http fetch GET 200 https://cdn.npmmirror.com/packages/ansi-styles/4.3.0/ansi-styles-4.3.0.tgz 4310ms (cache miss)
3374 http fetch GET 200 https://cdn.npmmirror.com/packages/%40types/json-schema/7.0.15/json-schema-7.0.15.tgz 4310ms (cache miss)
3375 http fetch GET 200 https://cdn.npmmirror.com/packages/fast-json-stable-stringify/2.1.0/fast-json-stable-stringify-2.1.0.tgz 4315ms (cache miss)
3376 http fetch GET 200 https://cdn.npmmirror.com/packages/lodash.merge/4.6.2/lodash.merge-4.6.2.tgz 4315ms (cache miss)
3377 http fetch GET 200 https://cdn.npmmirror.com/packages/import-fresh/3.3.1/import-fresh-3.3.1.tgz 4315ms (cache miss)
3378 http fetch GET 200 https://cdn.npmmirror.com/packages/json-schema-traverse/0.4.1/json-schema-traverse-0.4.1.tgz 4317ms (cache miss)
3379 http fetch GET 200 https://cdn.npmmirror.com/packages/%40humanfs/types/0.15.0/types-0.15.0.tgz 4317ms (cache miss)
3380 http fetch GET 200 https://cdn.npmmirror.com/packages/eslint-plugin-react-hooks/7.1.1/eslint-plugin-react-hooks-7.1.1.tgz 4328ms (cache miss)
3381 http fetch GET 200 https://cdn.npmmirror.com/packages/%40eslint/object-schema/2.1.7/object-schema-2.1.7.tgz 4330ms (cache miss)
3382 http fetch GET 200 https://cdn.npmmirror.com/packages/js-yaml/4.1.1/js-yaml-4.1.1.tgz 4350ms (cache miss)
3383 http fetch GET 200 https://cdn.npmmirror.com/packages/globals/14.0.0/globals-14.0.0.tgz 4362ms (cache miss)
3384 http fetch GET 200 https://cdn.npmmirror.com/packages/minimatch/3.1.5/minimatch-3.1.5.tgz 4362ms (cache miss)
3385 http fetch GET 200 https://cdn.npmmirror.com/packages/levn/0.4.1/levn-0.4.1.tgz 4364ms (cache miss)
3386 http fetch GET 200 https://cdn.npmmirror.com/packages/strip-json-comments/3.1.1/strip-json-comments-3.1.1.tgz 4394ms (cache miss)
3387 http fetch GET 200 https://cdn.npmmirror.com/packages/%40humanfs/core/0.19.2/core-0.19.2.tgz 4395ms (cache miss)
3388 http fetch GET 200 https://cdn.npmmirror.com/packages/optionator/0.9.4/optionator-0.9.4.tgz 4401ms (cache miss)
3389 http fetch GET 200 https://cdn.npmmirror.com/packages/eslint-plugin-react/7.37.5/eslint-plugin-react-7.37.5.tgz 4415ms (cache miss)
3390 http fetch GET 200 https://cdn.npmmirror.com/packages/escape-string-regexp/4.0.0/escape-string-regexp-4.0.0.tgz 4456ms (cache miss)
3391 http fetch GET 200 https://cdn.npmmirror.com/packages/fast-deep-equal/3.1.3/fast-deep-equal-3.1.3.tgz 4457ms (cache miss)
3392 http fetch GET 200 https://cdn.npmmirror.com/packages/natural-compare/1.4.0/natural-compare-1.4.0.tgz 4466ms (cache miss)
3393 http fetch GET 200 https://cdn.npmmirror.com/packages/eslint-import-resolver-node/0.3.10/eslint-import-resolver-node-0.3.10.tgz 4466ms (cache miss)
3394 http fetch GET 200 https://cdn.npmmirror.com/packages/is-glob/4.0.3/is-glob-4.0.3.tgz 4466ms (cache miss)
3395 http fetch GET 200 https://cdn.npmmirror.com/packages/find-up/5.0.0/find-up-5.0.0.tgz 4466ms (cache miss)
3396 http fetch GET 200 https://cdn.npmmirror.com/packages/json-stable-stringify-without-jsonify/1.0.1/json-stable-stringify-without-jsonify-1.0.1.tgz 4467ms (cache miss)
3397 http fetch GET 200 https://cdn.npmmirror.com/packages/imurmurhash/0.1.4/imurmurhash-0.1.4.tgz 4475ms (cache miss)
3398 http fetch GET 200 https://cdn.npmmirror.com/packages/file-entry-cache/8.0.0/file-entry-cache-8.0.0.tgz 4476ms (cache miss)
3399 http fetch GET 200 https://cdn.npmmirror.com/packages/ignore/5.3.2/ignore-5.3.2.tgz 4477ms (cache miss)
3400 http fetch GET 200 https://cdn.npmmirror.com/packages/eslint-visitor-keys/4.2.1/eslint-visitor-keys-4.2.1.tgz 4477ms (cache miss)
3401 http fetch GET 200 https://cdn.npmmirror.com/packages/espree/10.4.0/espree-10.4.0.tgz 4478ms (cache miss)
3402 http fetch GET 200 https://cdn.npmmirror.com/packages/cross-spawn/7.0.6/cross-spawn-7.0.6.tgz 4477ms (cache miss)
3403 http fetch GET 200 https://cdn.npmmirror.com/packages/esutils/2.0.3/esutils-2.0.3.tgz 4487ms (cache miss)
3404 http fetch GET 200 https://cdn.npmmirror.com/packages/glob-parent/6.0.2/glob-parent-6.0.2.tgz 4506ms (cache miss)
3405 http fetch GET 200 https://cdn.npmmirror.com/packages/debug/4.4.3/debug-4.4.3.tgz 4546ms (cache miss)
3406 http fetch GET 200 https://cdn.npmmirror.com/packages/chalk/4.1.2/chalk-4.1.2.tgz 4548ms (cache miss)
3407 http fetch GET 200 https://cdn.npmmirror.com/packages/%40humanfs/node/0.16.8/node-0.16.8.tgz 4548ms (cache miss)
3408 http fetch GET 200 https://cdn.npmmirror.com/packages/%40humanwhocodes/module-importer/1.0.1/module-importer-1.0.1.tgz 4549ms (cache miss)
3409 http fetch GET 200 https://cdn.npmmirror.com/packages/%40eslint/core/0.17.0/core-0.17.0.tgz 4549ms (cache miss)
3410 http fetch GET 200 https://cdn.npmmirror.com/packages/%40eslint/plugin-kit/0.4.1/plugin-kit-0.4.1.tgz 4551ms (cache miss)
3411 http fetch GET 200 https://cdn.npmmirror.com/packages/%40humanwhocodes/retry/0.4.3/retry-0.4.3.tgz 4555ms (cache miss)
3412 http fetch GET 200 https://cdn.npmmirror.com/packages/%40eslint/config-helpers/0.4.2/config-helpers-0.4.2.tgz 4565ms (cache miss)
3413 http fetch GET 200 https://cdn.npmmirror.com/packages/%40types/estree/1.0.8/estree-1.0.8.tgz 4568ms (cache miss)
3414 http fetch GET 200 https://cdn.npmmirror.com/packages/%40eslint/js/9.39.4/js-9.39.4.tgz 4601ms (cache miss)
3415 http fetch GET 200 https://cdn.npmmirror.com/packages/esquery/1.7.0/esquery-1.7.0.tgz 4618ms (cache miss)
3416 http fetch GET 200 https://cdn.npmmirror.com/packages/%40eslint/eslintrc/3.3.5/eslintrc-3.3.5.tgz 4621ms (cache miss)
3417 http fetch GET 200 https://cdn.npmmirror.com/packages/%40eslint-community/regexpp/4.12.2/regexpp-4.12.2.tgz 4626ms (cache miss)
3418 http fetch GET 200 https://cdn.npmmirror.com/packages/%40jridgewell/sourcemap-codec/1.5.5/sourcemap-codec-1.5.5.tgz 4639ms (cache miss)
3419 http fetch GET 200 https://cdn.npmmirror.com/packages/%40eslint-community/eslint-utils/4.9.1/eslint-utils-4.9.1.tgz 4640ms (cache miss)
3420 http fetch GET 200 https://cdn.npmmirror.com/packages/%40jridgewell/trace-mapping/0.3.31/trace-mapping-0.3.31.tgz 4642ms (cache miss)
3421 http fetch GET 200 https://cdn.npmmirror.com/packages/source-map-js/1.2.1/source-map-js-1.2.1.tgz 4645ms (cache miss)
3422 http fetch GET 200 https://cdn.npmmirror.com/packages/tapable/2.3.3/tapable-2.3.3.tgz 4652ms (cache miss)
3423 http fetch GET 200 https://cdn.npmmirror.com/packages/eslint-scope/8.4.0/eslint-scope-8.4.0.tgz 4655ms (cache miss)
3424 http fetch GET 200 https://cdn.npmmirror.com/packages/%40jridgewell/gen-mapping/0.3.13/gen-mapping-0.3.13.tgz 4674ms (cache miss)
3425 http fetch GET 200 https://cdn.npmmirror.com/packages/undici-types/6.21.0/undici-types-6.21.0.tgz 4674ms (cache miss)
3426 http fetch GET 200 https://cdn.npmmirror.com/packages/ajv/6.15.0/ajv-6.15.0.tgz 4692ms (cache miss)
3427 http fetch GET 200 https://cdn.npmmirror.com/packages/%40jridgewell/resolve-uri/3.1.2/resolve-uri-3.1.2.tgz 4696ms (cache miss)
3428 http fetch GET 200 https://cdn.npmmirror.com/packages/lightningcss/1.32.0/lightningcss-1.32.0.tgz 4705ms (cache miss)
3429 http fetch GET 200 https://cdn.npmmirror.com/packages/enhanced-resolve/5.21.0/enhanced-resolve-5.21.0.tgz 4714ms (cache miss)
3430 http fetch GET 200 https://cdn.npmmirror.com/packages/graceful-fs/4.2.11/graceful-fs-4.2.11.tgz 4715ms (cache miss)
3431 http fetch GET 200 https://cdn.npmmirror.com/packages/csstype/3.2.3/csstype-3.2.3.tgz 4827ms (cache miss)
3432 http fetch GET 200 https://cdn.npmmirror.com/packages/%40eslint/config-array/0.21.2/config-array-0.21.2.tgz 4845ms (cache miss)
3433 http fetch GET 200 https://cdn.npmmirror.com/packages/%40tailwindcss/oxide/4.2.4/oxide-4.2.4.tgz 4860ms (cache miss)
3434 http fetch GET 200 https://cdn.npmmirror.com/packages/%40alloc/quick-lru/5.2.0/quick-lru-5.2.0.tgz 4862ms (cache miss)
3435 http fetch GET 200 https://cdn.npmmirror.com/packages/%40jridgewell/remapping/2.3.5/remapping-2.3.5.tgz 4874ms (cache miss)
3436 http fetch GET 200 https://cdn.npmmirror.com/packages/postcss/8.5.12/postcss-8.5.12.tgz 4880ms (cache miss)
3437 http fetch GET 200 https://cdn.npmmirror.com/packages/react/19.2.4/react-19.2.4.tgz 4896ms (cache miss)
3438 http fetch GET 200 https://cdn.npmmirror.com/packages/jiti/2.6.1/jiti-2.6.1.tgz 4953ms (cache miss)
3439 http fetch GET 200 https://cdn.npmmirror.com/packages/eslint-config-next/16.2.4/eslint-config-next-16.2.4.tgz 4950ms (cache miss)
3440 http fetch GET 200 https://cdn.npmmirror.com/packages/%40types/react-dom/19.2.3/react-dom-19.2.3.tgz 4970ms (cache miss)
3441 http fetch GET 200 https://cdn.npmmirror.com/packages/magic-string/0.30.21/magic-string-0.30.21.tgz 5020ms (cache miss)
3442 http fetch GET 200 https://cdn.npmmirror.com/packages/%40types/react/19.2.14/react-19.2.14.tgz 5028ms (cache miss)
3443 http fetch GET 200 https://cdn.npmmirror.com/packages/%40tailwindcss/node/4.2.4/node-4.2.4.tgz 5029ms (cache miss)
3444 http fetch GET 200 https://cdn.npmmirror.com/packages/eslint/9.39.4/eslint-9.39.4.tgz 5054ms (cache miss)
3445 http fetch GET 200 https://cdn.npmmirror.com/packages/%40tailwindcss/oxide-darwin-arm64/4.2.4/oxide-darwin-arm64-4.2.4.tgz 5080ms (cache miss)
3446 http fetch GET 200 https://cdn.npmmirror.com/packages/tailwindcss/4.2.4/tailwindcss-4.2.4.tgz 5207ms (cache miss)
3447 http fetch GET 200 https://cdn.npmmirror.com/packages/glob-parent/5.1.2/glob-parent-5.1.2.tgz 5570ms (cache miss)
3448 http fetch GET 200 https://cdn.npmmirror.com/packages/%40tailwindcss/postcss/4.2.4/postcss-4.2.4.tgz 5578ms (cache miss)
3449 http fetch GET 200 https://cdn.npmmirror.com/packages/eslint-visitor-keys/5.0.1/eslint-visitor-keys-5.0.1.tgz 5586ms (cache miss)
3450 http fetch GET 200 https://cdn.npmmirror.com/packages/semver/7.7.4/semver-7.7.4.tgz 5587ms (cache miss)
3451 http fetch GET 200 https://cdn.npmmirror.com/packages/fdir/6.5.0/fdir-6.5.0.tgz 5586ms (cache miss)
3452 http fetch GET 200 https://cdn.npmmirror.com/packages/debug/3.2.7/debug-3.2.7.tgz 5588ms (cache miss)
3453 http fetch GET 200 https://cdn.npmmirror.com/packages/brace-expansion/5.0.5/brace-expansion-5.0.5.tgz 5592ms (cache miss)
3454 http fetch GET 200 https://cdn.npmmirror.com/packages/picomatch/4.0.4/picomatch-4.0.4.tgz 5614ms (cache miss)
3455 http fetch GET 200 https://cdn.npmmirror.com/packages/minimatch/10.2.5/minimatch-10.2.5.tgz 5617ms (cache miss)
3456 http fetch GET 200 https://cdn.npmmirror.com/packages/react-dom/19.2.4/react-dom-19.2.4.tgz 5622ms (cache miss)
3457 http fetch GET 200 https://cdn.npmmirror.com/packages/semver/7.7.4/semver-7.7.4.tgz 5621ms (cache miss)
3458 http fetch GET 200 https://cdn.npmmirror.com/packages/ignore/7.0.5/ignore-7.0.5.tgz 5667ms (cache miss)
3459 http cache https://cdn.npmmirror.com/packages/debug/3.2.7/debug-3.2.7.tgz 5670ms (cache hit)
3460 http fetch GET 200 https://cdn.npmmirror.com/packages/debug/3.2.7/debug-3.2.7.tgz 5670ms (cache miss)
3461 http fetch GET 200 https://cdn.npmmirror.com/packages/semver/7.7.4/semver-7.7.4.tgz 5684ms (cache miss)
3462 http fetch GET 200 https://cdn.npmmirror.com/packages/json5/1.0.2/json5-1.0.2.tgz 5691ms (cache miss)
3463 http fetch GET 200 https://cdn.npmmirror.com/packages/%40types/node/20.19.39/node-20.19.39.tgz 5728ms (cache miss)
3464 http fetch GET 200 https://cdn.npmmirror.com/packages/eslint-visitor-keys/3.4.3/eslint-visitor-keys-3.4.3.tgz 5738ms (cache miss)
3465 http fetch GET 200 https://cdn.npmmirror.com/packages/balanced-match/4.0.4/balanced-match-4.0.4.tgz 5738ms (cache miss)
3466 http fetch GET 200 https://cdn.npmmirror.com/packages/postcss/8.4.31/postcss-8.4.31.tgz 5742ms (cache miss)
3467 http fetch GET 200 https://cdn.npmmirror.com/packages/globals/16.4.0/globals-16.4.0.tgz 5750ms (cache miss)
3468 http fetch GET 200 https://cdn.npmmirror.com/packages/typescript/5.9.3/typescript-5.9.3.tgz 7142ms (cache miss)
3469 http fetch GET 200 https://cdn.npmmirror.com/packages/%40next/swc-darwin-arm64/16.2.4/swc-darwin-arm64-16.2.4.tgz 9209ms (cache miss)
3470 http fetch GET 200 https://cdn.npmmirror.com/packages/next/16.2.4/next-16.2.4.tgz 11834ms (cache miss)
3471 info run sharp@0.34.5 install node_modules/sharp node install/check.js || npm run build
3472 info run sharp@0.34.5 install { code: 0, signal: null }
3473 info run unrs-resolver@1.11.1 postinstall node_modules/unrs-resolver napi-postinstall unrs-resolver 1.11.1 check
3474 info run unrs-resolver@1.11.1 postinstall { code: 0, signal: null }
3475 silly ADD node_modules/is-weakset
3476 silly ADD node_modules/is-weakmap
3477 silly ADD node_modules/is-map
3478 silly ADD node_modules/generator-function
3479 silly ADD node_modules/async-function
3480 silly ADD node_modules/which-collection
3481 silly ADD node_modules/is-generator-function
3482 silly ADD node_modules/is-finalizationregistry
3483 silly ADD node_modules/is-async-function
3484 silly ADD node_modules/is-number-object
3485 silly ADD node_modules/is-boolean-object
3486 silly ADD node_modules/is-bigint
3487 silly ADD node_modules/isexe
3488 silly ADD node_modules/punycode
3489 silly ADD node_modules/escalade
3490 silly ADD node_modules/@emnapi/wasi-threads
3491 silly ADD node_modules/@tybys/wasm-util
3492 silly ADD node_modules/@emnapi/core
3493 silly ADD node_modules/@napi-rs/wasm-runtime
3494 silly ADD node_modules/napi-postinstall
3495 silly ADD node_modules/@unrs/resolver-binding-darwin-arm64
3496 silly ADD node_modules/which-boxed-primitive
3497 silly ADD node_modules/has-bigints
3498 silly ADD node_modules/@typescript-eslint/tsconfig-utils
3499 silly ADD node_modules/@typescript-eslint/project-service
3500 silly ADD node_modules/@typescript-eslint/types
3501 silly ADD node_modules/ts-api-utils
3502 silly ADD node_modules/@typescript-eslint/visitor-keys
3503 silly ADD node_modules/@typescript-eslint/visitor-keys/node_modules/eslint-visitor-keys
3504 silly ADD node_modules/@typescript-eslint/type-utils
3505 silly ADD node_modules/@typescript-eslint/scope-manager
3506 silly ADD node_modules/@typescript-eslint/utils
3507 silly ADD node_modules/@typescript-eslint/typescript-estree
3508 silly ADD node_modules/@typescript-eslint/typescript-estree/node_modules/balanced-match
3509 silly ADD node_modules/@typescript-eslint/typescript-estree/node_modules/brace-expansion
3510 silly ADD node_modules/@typescript-eslint/typescript-estree/node_modules/semver
3511 silly ADD node_modules/@typescript-eslint/typescript-estree/node_modules/minimatch
3512 silly ADD node_modules/@typescript-eslint/parser
3513 silly ADD node_modules/@typescript-eslint/eslint-plugin
3514 silly ADD node_modules/@typescript-eslint/eslint-plugin/node_modules/ignore
3515 silly ADD node_modules/which-builtin-type
3516 silly ADD node_modules/reflect.getprototypeof
3517 silly ADD node_modules/for-each
3518 silly ADD node_modules/strip-bom
3519 silly ADD node_modules/minimist
3520 silly ADD node_modules/@types/json5
3521 silly ADD node_modules/is-number
3522 silly ADD node_modules/has-flag
3523 silly ADD node_modules/client-only
3524 silly ADD node_modules/side-channel-weakmap
3525 silly ADD node_modules/side-channel-map
3526 silly ADD node_modules/side-channel-list
3527 silly ADD node_modules/shebang-regex
3528 silly ADD node_modules/@emnapi/runtime
3529 silly ADD node_modules/@img/sharp-libvips-darwin-arm64
3530 silly ADD node_modules/@img/sharp-darwin-arm64
3531 silly ADD node_modules/@img/colour
3532 silly ADD node_modules/isarray
3533 silly ADD node_modules/queue-microtask
3534 silly ADD node_modules/supports-preserve-symlinks-flag
3535 silly ADD node_modules/path-parse
3536 silly ADD node_modules/node-exports-info
3537 silly ADD node_modules/scheduler
3538 silly ADD node_modules/react-is
3539 silly ADD node_modules/object-assign
3540 silly ADD node_modules/loose-envify
3541 silly ADD node_modules/nanoid
3542 silly ADD node_modules/callsites
3543 silly ADD node_modules/yocto-queue
3544 silly ADD node_modules/p-limit
3545 silly ADD node_modules/word-wrap
3546 silly ADD node_modules/fast-levenshtein
3547 silly ADD node_modules/deep-is
3548 silly ADD node_modules/tslib
3549 silly ADD node_modules/styled-jsx
3550 silly ADD node_modules/sharp
3551 silly ADD node_modules/sharp/node_modules/semver
3552 silly ADD node_modules/@swc/helpers
3553 silly ADD node_modules/@next/swc-darwin-arm64
3554 silly ADD node_modules/@next/env
3555 silly ADD node_modules/concat-map
3556 silly ADD node_modules/balanced-match
3557 silly ADD node_modules/brace-expansion
3558 silly ADD node_modules/to-regex-range
3559 silly ADD node_modules/fill-range
3560 silly ADD node_modules/picomatch
3561 silly ADD node_modules/braces
3562 silly ADD node_modules/yallist
3563 silly ADD node_modules/p-locate
3564 silly ADD node_modules/lightningcss-darwin-arm64
3565 silly ADD node_modules/detect-libc
3566 silly ADD node_modules/type-check
3567 silly ADD node_modules/prelude-ls
3568 silly ADD node_modules/language-subtag-registry
3569 silly ADD node_modules/json-buffer
3570 silly ADD node_modules/argparse
3571 silly ADD node_modules/set-function-name
3572 silly ADD node_modules/is-extglob
3573 silly ADD node_modules/side-channel
3574 silly ADD node_modules/resolve-from
3575 silly ADD node_modules/parent-module
3576 silly ADD node_modules/hermes-estree
3577 silly ADD node_modules/resolve-pkg-maps
3578 silly ADD node_modules/dunder-proto
3579 silly ADD node_modules/functions-have-names
3580 silly ADD node_modules/keyv
3581 silly ADD node_modules/flatted
3582 silly ADD node_modules/path-exists
3583 silly ADD node_modules/locate-path
3584 silly ADD node_modules/flat-cache
3585 silly ADD node_modules/reusify
3586 silly ADD node_modules/run-parallel
3587 silly ADD node_modules/fastq
3588 silly ADD node_modules/@nodelib/fs.scandir
3589 silly ADD node_modules/micromatch
3590 silly ADD node_modules/merge2
3591 silly ADD node_modules/@nodelib/fs.walk
3592 silly ADD node_modules/@nodelib/fs.stat
3593 silly ADD node_modules/acorn-jsx
3594 silly ADD node_modules/acorn
3595 silly ADD node_modules/esrecurse
3596 silly ADD node_modules/update-browserslist-db
3597 silly ADD node_modules/node-releases
3598 silly ADD node_modules/electron-to-chromium
3599 silly ADD node_modules/caniuse-lite
3600 silly ADD node_modules/baseline-browser-mapping
3601 silly ADD node_modules/@babel/helper-string-parser
3602 silly ADD node_modules/@babel/helper-globals
3603 silly ADD node_modules/@babel/helper-module-imports
3604 silly ADD node_modules/lru-cache
3605 silly ADD node_modules/browserslist
3606 silly ADD node_modules/@babel/helper-validator-option
3607 silly ADD node_modules/@babel/compat-data
3608 silly ADD node_modules/jsesc
3609 silly ADD node_modules/picocolors
3610 silly ADD node_modules/js-tokens
3611 silly ADD node_modules/@babel/helper-validator-identifier
3612 silly ADD node_modules/json5
3613 silly ADD node_modules/gensync
3614 silly ADD node_modules/convert-source-map
3615 silly ADD node_modules/@babel/types
3616 silly ADD node_modules/@babel/traverse
3617 silly ADD node_modules/@babel/template
3618 silly ADD node_modules/@babel/helpers
3619 silly ADD node_modules/@babel/helper-module-transforms
3620 silly ADD node_modules/@babel/helper-compilation-targets
3621 silly ADD node_modules/@babel/generator
3622 silly ADD node_modules/@babel/code-frame
3623 silly ADD node_modules/zod-validation-error
3624 silly ADD node_modules/zod
3625 silly ADD node_modules/hermes-parser
3626 silly ADD node_modules/@babel/parser
3627 silly ADD node_modules/@babel/core
3628 silly ADD node_modules/iterator.prototype
3629 silly ADD node_modules/string.prototype.repeat
3630 silly ADD node_modules/string.prototype.matchall
3631 silly ADD node_modules/prop-types
3632 silly ADD node_modules/object.entries
3633 silly ADD node_modules/estraverse
3634 silly ADD node_modules/es-iterator-helpers
3635 silly ADD node_modules/array.prototype.tosorted
3636 silly ADD node_modules/array.prototype.findlast
3637 silly ADD node_modules/string.prototype.includes
3638 silly ADD node_modules/language-tags
3639 silly ADD node_modules/jsx-ast-utils
3640 silly ADD node_modules/emoji-regex
3641 silly ADD node_modules/damerau-levenshtein
3642 silly ADD node_modules/axobject-query
3643 silly ADD node_modules/axe-core
3644 silly ADD node_modules/ast-types-flow
3645 silly ADD node_modules/aria-query
3646 silly ADD node_modules/is-symbol
3647 silly ADD node_modules/is-date-object
3648 silly ADD node_modules/has-tostringtag
3649 silly ADD node_modules/possible-typed-array-names
3650 silly ADD node_modules/which-typed-array
3651 silly ADD node_modules/unbox-primitive
3652 silly ADD node_modules/typed-array-length
3653 silly ADD node_modules/typed-array-byte-offset
3654 silly ADD node_modules/typed-array-byte-length
3655 silly ADD node_modules/typed-array-buffer
3656 silly ADD node_modules/string.prototype.trimstart
3657 silly ADD node_modules/string.prototype.trim
3658 silly ADD node_modules/stop-iteration-iterator
3659 silly ADD node_modules/set-proto
3660 silly ADD node_modules/safe-regex-test
3661 silly ADD node_modules/safe-push-apply
3662 silly ADD node_modules/safe-array-concat
3663 silly ADD node_modules/regexp.prototype.flags
3664 silly ADD node_modules/own-keys
3665 silly ADD node_modules/object.assign
3666 silly ADD node_modules/object-inspect
3667 silly ADD node_modules/is-weakref
3668 silly ADD node_modules/is-typed-array
3669 silly ADD node_modules/is-shared-array-buffer
3670 silly ADD node_modules/is-set
3671 silly ADD node_modules/is-regex
3672 silly ADD node_modules/is-negative-zero
3673 silly ADD node_modules/is-data-view
3674 silly ADD node_modules/is-callable
3675 silly ADD node_modules/is-array-buffer
3676 silly ADD node_modules/internal-slot
3677 silly ADD node_modules/has-symbols
3678 silly ADD node_modules/has-proto
3679 silly ADD node_modules/globalthis
3680 silly ADD node_modules/get-symbol-description
3681 silly ADD node_modules/get-proto
3682 silly ADD node_modules/function.prototype.name
3683 silly ADD node_modules/es-to-primitive
3684 silly ADD node_modules/es-set-tostringtag
3685 silly ADD node_modules/data-view-byte-offset
3686 silly ADD node_modules/data-view-byte-length
3687 silly ADD node_modules/data-view-buffer
3688 silly ADD node_modules/available-typed-arrays
3689 silly ADD node_modules/arraybuffer.prototype.slice
3690 silly ADD node_modules/array-buffer-byte-length
3691 silly ADD node_modules/gopd
3692 silly ADD node_modules/object-keys
3693 silly ADD node_modules/has-property-descriptors
3694 silly ADD node_modules/define-data-property
3695 silly ADD node_modules/function-bind
3696 silly ADD node_modules/set-function-length
3697 silly ADD node_modules/es-define-property
3698 silly ADD node_modules/call-bind-apply-helpers
3699 silly ADD node_modules/es-shim-unscopables
3700 silly ADD node_modules/es-errors
3701 silly ADD node_modules/math-intrinsics
3702 silly ADD node_modules/is-string
3703 silly ADD node_modules/get-intrinsic
3704 silly ADD node_modules/es-object-atoms
3705 silly ADD node_modules/es-abstract
3706 silly ADD node_modules/define-properties
3707 silly ADD node_modules/call-bound
3708 silly ADD node_modules/call-bind
3709 silly ADD node_modules/tsconfig-paths
3710 silly ADD node_modules/tsconfig-paths/node_modules/json5
3711 silly ADD node_modules/string.prototype.trimend
3712 silly ADD node_modules/semver
3713 silly ADD node_modules/object.values
3714 silly ADD node_modules/object.groupby
3715 silly ADD node_modules/object.fromentries
3716 silly ADD node_modules/hasown
3717 silly ADD node_modules/eslint-module-utils
3718 silly ADD node_modules/eslint-module-utils/node_modules/debug
3719 silly ADD node_modules/doctrine
3720 silly ADD node_modules/array.prototype.flatmap
3721 silly ADD node_modules/array.prototype.flat
3722 silly ADD node_modules/array.prototype.findlastindex
3723 silly ADD node_modules/array-includes
3724 silly ADD node_modules/@rtsao/scc
3725 silly ADD node_modules/unrs-resolver
3726 silly ADD node_modules/tinyglobby
3727 silly ADD node_modules/tinyglobby/node_modules/picomatch
3728 silly ADD node_modules/tinyglobby/node_modules/fdir
3729 silly ADD node_modules/stable-hash
3730 silly ADD node_modules/is-bun-module
3731 silly ADD node_modules/is-bun-module/node_modules/semver
3732 silly ADD node_modules/get-tsconfig
3733 silly ADD node_modules/@nolyfill/is-core-module
3734 silly ADD node_modules/resolve
3735 silly ADD node_modules/is-core-module
3736 silly ADD node_modules/fast-glob
3737 silly ADD node_modules/fast-glob/node_modules/glob-parent
3738 silly ADD node_modules/typescript-eslint
3739 silly ADD node_modules/eslint-plugin-react-hooks
3740 silly ADD node_modules/eslint-plugin-react
3741 silly ADD node_modules/eslint-plugin-jsx-a11y
3742 silly ADD node_modules/eslint-plugin-import
3743 silly ADD node_modules/eslint-plugin-import/node_modules/debug
3744 silly ADD node_modules/eslint-import-resolver-typescript
3745 silly ADD node_modules/eslint-import-resolver-node
3746 silly ADD node_modules/eslint-import-resolver-node/node_modules/debug
3747 silly ADD node_modules/@next/eslint-plugin-next
3748 silly ADD node_modules/ms
3749 silly ADD node_modules/which
3750 silly ADD node_modules/shebang-command
3751 silly ADD node_modules/path-key
3752 silly ADD node_modules/color-name
3753 silly ADD node_modules/color-convert
3754 silly ADD node_modules/supports-color
3755 silly ADD node_modules/ansi-styles
3756 silly ADD node_modules/uri-js
3757 silly ADD node_modules/json-schema-traverse
3758 silly ADD node_modules/fast-json-stable-stringify
3759 silly ADD node_modules/@humanfs/types
3760 silly ADD node_modules/@humanfs/core
3761 silly ADD node_modules/levn
3762 silly ADD node_modules/strip-json-comments
3763 silly ADD node_modules/js-yaml
3764 silly ADD node_modules/import-fresh
3765 silly ADD node_modules/globals
3766 silly ADD node_modules/@types/json-schema
3767 silly ADD node_modules/@eslint/object-schema
3768 silly ADD node_modules/optionator
3769 silly ADD node_modules/natural-compare
3770 silly ADD node_modules/minimatch
3771 silly ADD node_modules/lodash.merge
3772 silly ADD node_modules/json-stable-stringify-without-jsonify
3773 silly ADD node_modules/is-glob
3774 silly ADD node_modules/imurmurhash
3775 silly ADD node_modules/ignore
3776 silly ADD node_modules/glob-parent
3777 silly ADD node_modules/find-up
3778 silly ADD node_modules/file-entry-cache
3779 silly ADD node_modules/fast-deep-equal
3780 silly ADD node_modules/esutils
3781 silly ADD node_modules/esquery
3782 silly ADD node_modules/espree
3783 silly ADD node_modules/eslint-visitor-keys
3784 silly ADD node_modules/eslint-scope
3785 silly ADD node_modules/escape-string-regexp
3786 silly ADD node_modules/debug
3787 silly ADD node_modules/cross-spawn
3788 silly ADD node_modules/chalk
3789 silly ADD node_modules/ajv
3790 silly ADD node_modules/@types/estree
3791 silly ADD node_modules/@humanwhocodes/retry
3792 silly ADD node_modules/@humanwhocodes/module-importer
3793 silly ADD node_modules/@humanfs/node
3794 silly ADD node_modules/@eslint/plugin-kit
3795 silly ADD node_modules/@eslint/js
3796 silly ADD node_modules/@eslint/eslintrc
3797 silly ADD node_modules/@eslint/core
3798 silly ADD node_modules/@eslint/config-helpers
3799 silly ADD node_modules/@eslint/config-array
3800 silly ADD node_modules/@eslint-community/regexpp
3801 silly ADD node_modules/@eslint-community/eslint-utils
3802 silly ADD node_modules/@eslint-community/eslint-utils/node_modules/eslint-visitor-keys
3803 silly ADD node_modules/tapable
3804 silly ADD node_modules/graceful-fs
3805 silly ADD node_modules/csstype
3806 silly ADD node_modules/undici-types
3807 silly ADD node_modules/@tailwindcss/oxide-darwin-arm64
3808 silly ADD node_modules/@jridgewell/resolve-uri
3809 silly ADD node_modules/@jridgewell/sourcemap-codec
3810 silly ADD node_modules/@jridgewell/trace-mapping
3811 silly ADD node_modules/@jridgewell/gen-mapping
3812 silly ADD node_modules/source-map-js
3813 silly ADD node_modules/magic-string
3814 silly ADD node_modules/lightningcss
3815 silly ADD node_modules/jiti
3816 silly ADD node_modules/enhanced-resolve
3817 silly ADD node_modules/@jridgewell/remapping
3818 silly ADD node_modules/postcss
3819 silly ADD node_modules/@tailwindcss/oxide
3820 silly ADD node_modules/@tailwindcss/node
3821 silly ADD node_modules/@alloc/quick-lru
3822 silly ADD node_modules/typescript
3823 silly ADD node_modules/tailwindcss
3824 silly ADD node_modules/react-dom
3825 silly ADD node_modules/react
3826 silly ADD node_modules/next
3827 silly ADD node_modules/next/node_modules/postcss
3828 silly ADD node_modules/eslint-config-next
3829 silly ADD node_modules/eslint-config-next/node_modules/globals
3830 silly ADD node_modules/eslint
3831 silly ADD node_modules/@types/react-dom
3832 silly ADD node_modules/@types/react
3833 silly ADD node_modules/@types/node
3834 silly ADD node_modules/@tailwindcss/postcss
3835 verbose cwd /Users/huangtianzhu5746/parametric-earnings
3836 verbose os Darwin 25.3.0
3837 verbose node v24.13.0
3838 verbose npm  v11.6.2
3839 notice
3839 notice New minor version of npm available! 11.6.2 -> 11.13.0
3839 notice Changelog: https://github.com/npm/cli/releases/tag/v11.13.0
3839 notice To update run: npm install -g npm@11.13.0
3839 notice  { force: true, Symbol(proc-log.meta): true }
3840 verbose exit 0
3841 info ok
